audio_id,filename,filepath,sound_category,class_label,duration_seconds,sample_rate,num_channels,bit_depth,file_size_bytes,file_format,recording_environment,recording_device,approx_source_distance,original_or_augmented,dataset_split,upload_date,sha256_hash,severity,is_critical
SS-00001,aggression_0001.wav,audio data/aggression/aggression_0001.wav,aggression,Aggression,3.0,16000,1,PCM_16,96044,WAV,indoor/outdoor,digital microphone / synthetic,1-5m,original,train,2026-09-27 12:06:14,4a893dd8f85d0924a7f6658acc71e5ea120cbeb8a3466605e51ab39e612d5d7d,high,False
SS-00002,aggression_0002.wav,audio data/aggression/aggression_0002.wav,aggression,Aggression,3.0,16000,1,PCM_16,96044,WAV,indoor/outdoor,digital microphone / synthetic,1-5m,original,train,2026-09-27 12:06:14,0e0781584ae63bbc62924fc5c520effeec3723abced01332d9122b71041afb15,high,False
SS-00003,aggression_0003.wav,audio data/aggression/aggression_0003.wav,aggression,Aggression,3.0,16000,1,PCM_16,96044,WAV,indoor/outdoor,digital microphone / synthetic,1-5m,original,train,2026-09-27 12:06:14,aef8baeaff18b4fae5aa9edfc0118f29c243fb22c868ee59901c5f7ca1b6a898,high,False
SS-00004,aggression_0004.wav,audio data/aggression/aggression_0004.wav,aggression,Aggression,3.0,16000,1,PCM_16,96044,WAV,indoor/outdoor,digital microphone / synthetic,1-5m,original,test,2026-09-27 12:06:14,85eabf38d8847e8027f25a434c0f495ac437dc558b0e96f5abd6e3f25adf8b3a,high,False
SS-00005,aggression_0005.wav,audio data/aggression/aggression_0005.wav,aggression,Aggression,3.0,16000,1,PCM_16,96044,WAV,indoor/outdoor,digital microphone / synthetic,1-5m,original,train,2026-09-27 12:06:14,3b8f6fdd248b8ec5a0f5a7600cb38598ae328895ea519f8bb30ab56587f63be0,high,False
SS-00006,aggression_0006.wav,audio data/aggression/aggression_0006.wav,aggression,Aggression,3.0,16000,1,PCM_16,96044,WAV,indoor/outdoor,digital microphone / synthetic,1-5m,original,train,2026-09-27 12:06:14,642e81f231c8e53df7ee13555a010eac5ade69f5a84051069c581bd6c71f0c65,high,False
SS-00007,aggression_0007.wav,audio data/aggression/aggression_0007.wav,aggression,Aggression,3.0,16000,1,PCM_16,96044,WAV,indoor/outdoor,digital microphone / synthetic,1-5m,original,train,2026-09-27 12:06:14,3f3417425995ec96c642d7e7050e168a33ee4cf0bc131eefa45301c054277f6b,high,False
SS-00008,aggression_0008.wav,audio data/aggression/aggression_0008.wav,aggression,Aggression,3.0,16000,1,PCM_16,96044,WAV,indoor/outdoor,digital microphone / synthetic,1-5m,original,train,2026-09-27 12:06:14,00a7ca676b29d494ca6781d15084ce0fa7e63edd276610d61b1517edd77cf9cd,high,False
SS-00009,aggression_0009.wav,audio data/aggression/aggression_0009.wav,aggression,Aggression,3.0,16000,1,PCM_16,96044,WAV,indoor/outdoor,digital microphone / synthetic,1-5m,original,train,2026-09-27 12:06:14,11f9188c2f02484d5778ce3c4e203feb332f6a2a9281729d2b866410272767ea,high,False
SS-00010,aggression_0010.wav,audio data/aggression/aggression_0010.wav,aggression,Aggression,3.0,16000,1,PCM_16,96044,WAV,indoor/outdoor,digital microphone / synthetic,1-5m,original,train,2026-09-27 12:06:14,3bccb56d1031aaec3fb9bd4c8ada70d5b4aa1d7d6a8612dfde299fc2c75c3b2c,high,False
SS-00011,aggression_0011.wav,audio data/aggression/aggression_0011.wav,aggression,Aggression,3.0,16000,1,PCM_16,96044,WAV,indoor/outdoor,digital microphone / synthetic,1-5m,original,train,2026-09-27 12:06:14,1a0e8e9d82dce4ab5f26c6d0b0289bab6b275134ea54db4a465bbd104f8b37c0,high,False
SS-00012,aggression_0012.wav,audio data/aggression/aggression_0012.wav,aggression,Aggression,3.0,16000,1,PCM_16,96044,WAV,indoor/outdoor,digital microphone / synthetic,1-5m,original,validation,2026-09-27 12:06:14,f346d9ad20f40a41909100dcc2fc227236e52d5fa73f76289a74739999095140,high,False
SS-00013,aggression_0013.wav,audio data/aggression/aggression_0013.wav,aggression,Aggression,3.0,16000,1,PCM_16,96044,WAV,indoor/outdoor,digital microphone / synthetic,1-5m,original,test,2026-09-27 12:06:14,b32cb7642c82b401540456b45fe04cd780bd5daec6687a85bdcfb0960a04d284,high,False
SS-00014,aggression_0014.wav,audio data/aggression/aggression_0014.wav,aggression,Aggression,3.0,16000,1,PCM_16,96044,WAV,indoor/outdoor,digital microphone / synthetic,1-5m,original,test,2026-09-27 12:06:14,1f4d883009a84fd15e3ca21ba58aa5143d4fbed5f4bce8326b7f278589c679bc,high,False
SS-00015,aggression_0015.wav,audio data/aggression/aggression_0015.wav,aggression,Aggression,3.0,16000,1,PCM_16,96044,WAV,indoor/outdoor,digital microphone / synthetic,1-5m,original,train,2026-09-27 12:06:14,4bebdaf08bb3bacc3a5357cd47603682b0a09f7e8b375b30985b83f3198fcdfa,high,False
SS-00016,aggression_0016.wav,audio data/aggression/aggression_0016.wav,aggression,Aggression,3.0,16000,1,PCM_16,96044,WAV,indoor/outdoor,digital microphone / synthetic,1-5m,original,test,2026-09-27 12:06:14,b5895091e79d3e342e70cd861000962b97092b5ce9a3b7e4225d0bed56996cd4,high,False
SS-00017,aggression_0017.wav,audio data/aggression/aggression_0017.wav,aggression,Aggression,3.0,16000,1,PCM_16,96044,WAV,indoor/outdoor,digital microphone / synthetic,1-5m,original,test,2026-09-27 12:06:14,83bc2fc35fd1194b4547ef0681e5ac031981fd92466031247c0571f0665b0fb4,high,False
SS-00018,aggression_0018.wav,audio data/aggression/aggression_0018.wav,aggression,Aggression,3.0,16000,1,PCM_16,96044,WAV,indoor/outdoor,digital microphone / synthetic,1-5m,original,validation,2026-09-27 12:06:14,19c0d6f4e7b4957715b1bfbe682526654249ac54a3597498f611c2913fe8f750,high,False
SS-00019,aggression_0019.wav,audio data/aggression/aggression_0019.wav,aggression,Aggression,3.0,16000,1,PCM_16,96044,WAV,indoor/outdoor,digital microphone / synthetic,1-5m,original,validation,2026-09-27 12:06:14,68597fb7227d6793e1549780499aa715db02cee2a7f252aa257ec59c09416d85,high,False
SS-00020,aggression_0020.wav,audio data/aggression/aggression_0020.wav,aggression,Aggression,3.0,16000,1,PCM_16,96044,WAV,indoor/outdoor,digital microphone / synthetic,1-5m,original,train,2026-09-27 12:06:14,66dc84fbe2ea0e68dd006a22c82e1f253559988d9ace88f74f444a34786fe556,high,False
SS-00021,aggression_0021.wav,audio data/aggression/aggression_0021.wav,aggression,Aggression,3.0,16000,1,PCM_16,96044,WAV,indoor/outdoor,digital microphone / synthetic,1-5m,original,validation,2026-09-27 12:06:14,061ae36f961473913ef014c0edd353b7926cc0dc7dc8f92968dea6fffae79610,high,False
SS-00022,aggression_0022.wav,audio data/aggression/aggression_0022.wav,aggression,Aggression,3.0,16000,1,PCM_16,96044,WAV,indoor/outdoor,digital microphone / synthetic,1-5m,original,train,2026-09-27 12:06:14,566c85ac8b19aaab22442b9957953e374f26561c82eab71184745faf8c5060c6,high,False
SS-00023,aggression_0023.wav,audio data/aggression/aggression_0023.wav,aggression,Aggression,3.0,16000,1,PCM_16,96044,WAV,indoor/outdoor,digital microphone / synthetic,1-5m,original,test,2026-09-27 12:06:14,8ba43ac70e76cca11e1ec74a97cbc075f0d5f7ea116c86cbb54be30fdae76dc8,high,False
SS-00024,aggression_0024.wav,audio data/aggression/aggression_0024.wav,aggression,Aggression,3.0,16000,1,PCM_16,96044,WAV,indoor/outdoor,digital microphone / synthetic,1-5m,original,train,2026-09-27 12:06:14,84de2e28ec2d871b13fa99ad10623eb576b839e526e2e4eeca64c858624a4ffb,high,False
SS-00025,aggression_0025.wav,audio data/aggression/aggression_0025.wav,aggression,Aggression,3.0,16000,1,PCM_16,96044,WAV,indoor/outdoor,digital microphone / synthetic,1-5m,original,train,2026-09-27 12:06:14,f2a73b0cd6e25e3d886b7624aa57e32ab78d751a6536006675630e94d7549d8f,high,False
SS-00026,aggression_0026.wav,audio data/aggression/aggression_0026.wav,aggression,Aggression,3.0,16000,1,PCM_16,96044,WAV,indoor/outdoor,digital microphone / synthetic,1-5m,original,validation,2026-09-27 12:06:14,1eeff78afd03ade3145a59c294b37ec4f1a12232da9c011ca5c9546b6a6b6ad7,high,False
SS-00027,aggression_0027.wav,audio data/aggression/aggression_0027.wav,aggression,Aggression,3.0,16000,1,PCM_16,96044,WAV,indoor/outdoor,digital microphone / synthetic,1-5m,original,train,2026-09-27 12:06:14,a3b601693bff5e09b71d7422abd9c58c0058ffd62c3603c09d0a5a8f11d23a84,high,False
SS-00028,aggression_0028.wav,audio data/aggression/aggression_0028.wav,aggression,Aggression,3.0,16000,1,PCM_16,96044,WAV,indoor/outdoor,digital microphone / synthetic,1-5m,original,train,2026-09-27 12:06:14,54878c2af998f62ed8800da8449f68b83d831efe71b2eb595aa97f09739d3314,high,False
SS-00029,aggression_0029.wav,audio data/aggression/aggression_0029.wav,aggression,Aggression,3.0,16000,1,PCM_16,96044,WAV,indoor/outdoor,digital microphone / synthetic,1-5m,original,train,2026-09-27 12:06:14,70b76962d2b292a081281728cd9de39254bffb6cc2203ec48fa1470e421ee599,high,False
SS-00030,aggression_0030.wav,audio data/aggression/aggression_0030.wav,aggression,Aggression,3.0,16000,1,PCM_16,96044,WAV,indoor/outdoor,digital microphone / synthetic,1-5m,original,train,2026-09-27 12:06:14,2e47eff8f8b382cae526ccadb120e0ed44168cba5cc5657236adac1ea8cf46d9,high,False
SS-00031,aggression_0031.wav,audio data/aggression/aggression_0031.wav,aggression,Aggression,3.0,16000,1,PCM_16,96044,WAV,indoor/outdoor,digital microphone / synthetic,1-5m,original,train,2026-09-27 12:06:14,67926159acfc54a326a1b83c88c6313160602c2524a1b0703b26eb02617e7fa2,high,False
SS-00032,aggression_0032.wav,audio data/aggression/aggression_0032.wav,aggression,Aggression,3.0,16000,1,PCM_16,96044,WAV,indoor/outdoor,digital microphone / synthetic,1-5m,original,train,2026-09-27 12:06:14,236447ec564f3c3575442e5125c7e1b98f97800dc6ed564ba21875cf9240d0ca,high,False
SS-00033,aggression_0033.wav,audio data/aggression/aggression_0033.wav,aggression,Aggression,3.0,16000,1,PCM_16,96044,WAV,indoor/outdoor,digital microphone / synthetic,1-5m,original,train,2026-09-27 12:06:14,aadd68bfed5ef4af368b3d9fe24f5e4081434541dfe05a15f34a0db7df57cc9a,high,False
SS-00034,aggression_0034.wav,audio data/aggression/aggression_0034.wav,aggression,Aggression,3.0,16000,1,PCM_16,96044,WAV,indoor/outdoor,digital microphone / synthetic,1-5m,original,train,2026-09-27 12:06:14,446cd99edd336769f2d55a4b03a02944d7bcb546afd6992fd0f90179ccc25499,high,False
SS-00035,aggression_0035.wav,audio data/aggression/aggression_0035.wav,aggression,Aggression,3.0,16000,1,PCM_16,96044,WAV,indoor/outdoor,digital microphone / synthetic,1-5m,original,train,2026-09-27 12:06:14,ea7b0c691379f195b6c992a14e19745ec04673c33c0f46434b815e6264d73ee1,high,False
SS-00036,aggression_0036.wav,audio data/aggression/aggression_0036.wav,aggression,Aggression,3.0,16000,1,PCM_16,96044,WAV,indoor/outdoor,digital microphone / synthetic,1-5m,original,train,2026-09-27 12:06:14,3bde18976997bb216b71e7126888c648acc5ef87d5298e6bd5be3e114ff6589c,high,False
SS-00037,aggression_0037.wav,audio data/aggression/aggression_0037.wav,aggression,Aggression,3.0,16000,1,PCM_16,96044,WAV,indoor/outdoor,digital microphone / synthetic,1-5m,original,train,2026-09-27 12:06:14,fad3b49311d389010f585ae2ea8da656956f153b3c26823a3d8a96e5f7315fca,high,False
SS-00038,aggression_0038.wav,audio data/aggression/aggression_0038.wav,aggression,Aggression,3.0,16000,1,PCM_16,96044,WAV,indoor/outdoor,digital microphone / synthetic,1-5m,original,train,2026-09-27 12:06:14,453b8466caf6ce7ad52a47f4d446f38a976248d79ead201dd58119b6d21587e5,high,False
SS-00039,aggression_0039.wav,audio data/aggression/aggression_0039.wav,aggression,Aggression,3.0,16000,1,PCM_16,96044,WAV,indoor/outdoor,digital microphone / synthetic,1-5m,original,train,2026-09-27 12:06:14,69b55ae1d43413613fb4eff3d7586f4254863faef644a4f222968115c0861cc4,high,False
SS-00040,aggression_0040.wav,audio data/aggression/aggression_0040.wav,aggression,Aggression,3.0,16000,1,PCM_16,96044,WAV,indoor/outdoor,digital microphone / synthetic,1-5m,original,train,2026-09-27 12:06:14,dc37cc7f2bf87024d04adf3272d8cffcc43d84cd88f4fd4e1f6c72346b92589c,high,False
SS-00041,aggression_0041.wav,audio data/aggression/aggression_0041.wav,aggression,Aggression,3.0,16000,1,PCM_16,96044,WAV,indoor/outdoor,digital microphone / synthetic,1-5m,original,test,2026-09-27 12:06:14,27e0eff6c446954da4fb3f8ec134911fd184d97eddf85c814f9fca7b9058286d,high,False
SS-00042,aggression_0042.wav,audio data/aggression/aggression_0042.wav,aggression,Aggression,3.0,16000,1,PCM_16,96044,WAV,indoor/outdoor,digital microphone / synthetic,1-5m,original,validation,2026-09-27 12:06:14,5c5d01c9af21b4ac27fcfd8829ce98bb21fd8995e521830f9b9d188b8f9ec289,high,False
SS-00043,aggression_0043.wav,audio data/aggression/aggression_0043.wav,aggression,Aggression,3.0,16000,1,PCM_16,96044,WAV,indoor/outdoor,digital microphone / synthetic,1-5m,original,train,2026-09-27 12:06:14,387aa2e83f382018083e4291f0835bec82d270902c6724ae3e92e4582a07284a,high,False
SS-00044,aggression_0044.wav,audio data/aggression/aggression_0044.wav,aggression,Aggression,3.0,16000,1,PCM_16,96044,WAV,indoor/outdoor,digital microphone / synthetic,1-5m,original,validation,2026-09-27 12:06:14,f3084a7fbac1c31f102a1b6c70961dcb4aa90fe190dc9f683d56aab1d8cc55a7,high,False
SS-00045,aggression_0045.wav,audio data/aggression/aggression_0045.wav,aggression,Aggression,3.0,16000,1,PCM_16,96044,WAV,indoor/outdoor,digital microphone / synthetic,1-5m,original,test,2026-09-27 12:06:14,4c6531056587201d4d2d120a2a947981f827aa31c7ae974a340468ed997ca98b,high,False
SS-00046,aggression_0046.wav,audio data/aggression/aggression_0046.wav,aggression,Aggression,3.0,16000,1,PCM_16,96044,WAV,indoor/outdoor,digital microphone / synthetic,1-5m,original,train,2026-09-27 12:06:14,24d97e75a9e2c841b44c7d364e2e78b420b5557278885c57552a58b9247bf61e,high,False
SS-00047,aggression_0047.wav,audio data/aggression/aggression_0047.wav,aggression,Aggression,3.0,16000,1,PCM_16,96044,WAV,indoor/outdoor,digital microphone / synthetic,1-5m,original,train,2026-09-27 12:06:14,0ccda8a7858a22861ee2ec7a1f960637496b376fb5ce3fdc72661455cd6ac59c,high,False
SS-00048,aggression_0048.wav,audio data/aggression/aggression_0048.wav,aggression,Aggression,3.0,16000,1,PCM_16,96044,WAV,indoor/outdoor,digital microphone / synthetic,1-5m,original,test,2026-09-27 12:06:14,bb4b2bd9e392b4e2f29e4b5d6f82e399393e52ed5035cf72d3172661184b24cb,high,False
SS-00049,aggression_0049.wav,audio data/aggression/aggression_0049.wav,aggression,Aggression,3.0,16000,1,PCM_16,96044,WAV,indoor/outdoor,digital microphone / synthetic,1-5m,original,train,2026-09-27 12:06:14,d7403d311ff93ba5465854393aa5f3427159a4b3850f962576b67f388226cf51,high,False
SS-00050,aggression_0050.wav,audio data/aggression/aggression_0050.wav,aggression,Aggression,3.0,16000,1,PCM_16,96044,WAV,indoor/outdoor,digital microphone / synthetic,1-5m,original,test,2026-09-27 12:06:14,3a392b9e7a593cd3277f2da1fbff33fb987cc2564d83c2d6ee2bf3fb0d1d7186,high,False
SS-00051,aggression_0051.wav,audio data/aggression/aggression_0051.wav,aggression,Aggression,3.0,16000,1,PCM_16,96044,WAV,indoor/outdoor,digital microphone / synthetic,1-5m,original,train,2026-09-27 12:06:14,ae701747ef2942c964b11dabb63ed25eba14e44a19f7bdb6f1dcd9b024fd7b32,high,False
SS-00052,aggression_0052.wav,audio data/aggression/aggression_0052.wav,aggression,Aggression,3.0,16000,1,PCM_16,96044,WAV,indoor/outdoor,digital microphone / synthetic,1-5m,original,train,2026-09-27 12:06:14,75edd1270c1974ff41ce7a164fb2e54e9c77c3e77d83a395c57511cab485c623,high,False
SS-00053,aggression_0053.wav,audio data/aggression/aggression_0053.wav,aggression,Aggression,3.0,16000,1,PCM_16,96044,WAV,indoor/outdoor,digital microphone / synthetic,1-5m,original,test,2026-09-27 12:06:14,18bff33bff66ea47bb297d20ed739d1b784e0edb276abecba3c7b0adec3d282a,high,False
SS-00054,aggression_0054.wav,audio data/aggression/aggression_0054.wav,aggression,Aggression,3.0,16000,1,PCM_16,96044,WAV,indoor/outdoor,digital microphone / synthetic,1-5m,original,validation,2026-09-27 12:06:14,4c864d0b173d19540dee6e2766547175e7713c9840550bcb35db91b20758d807,high,False
SS-00055,aggression_0055.wav,audio data/aggression/aggression_0055.wav,aggression,Aggression,3.0,16000,1,PCM_16,96044,WAV,indoor/outdoor,digital microphone / synthetic,1-5m,original,train,2026-09-27 12:06:14,43a0c332376d6977f9daa71f104bdf619dbe0d1a5c119abf9281c7cd45743826,high,False
SS-00056,aggression_0056.wav,audio data/aggression/aggression_0056.wav,aggression,Aggression,3.0,16000,1,PCM_16,96044,WAV,indoor/outdoor,digital microphone / synthetic,1-5m,original,train,2026-09-27 12:06:14,338d7aefc2f1057440c99ccf565580e7468599722e6582cb033abca2ba097533,high,False
SS-00057,aggression_0057.wav,audio data/aggression/aggression_0057.wav,aggression,Aggression,3.0,16000,1,PCM_16,96044,WAV,indoor/outdoor,digital microphone / synthetic,1-5m,original,validation,2026-09-27 12:06:14,639fc0691de4d40c752ef07a45145e63105a8ef302647139ea51b007843e2a48,high,False
SS-00058,aggression_0058.wav,audio data/aggression/aggression_0058.wav,aggression,Aggression,3.0,16000,1,PCM_16,96044,WAV,indoor/outdoor,digital microphone / synthetic,1-5m,original,test,2026-09-27 12:06:14,bb0d1926c1d4e49f8f01e2206fead86ebae42e2117fbea7c1f9159fde28e6dec,high,False
SS-00059,aggression_0059.wav,audio data/aggression/aggression_0059.wav,aggression,Aggression,3.0,16000,1,PCM_16,96044,WAV,indoor/outdoor,digital microphone / synthetic,1-5m,original,validation,2026-09-27 12:06:14,b8e3b096c825f6de32688f7a6cbe2c127399d6b5f1b50462708587ab25f84a42,high,False
SS-00060,aggression_0060.wav,audio data/aggression/aggression_0060.wav,aggression,Aggression,3.0,16000,1,PCM_16,96044,WAV,indoor/outdoor,digital microphone / synthetic,1-5m,original,validation,2026-09-27 12:06:14,e9af52bb6f7c8bf530622cca8160d47b57a38621df44d54431bcbc8406dd07fb,high,False
SS-00061,aggression_0061.wav,audio data/aggression/aggression_0061.wav,aggression,Aggression,3.0,16000,1,PCM_16,96044,WAV,indoor/outdoor,digital microphone / synthetic,1-5m,original,train,2026-09-27 12:06:14,ff83ce1725c89632b7fc14376f2dac40076b2bdd366224ac285efcac553576b8,high,False
SS-00062,aggression_0062.wav,audio data/aggression/aggression_0062.wav,aggression,Aggression,3.0,16000,1,PCM_16,96044,WAV,indoor/outdoor,digital microphone / synthetic,1-5m,original,train,2026-09-27 12:06:14,75c8ace45e0a8f1478ad5477ed584ab04f207d14c5e2469aa1401bf79254281c,high,False
SS-00063,aggression_0063.wav,audio data/aggression/aggression_0063.wav,aggression,Aggression,3.0,16000,1,PCM_16,96044,WAV,indoor/outdoor,digital microphone / synthetic,1-5m,original,validation,2026-09-27 12:06:14,d641ffb193721e2876f2d62267b8244f577e54651f805f87fe3f2fb713c57ab1,high,False
SS-00064,aggression_0064.wav,audio data/aggression/aggression_0064.wav,aggression,Aggression,3.0,16000,1,PCM_16,96044,WAV,indoor/outdoor,digital microphone / synthetic,1-5m,original,test,2026-09-27 12:06:14,5a344e89915aa4d29876dfefbdb6c1500de13c7bd5b2d083964a67d37ac2ce12,high,False
SS-00065,aggression_0065.wav,audio data/aggression/aggression_0065.wav,aggression,Aggression,3.0,16000,1,PCM_16,96044,WAV,indoor/outdoor,digital microphone / synthetic,1-5m,original,train,2026-09-27 12:06:14,4023a2086c991f9edf0b28dbf41f840bd64f077bbd1cce83f4c35e4810cd8b71,high,False
SS-00066,aggression_0066.wav,audio data/aggression/aggression_0066.wav,aggression,Aggression,3.0,16000,1,PCM_16,96044,WAV,indoor/outdoor,digital microphone / synthetic,1-5m,original,train,2026-09-27 12:06:14,3e7e0cf65f61b3c2df8ba621154ef769fa309f53cad38920c1919ccf6376a27e,high,False
SS-00067,aggression_0067.wav,audio data/aggression/aggression_0067.wav,aggression,Aggression,3.0,16000,1,PCM_16,96044,WAV,indoor/outdoor,digital microphone / synthetic,1-5m,original,train,2026-09-27 12:06:14,2443b4d36cf1e12c724603b41bf4ea20f67e53ac03d92e7f3eb49485bb56cf31,high,False
SS-00068,aggression_0068.wav,audio data/aggression/aggression_0068.wav,aggression,Aggression,3.0,16000,1,PCM_16,96044,WAV,indoor/outdoor,digital microphone / synthetic,1-5m,original,train,2026-09-27 12:06:14,7a1385d317e7f7610c4117362628282236dc0fa332c6e4304ca53505b1f292ae,high,False
SS-00069,aggression_0069.wav,audio data/aggression/aggression_0069.wav,aggression,Aggression,3.0,16000,1,PCM_16,96044,WAV,indoor/outdoor,digital microphone / synthetic,1-5m,original,validation,2026-09-27 12:06:14,668598ba90b7b12c8f799acf767169d590bd71b15c6266784ff41ce68930fc35,high,False
SS-00070,aggression_0070.wav,audio data/aggression/aggression_0070.wav,aggression,Aggression,3.0,16000,1,PCM_16,96044,WAV,indoor/outdoor,digital microphone / synthetic,1-5m,original,validation,2026-09-27 12:06:14,bc8a72fa1a7daa1438e4a527088bf8392121e47ddda448adac9c01341036f79e,high,False
SS-00071,aggression_0071.wav,audio data/aggression/aggression_0071.wav,aggression,Aggression,3.0,16000,1,PCM_16,96044,WAV,indoor/outdoor,digital microphone / synthetic,1-5m,original,train,2026-09-27 12:06:14,ac1803fd25b41ade43d90e7c8213a4c09f2fa89d64fa65bdba1d522a2a60fbbf,high,False
SS-00072,aggression_0072.wav,audio data/aggression/aggression_0072.wav,aggression,Aggression,3.0,16000,1,PCM_16,96044,WAV,indoor/outdoor,digital microphone / synthetic,1-5m,original,test,2026-09-27 12:06:14,f40d079359727bd240a78954f109ae54175c4de47438bbc5aae53653c984095d,high,False
SS-00073,aggression_0073.wav,audio data/aggression/aggression_0073.wav,aggression,Aggression,3.0,16000,1,PCM_16,96044,WAV,indoor/outdoor,digital microphone / synthetic,1-5m,original,train,2026-09-27 12:06:14,f48d96204b786ea9d3faac4b4094803074539788f9de8889b6c5f1de84ff758f,high,False
SS-00074,aggression_0074.wav,audio data/aggression/aggression_0074.wav,aggression,Aggression,3.0,16000,1,PCM_16,96044,WAV,indoor/outdoor,digital microphone / synthetic,1-5m,original,train,2026-09-27 12:06:14,7a02c254b37d3f9fd1fc0d8b7163ab67cb790c089f23145943a24d82a5e83f00,high,False
SS-00075,aggression_0075.wav,audio data/aggression/aggression_0075.wav,aggression,Aggression,3.0,16000,1,PCM_16,96044,WAV,indoor/outdoor,digital microphone / synthetic,1-5m,original,validation,2026-09-27 12:06:14,b7777979e037d3c7f188aae5a15e753de0405d72780f2f6e593f2faf90f87e10,high,False
SS-00076,aggression_0076.wav,audio data/aggression/aggression_0076.wav,aggression,Aggression,3.0,16000,1,PCM_16,96044,WAV,indoor/outdoor,digital microphone / synthetic,1-5m,original,train,2026-09-27 12:06:14,0b00cc58e5e251cd8b84b1e78362d142a265a646c0c3816705ea02da90079518,high,False
SS-00077,aggression_0077.wav,audio data/aggression/aggression_0077.wav,aggression,Aggression,3.0,16000,1,PCM_16,96044,WAV,indoor/outdoor,digital microphone / synthetic,1-5m,original,train,2026-09-27 12:06:14,aba1f6fc74cb6b19561b47b65b63270a293a7027179db2e210bc2baa544d0664,high,False
SS-00078,aggression_0078.wav,audio data/aggression/aggression_0078.wav,aggression,Aggression,3.0,16000,1,PCM_16,96044,WAV,indoor/outdoor,digital microphone / synthetic,1-5m,original,train,2026-09-27 12:06:14,f23b15c7cdd8330ab8cd9f81d115660840f80ad4e650927d4b6ae524b1bc453a,high,False
SS-00079,aggression_0079.wav,audio data/aggression/aggression_0079.wav,aggression,Aggression,3.0,16000,1,PCM_16,96044,WAV,indoor/outdoor,digital microphone / synthetic,1-5m,original,train,2026-09-27 12:06:14,a57795c5e742b5ca45db4adc5e4977d63a38bdd4e3588cfefa57b61daef341ac,high,False
SS-00080,aggression_0080.wav,audio data/aggression/aggression_0080.wav,aggression,Aggression,3.0,16000,1,PCM_16,96044,WAV,indoor/outdoor,digital microphone / synthetic,1-5m,original,test,2026-09-27 12:06:14,605bf70114fd305275c7468655e298eeec7149cb2b138722bf7ee186421b3afc,high,False
SS-00081,aggression_0081.wav,audio data/aggression/aggression_0081.wav,aggression,Aggression,3.0,16000,1,PCM_16,96044,WAV,indoor/outdoor,digital microphone / synthetic,1-5m,original,train,2026-09-27 12:06:14,e7c2e3fca537ea6851fba0eb512baf80a8fb2d5957db8c0f4dd8c0b4f053b380,high,False
SS-00082,aggression_0082.wav,audio data/aggression/aggression_0082.wav,aggression,Aggression,3.0,16000,1,PCM_16,96044,WAV,indoor/outdoor,digital microphone / synthetic,1-5m,original,test,2026-09-27 12:06:14,ccf7343d929b118459fc367c307dce7e233360e8dde48f038221176fef200e58,high,False
SS-00083,aggression_0083.wav,audio data/aggression/aggression_0083.wav,aggression,Aggression,3.0,16000,1,PCM_16,96044,WAV,indoor/outdoor,digital microphone / synthetic,1-5m,original,train,2026-09-27 12:06:14,c9a3a179e91974c219401ed7a9c1dc79ab5ad0e9ba64032b587ba96ac78c08c4,high,False
SS-00084,aggression_0084.wav,audio data/aggression/aggression_0084.wav,aggression,Aggression,3.0,16000,1,PCM_16,96044,WAV,indoor/outdoor,digital microphone / synthetic,1-5m,original,train,2026-09-27 12:06:14,10eddc55134ce16f793b142e98b54128e60bfeee557bb7ac743d0582c50fda2f,high,False
SS-00085,aggression_0085.wav,audio data/aggression/aggression_0085.wav,aggression,Aggression,3.0,16000,1,PCM_16,96044,WAV,indoor/outdoor,digital microphone / synthetic,1-5m,original,train,2026-09-27 12:06:14,f8221bcc24ff09d28a6fb7ca40e55056460b17e7918154205445a0bbce5bc627,high,False
SS-00086,aggression_0086.wav,audio data/aggression/aggression_0086.wav,aggression,Aggression,3.0,16000,1,PCM_16,96044,WAV,indoor/outdoor,digital microphone / synthetic,1-5m,original,train,2026-09-27 12:06:14,61189238229a3165d6c4c666be84137f39af21f2236ae457a56c1fe0e3bc0e30,high,False
SS-00087,aggression_0087.wav,audio data/aggression/aggression_0087.wav,aggression,Aggression,3.0,16000,1,PCM_16,96044,WAV,indoor/outdoor,digital microphone / synthetic,1-5m,original,train,2026-09-27 12:06:14,3d30c520798669108ca6bb645765ff14c55aa4d02466162ed27af50e7e21a24d,high,False
SS-00088,aggression_0088.wav,audio data/aggression/aggression_0088.wav,aggression,Aggression,3.0,16000,1,PCM_16,96044,WAV,indoor/outdoor,digital microphone / synthetic,1-5m,original,train,2026-09-27 12:06:14,ec6c0383a3914aed4a216af0a85c5664bc3b506d4ee1474aefc629e7da8b0e21,high,False
SS-00089,aggression_0089.wav,audio data/aggression/aggression_0089.wav,aggression,Aggression,3.0,16000,1,PCM_16,96044,WAV,indoor/outdoor,digital microphone / synthetic,1-5m,original,train,2026-09-27 12:06:14,33cfdfb435111c2462abc68a354711646845bf0b351b254773989e111e5b3617,high,False
SS-00090,aggression_0090.wav,audio data/aggression/aggression_0090.wav,aggression,Aggression,3.0,16000,1,PCM_16,96044,WAV,indoor/outdoor,digital microphone / synthetic,1-5m,original,train,2026-09-27 12:06:14,2ccb1832be442ee0c06821bb0546d87e8b796addba17d221a2b53a89ca975a06,high,False
SS-00091,aggression_0091.wav,audio data/aggression/aggression_0091.wav,aggression,Aggression,3.0,16000,1,PCM_16,96044,WAV,indoor/outdoor,digital microphone / synthetic,1-5m,original,validation,2026-09-27 12:06:14,4248de1195defae1c618892878f30cf194803a3996afcac6ffb4fc7363a5d9dd,high,False
SS-00092,aggression_0092.wav,audio data/aggression/aggression_0092.wav,aggression,Aggression,3.0,16000,1,PCM_16,96044,WAV,indoor/outdoor,digital microphone / synthetic,1-5m,original,train,2026-09-27 12:06:14,f85b1cba4afabaa251797f29e5e2b798f82c77b8cf7c1d92d2502cc1cfe82c36,high,False
SS-00093,aggression_0093.wav,audio data/aggression/aggression_0093.wav,aggression,Aggression,3.0,16000,1,PCM_16,96044,WAV,indoor/outdoor,digital microphone / synthetic,1-5m,original,train,2026-09-27 12:06:14,5895179b0b3e872cf18d1b2cc759717affa8b5271fef39f21efb6280b99c86e3,high,False
SS-00094,aggression_0094.wav,audio data/aggression/aggression_0094.wav,aggression,Aggression,3.0,16000,1,PCM_16,96044,WAV,indoor/outdoor,digital microphone / synthetic,1-5m,original,validation,2026-09-27 12:06:14,42308a62f2682ff23d4eb462e6819c5b5ab6e4236d27b25b9c940ea310997e32,high,False
SS-00095,aggression_0095.wav,audio data/aggression/aggression_0095.wav,aggression,Aggression,3.0,16000,1,PCM_16,96044,WAV,indoor/outdoor,digital microphone / synthetic,1-5m,original,validation,2026-09-27 12:06:14,f54afbf184017071303e043bd75b1ad6b50b56405b969b51da5ea1109b4d7cb4,high,False
SS-00096,aggression_0096.wav,audio data/aggression/aggression_0096.wav,aggression,Aggression,3.0,16000,1,PCM_16,96044,WAV,indoor/outdoor,digital microphone / synthetic,1-5m,original,train,2026-09-27 12:06:14,e44ebf7a1df30f58cd47040efa1b87858c0c20a1fea0741c89b65633d65b9f14,high,False
SS-00097,aggression_0097.wav,audio data/aggression/aggression_0097.wav,aggression,Aggression,3.0,16000,1,PCM_16,96044,WAV,indoor/outdoor,digital microphone / synthetic,1-5m,original,train,2026-09-27 12:06:14,47a1b8a73357566ed74cb34ce00d062a72f2510cb3daf802eafb8280bee214e3,high,False
SS-00098,aggression_0098.wav,audio data/aggression/aggression_0098.wav,aggression,Aggression,3.0,16000,1,PCM_16,96044,WAV,indoor/outdoor,digital microphone / synthetic,1-5m,original,validation,2026-09-27 12:06:14,5c001f7297d6c6b7dae43af949e2429fb280a73fb0056c193ebea0bfe91ae814,high,False
SS-00099,aggression_0099.wav,audio data/aggression/aggression_0099.wav,aggression,Aggression,3.0,16000,1,PCM_16,96044,WAV,indoor/outdoor,digital microphone / synthetic,1-5m,original,train,2026-09-27 12:06:14,bf88214531ee08b4ec7de8d116b750507d920c8b1a9c1fd362cb7202c6add9bb,high,False
SS-00100,aggression_0100.wav,audio data/aggression/aggression_0100.wav,aggression,Aggression,3.0,16000,1,PCM_16,96044,WAV,indoor/outdoor,digital microphone / synthetic,1-5m,original,train,2026-09-27 12:06:14,533c73b00ff8d97d6cf79155f0427b46ba9f3844114c34c8e171efd10a4f2909,high,False
SS-00101,aggression_0101.wav,audio data/aggression/aggression_0101.wav,aggression,Aggression,3.0,16000,1,PCM_16,96044,WAV,indoor/outdoor,digital microphone / synthetic,1-5m,original,train,2026-09-27 12:06:14,3207984364534c73844a6571b9eb7de6cb79e3664f324fc692fc033279ae1ca9,high,False
SS-00102,aggression_0102.wav,audio data/aggression/aggression_0102.wav,aggression,Aggression,3.0,16000,1,PCM_16,96044,WAV,indoor/outdoor,digital microphone / synthetic,1-5m,original,test,2026-09-27 12:06:14,a5f5469ad85416806a252f5e659c5a2f3cdf9c0b953cdcab679e273fe2fb6d93,high,False
SS-00103,aggression_0103.wav,audio data/aggression/aggression_0103.wav,aggression,Aggression,3.0,16000,1,PCM_16,96044,WAV,indoor/outdoor,digital microphone / synthetic,1-5m,original,train,2026-09-27 12:06:14,22e19184fbacf7df0813bcc416358cd560f9a88c008376a7b8eb79efafd1c59c,high,False
SS-00104,aggression_0104.wav,audio data/aggression/aggression_0104.wav,aggression,Aggression,3.0,16000,1,PCM_16,96044,WAV,indoor/outdoor,digital microphone / synthetic,1-5m,original,train,2026-09-27 12:06:14,465566c70e3d188c5c797958d018d777f5ac38d70dc299ab54d3d635c84d27f5,high,False
SS-00105,aggression_0105.wav,audio data/aggression/aggression_0105.wav,aggression,Aggression,3.0,16000,1,PCM_16,96044,WAV,indoor/outdoor,digital microphone / synthetic,1-5m,original,train,2026-09-27 12:06:14,1a776fbd172bb860e38e93a6d961c500d4e7d775beed35140f91dfd307bb1790,high,False
SS-00106,aggression_0106.wav,audio data/aggression/aggression_0106.wav,aggression,Aggression,3.0,16000,1,PCM_16,96044,WAV,indoor/outdoor,digital microphone / synthetic,1-5m,original,train,2026-09-27 12:06:14,382a08630a747126c9c913a11353f0d1baed649ff14922f5e5e4bba26ba9825a,high,False
SS-00107,aggression_0107.wav,audio data/aggression/aggression_0107.wav,aggression,Aggression,3.0,16000,1,PCM_16,96044,WAV,indoor/outdoor,digital microphone / synthetic,1-5m,original,train,2026-09-27 12:06:14,d83dad7d88f04369c355c6a30f1ba180edba5fb3bb06a4a82f7dac0628b69124,high,False
SS-00108,aggression_0108.wav,audio data/aggression/aggression_0108.wav,aggression,Aggression,3.0,16000,1,PCM_16,96044,WAV,indoor/outdoor,digital microphone / synthetic,1-5m,original,train,2026-09-27 12:06:14,e772072a490989b7d7309077b29f3ea0e5b99ec2d2071b1745b5cd95dbde6dfd,high,False
SS-00109,aggression_0109.wav,audio data/aggression/aggression_0109.wav,aggression,Aggression,3.0,16000,1,PCM_16,96044,WAV,indoor/outdoor,digital microphone / synthetic,1-5m,original,train,2026-09-27 12:06:14,cfa1a659dc14879961782ec0d1afa41ef5a3910268729b01740bbb1c69058628,high,False
SS-00110,aggression_0110.wav,audio data/aggression/aggression_0110.wav,aggression,Aggression,3.0,16000,1,PCM_16,96044,WAV,indoor/outdoor,digital microphone / synthetic,1-5m,original,train,2026-09-27 12:06:14,f15622f5b7360c1da3e010870affc29bd1043460f0d7c612c525412f4019c08d,high,False
SS-00111,aggression_0111.wav,audio data/aggression/aggression_0111.wav,aggression,Aggression,3.0,16000,1,PCM_16,96044,WAV,indoor/outdoor,digital microphone / synthetic,1-5m,original,test,2026-09-27 12:06:14,21676c00849fde40ac784647f9b9659e2b9ded0e2769ddf6d725718047084666,high,False
SS-00112,aggression_0112.wav,audio data/aggression/aggression_0112.wav,aggression,Aggression,3.0,16000,1,PCM_16,96044,WAV,indoor/outdoor,digital microphone / synthetic,1-5m,original,test,2026-09-27 12:06:14,963714de22f06a09d25e566bc8a2cc089c1afe72cc775fd3aa62ff674a8e6895,high,False
SS-00113,aggression_0113.wav,audio data/aggression/aggression_0113.wav,aggression,Aggression,3.0,16000,1,PCM_16,96044,WAV,indoor/outdoor,digital microphone / synthetic,1-5m,original,test,2026-09-27 12:06:14,8e547a137b475929dea37824cb74dfd3e18fb7799adbadd2cf4a40265f7952ae,high,False
SS-00114,aggression_0114.wav,audio data/aggression/aggression_0114.wav,aggression,Aggression,3.0,16000,1,PCM_16,96044,WAV,indoor/outdoor,digital microphone / synthetic,1-5m,original,train,2026-09-27 12:06:14,ae58810c22afe8587b88edfab6e5da68377373099485b11c236312c8349fd933,high,False
SS-00115,aggression_0115.wav,audio data/aggression/aggression_0115.wav,aggression,Aggression,3.0,16000,1,PCM_16,96044,WAV,indoor/outdoor,digital microphone / synthetic,1-5m,original,test,2026-09-27 12:06:14,84cf558080155095e2ee0846f863152d174a80ec7a53a398cffae26a76e7c46a,high,False
SS-00116,aggression_0116.wav,audio data/aggression/aggression_0116.wav,aggression,Aggression,3.0,16000,1,PCM_16,96044,WAV,indoor/outdoor,digital microphone / synthetic,1-5m,original,train,2026-09-27 12:06:14,a03623e4ed74fce9cd00a8e1becc5fa0dbf4600d7d17052ecc9c7492dd24efcd,high,False
SS-00117,aggression_0117.wav,audio data/aggression/aggression_0117.wav,aggression,Aggression,3.0,16000,1,PCM_16,96044,WAV,indoor/outdoor,digital microphone / synthetic,1-5m,original,validation,2026-09-27 12:06:14,48f163cacc92a1b3ed916f0e40886f8b619f92a9496ac718c2902bade17e6e3a,high,False
SS-00118,aggression_0118.wav,audio data/aggression/aggression_0118.wav,aggression,Aggression,3.0,16000,1,PCM_16,96044,WAV,indoor/outdoor,digital microphone / synthetic,1-5m,original,train,2026-09-27 12:06:14,dfb49f10005d58ceb9fcd1525c288395e54dc87a801121067db350aafb05ccbf,high,False
SS-00119,aggression_0119.wav,audio data/aggression/aggression_0119.wav,aggression,Aggression,3.0,16000,1,PCM_16,96044,WAV,indoor/outdoor,digital microphone / synthetic,1-5m,original,validation,2026-09-27 12:06:14,70f21a256d0562bf71094e0d8e87d6ca21e1c4b2d7bf0a2c0b7da86c7427a881,high,False
SS-00120,aggression_0120.wav,audio data/aggression/aggression_0120.wav,aggression,Aggression,3.0,16000,1,PCM_16,96044,WAV,indoor/outdoor,digital microphone / synthetic,1-5m,original,test,2026-09-27 12:06:14,d8df9c38c7f7018db3086c77d16e14ff775c5f6641b72fb22a575dd27c24568c,high,False
SS-00121,aggression_0121.wav,audio data/aggression/aggression_0121.wav,aggression,Aggression,3.0,16000,1,PCM_16,96044,WAV,indoor/outdoor,digital microphone / synthetic,1-5m,original,train,2026-09-27 12:06:14,cb1d9f706217f67798d636ac53ceb62fec87ef0a6ee78abae9044828aaf938a1,high,False
SS-00122,aggression_0122.wav,audio data/aggression/aggression_0122.wav,aggression,Aggression,3.0,16000,1,PCM_16,96044,WAV,indoor/outdoor,digital microphone / synthetic,1-5m,original,train,2026-09-27 12:06:14,a2c8d169b0a6923935c38e3ecd34608edf0f00c6f2a22b7dc096d2b8be3cd9a3,high,False
SS-00123,aggression_0123.wav,audio data/aggression/aggression_0123.wav,aggression,Aggression,3.0,16000,1,PCM_16,96044,WAV,indoor/outdoor,digital microphone / synthetic,1-5m,original,train,2026-09-27 12:06:14,844ddec8b86d0769b388bbd12ad01decc92793a3d3c4c78d249095dd7ae2c54c,high,False
SS-00124,aggression_0124.wav,audio data/aggression/aggression_0124.wav,aggression,Aggression,3.0,16000,1,PCM_16,96044,WAV,indoor/outdoor,digital microphone / synthetic,1-5m,original,train,2026-09-27 12:06:14,bd74960c4ab211ef30c30fc81418661f7c4c89575e1b33f0d28c6828a46c8502,high,False
SS-00125,aggression_0125.wav,audio data/aggression/aggression_0125.wav,aggression,Aggression,3.0,16000,1,PCM_16,96044,WAV,indoor/outdoor,digital microphone / synthetic,1-5m,original,train,2026-09-27 12:06:14,c66c27f5cf7d43c18eff8554025da08e366be12879938fb6e99a50cc600853ce,high,False
SS-00126,aggression_0126.wav,audio data/aggression/aggression_0126.wav,aggression,Aggression,3.0,16000,1,PCM_16,96044,WAV,indoor/outdoor,digital microphone / synthetic,1-5m,original,test,2026-09-27 12:06:14,ca002efef271a97d77cf801a47649e73ec2a48d78fa364c6ad2373e72b36c385,high,False
SS-00127,aggression_0127.wav,audio data/aggression/aggression_0127.wav,aggression,Aggression,3.0,16000,1,PCM_16,96044,WAV,indoor/outdoor,digital microphone / synthetic,1-5m,original,train,2026-09-27 12:06:14,a31aea72f93f234355b975dba05e0f2338525af2a55d20064505b4c0fe92121a,high,False
SS-00128,aggression_0128.wav,audio data/aggression/aggression_0128.wav,aggression,Aggression,3.0,16000,1,PCM_16,96044,WAV,indoor/outdoor,digital microphone / synthetic,1-5m,original,train,2026-09-27 12:06:14,94a94e0870e5bed40bc89f9f83bff6c3df049112751197d310a4f009e7f23b98,high,False
SS-00129,aggression_0129.wav,audio data/aggression/aggression_0129.wav,aggression,Aggression,3.0,16000,1,PCM_16,96044,WAV,indoor/outdoor,digital microphone / synthetic,1-5m,original,train,2026-09-27 12:06:14,9242ed8153825408882f8bc0177ca4a3f364a74d13ca9f39123883c9b90e8f80,high,False
SS-00130,aggression_0130.wav,audio data/aggression/aggression_0130.wav,aggression,Aggression,3.0,16000,1,PCM_16,96044,WAV,indoor/outdoor,digital microphone / synthetic,1-5m,original,train,2026-09-27 12:06:14,0810523568d6a101a2d708717fd6781d22ee1f0fa4fa89a247d62a7e90460314,high,False
SS-00131,aggression_0131.wav,audio data/aggression/aggression_0131.wav,aggression,Aggression,3.0,16000,1,PCM_16,96044,WAV,indoor/outdoor,digital microphone / synthetic,1-5m,original,train,2026-09-27 12:06:14,2d80b916537aca770bbd256df30e5395f0239ae7ed0a2c24b7fceddf3c3940a5,high,False
SS-00132,aggression_0132.wav,audio data/aggression/aggression_0132.wav,aggression,Aggression,3.0,16000,1,PCM_16,96044,WAV,indoor/outdoor,digital microphone / synthetic,1-5m,original,train,2026-09-27 12:06:14,44648543504b2aa4cdb34cad1e0bca827064d59dba8ded07a5cc959a476dd56d,high,False
SS-00133,aggression_0133.wav,audio data/aggression/aggression_0133.wav,aggression,Aggression,3.0,16000,1,PCM_16,96044,WAV,indoor/outdoor,digital microphone / synthetic,1-5m,original,train,2026-09-27 12:06:14,c94441171b347485232d3e54734250e3bc02af45c3ef8884048b336f8a8f845b,high,False
SS-00134,aggression_0134.wav,audio data/aggression/aggression_0134.wav,aggression,Aggression,3.0,16000,1,PCM_16,96044,WAV,indoor/outdoor,digital microphone / synthetic,1-5m,original,train,2026-09-27 12:06:14,b675846b8e97ba927fdea2e79ffa234427d3cef90ac69702f9dd591221b1921c,high,False
SS-00135,aggression_0135.wav,audio data/aggression/aggression_0135.wav,aggression,Aggression,3.0,16000,1,PCM_16,96044,WAV,indoor/outdoor,digital microphone / synthetic,1-5m,original,train,2026-09-27 12:06:14,a3f44cd8069c5e3e44a970a102c1e535b45f1b8a927c3665a3f5485bb4d01403,high,False
SS-00136,aggression_0136.wav,audio data/aggression/aggression_0136.wav,aggression,Aggression,3.0,16000,1,PCM_16,96044,WAV,indoor/outdoor,digital microphone / synthetic,1-5m,original,test,2026-09-27 12:06:14,fd6c73d7bfc20055df037e1ea829a589e379cee3a927fdcd5ff88bde647704d4,high,False
SS-00137,aggression_0137.wav,audio data/aggression/aggression_0137.wav,aggression,Aggression,3.0,16000,1,PCM_16,96044,WAV,indoor/outdoor,digital microphone / synthetic,1-5m,original,validation,2026-09-27 12:06:14,a664bf53b53f5bac5d47a633bc72400d0ca653482e008915ace75431cf6afbf3,high,False
SS-00138,aggression_0138.wav,audio data/aggression/aggression_0138.wav,aggression,Aggression,3.0,16000,1,PCM_16,96044,WAV,indoor/outdoor,digital microphone / synthetic,1-5m,original,train,2026-09-27 12:06:14,1383c4215166224dfb0b343555558fbe039127240b3e2ddce53596a6429606b8,high,False
SS-00139,aggression_0139.wav,audio data/aggression/aggression_0139.wav,aggression,Aggression,3.0,16000,1,PCM_16,96044,WAV,indoor/outdoor,digital microphone / synthetic,1-5m,original,train,2026-09-27 12:06:14,263a49920155627136c3fefef8566a8062127147c73abbe6f13564800543c9ed,high,False
SS-00140,aggression_0140.wav,audio data/aggression/aggression_0140.wav,aggression,Aggression,3.0,16000,1,PCM_16,96044,WAV,indoor/outdoor,digital microphone / synthetic,1-5m,original,train,2026-09-27 12:06:14,4bed6a0ccee88c0a997248dca854b703b2982678c33ef46e986aeed8c7177048,high,False
SS-00141,aggression_0141.wav,audio data/aggression/aggression_0141.wav,aggression,Aggression,3.0,16000,1,PCM_16,96044,WAV,indoor/outdoor,digital microphone / synthetic,1-5m,original,test,2026-09-27 12:06:14,a89d5b4ede3e3449fe8a0dcf35d82bcb0e4f72ec16f25887709807f371200a2c,high,False
SS-00142,aggression_0142.wav,audio data/aggression/aggression_0142.wav,aggression,Aggression,3.0,16000,1,PCM_16,96044,WAV,indoor/outdoor,digital microphone / synthetic,1-5m,original,train,2026-09-27 12:06:14,263fa7e2c941ccbc9f6f3d73c35e6089d9f724c5ee02a85ac715acce6b21af2d,high,False
SS-00143,aggression_0143.wav,audio data/aggression/aggression_0143.wav,aggression,Aggression,3.0,16000,1,PCM_16,96044,WAV,indoor/outdoor,digital microphone / synthetic,1-5m,original,test,2026-09-27 12:06:14,77a4198142006d760a386669ed97b363c74841f4e9055d4324cd8de40d2f5168,high,False
SS-00144,aggression_0144.wav,audio data/aggression/aggression_0144.wav,aggression,Aggression,3.0,16000,1,PCM_16,96044,WAV,indoor/outdoor,digital microphone / synthetic,1-5m,original,train,2026-09-27 12:06:14,39a19e1c750b7b67dcb2f8c8038e777e0d94aee30dedad83e9340688f3390c69,high,False
SS-00145,aggression_0145.wav,audio data/aggression/aggression_0145.wav,aggression,Aggression,3.0,16000,1,PCM_16,96044,WAV,indoor/outdoor,digital microphone / synthetic,1-5m,original,train,2026-09-27 12:06:14,a3d002d0ea80cd073bc17797be40a0496bfeda7d5b352b5f9dab19b7a0cf5d0f,high,False
SS-00146,aggression_0146.wav,audio data/aggression/aggression_0146.wav,aggression,Aggression,3.0,16000,1,PCM_16,96044,WAV,indoor/outdoor,digital microphone / synthetic,1-5m,original,train,2026-09-27 12:06:14,ca1c53df533ef2607a9561e3b2709880ea91add68a932ffcc947a6893b836983,high,False
SS-00147,aggression_0147.wav,audio data/aggression/aggression_0147.wav,aggression,Aggression,3.0,16000,1,PCM_16,96044,WAV,indoor/outdoor,digital microphone / synthetic,1-5m,original,train,2026-09-27 12:06:14,393436650ae923b7611632ec2452a51fb7ad1c56316425198ed952a6beaaabba,high,False
SS-00148,aggression_0148.wav,audio data/aggression/aggression_0148.wav,aggression,Aggression,3.0,16000,1,PCM_16,96044,WAV,indoor/outdoor,digital microphone / synthetic,1-5m,original,validation,2026-09-27 12:06:14,4d5f7769d6e60d33902de081419ddc7b14f5ad6c6844eafa5d0002e75f5b4a13,high,False
SS-00149,aggression_0149.wav,audio data/aggression/aggression_0149.wav,aggression,Aggression,3.0,16000,1,PCM_16,96044,WAV,indoor/outdoor,digital microphone / synthetic,1-5m,original,train,2026-09-27 12:06:14,3aa88562d87dc1102ab74c1798d30645e5fa911cbd72147eef54dd988baffb65,high,False
SS-00150,aggression_0150.wav,audio data/aggression/aggression_0150.wav,aggression,Aggression,3.0,16000,1,PCM_16,96044,WAV,indoor/outdoor,digital microphone / synthetic,1-5m,original,train,2026-09-27 12:06:14,8f15d7ff8b2ae8eb66b39c89df182fece6ff43bdca2017f36610f0ba5ae3f1dd,high,False
SS-00151,aggression_0151.wav,audio data/aggression/aggression_0151.wav,aggression,Aggression,3.0,16000,1,PCM_16,96044,WAV,indoor/outdoor,digital microphone / synthetic,1-5m,original,test,2026-09-27 12:06:14,01dea11e88154b31f6ee42d91738f791a6e04f87a808a7f626743892c869c01d,high,False
SS-00152,aggression_0152.wav,audio data/aggression/aggression_0152.wav,aggression,Aggression,3.0,16000,1,PCM_16,96044,WAV,indoor/outdoor,digital microphone / synthetic,1-5m,original,train,2026-09-27 12:06:14,f17cbf31cbb0a79e23eefb9c2d493fdc83ca407a9486ca08c20fd04d0ec09888,high,False
SS-00153,aggression_0153.wav,audio data/aggression/aggression_0153.wav,aggression,Aggression,3.0,16000,1,PCM_16,96044,WAV,indoor/outdoor,digital microphone / synthetic,1-5m,original,train,2026-09-27 12:06:14,acedc8663bd98149016ff60caed8b49592b49e23abdb34aed51c28c4c7969d54,high,False
SS-00154,aggression_0154.wav,audio data/aggression/aggression_0154.wav,aggression,Aggression,3.0,16000,1,PCM_16,96044,WAV,indoor/outdoor,digital microphone / synthetic,1-5m,original,train,2026-09-27 12:06:14,f2d8d23d796964133cd90fabb50bdb613bc4d68a5e7feab7ee19217accba0d81,high,False
SS-00155,aggression_0155.wav,audio data/aggression/aggression_0155.wav,aggression,Aggression,3.0,16000,1,PCM_16,96044,WAV,indoor/outdoor,digital microphone / synthetic,1-5m,original,train,2026-09-27 12:06:14,006d70c3523d9fa1e480a33b4b6bbce5d7e1987d7406b790ed0cd6fa0bac5837,high,False
SS-00156,aggression_0156.wav,audio data/aggression/aggression_0156.wav,aggression,Aggression,3.0,16000,1,PCM_16,96044,WAV,indoor/outdoor,digital microphone / synthetic,1-5m,original,validation,2026-09-27 12:06:14,1b7539b72494fe3b2ba6392e902d122371c6e95126b4413e71730f1b96ba8600,high,False
SS-00157,aggression_0157.wav,audio data/aggression/aggression_0157.wav,aggression,Aggression,3.0,16000,1,PCM_16,96044,WAV,indoor/outdoor,digital microphone / synthetic,1-5m,original,train,2026-09-27 12:06:14,f2aee89abdecc9b29da1e24478a69e5dc7ac95cbcdb696d333a6861d688aef96,high,False
SS-00158,aggression_0158.wav,audio data/aggression/aggression_0158.wav,aggression,Aggression,3.0,16000,1,PCM_16,96044,WAV,indoor/outdoor,digital microphone / synthetic,1-5m,original,train,2026-09-27 12:06:14,65afeabfaba7f2eea3bf01e49025d727409bad707e0fe2184cbd43978d3a5a7d,high,False
SS-00159,aggression_0159.wav,audio data/aggression/aggression_0159.wav,aggression,Aggression,3.0,16000,1,PCM_16,96044,WAV,indoor/outdoor,digital microphone / synthetic,1-5m,original,train,2026-09-27 12:06:14,3969cadda33b8b357f754e4867e47a34c9af30a78202bf38316561791561ca99,high,False
SS-00160,aggression_0160.wav,audio data/aggression/aggression_0160.wav,aggression,Aggression,3.0,16000,1,PCM_16,96044,WAV,indoor/outdoor,digital microphone / synthetic,1-5m,original,train,2026-09-27 12:06:14,610a2ff74e2c78f6536a871e480be83952c69853f16c640278e07e546b684d96,high,False
SS-00161,aggression_0161.wav,audio data/aggression/aggression_0161.wav,aggression,Aggression,3.0,16000,1,PCM_16,96044,WAV,indoor/outdoor,digital microphone / synthetic,1-5m,original,train,2026-09-27 12:06:14,79d743cd149f5e7a818a9526a8a930eb8eaf24ab67542f78a363bd07396d6ed5,high,False
SS-00162,aggression_0162.wav,audio data/aggression/aggression_0162.wav,aggression,Aggression,3.0,16000,1,PCM_16,96044,WAV,indoor/outdoor,digital microphone / synthetic,1-5m,original,train,2026-09-27 12:06:14,27038a498115e28d3bdbaeea56abe8309734e96af32b0ab40d75263069745925,high,False
SS-00163,aggression_0163.wav,audio data/aggression/aggression_0163.wav,aggression,Aggression,3.0,16000,1,PCM_16,96044,WAV,indoor/outdoor,digital microphone / synthetic,1-5m,original,validation,2026-09-27 12:06:14,346a5f6580c34566b2f6431d7bf51dbf8308bd11355edec0d83f64e662e05430,high,False
SS-00164,aggression_0164.wav,audio data/aggression/aggression_0164.wav,aggression,Aggression,3.0,16000,1,PCM_16,96044,WAV,indoor/outdoor,digital microphone / synthetic,1-5m,original,validation,2026-09-27 12:06:14,3b1490f41a2dca926644eb0748996ca80a4d51cd203b77f1f23eb3675736436b,high,False
SS-00165,aggression_0165.wav,audio data/aggression/aggression_0165.wav,aggression,Aggression,3.0,16000,1,PCM_16,96044,WAV,indoor/outdoor,digital microphone / synthetic,1-5m,original,train,2026-09-27 12:06:14,8b7e0ef01915a6db88e1d71ef334bbeefaad6062a28d2cabbbbe1176602e27da,high,False
SS-00166,aggression_0166.wav,audio data/aggression/aggression_0166.wav,aggression,Aggression,3.0,16000,1,PCM_16,96044,WAV,indoor/outdoor,digital microphone / synthetic,1-5m,original,validation,2026-09-27 12:06:14,a31a0e54cc5e424bf2f3a287eba5143c3d1a85e0c53eb7c7ab4c29a90fd55c87,high,False
SS-00167,aggression_0167.wav,audio data/aggression/aggression_0167.wav,aggression,Aggression,3.0,16000,1,PCM_16,96044,WAV,indoor/outdoor,digital microphone / synthetic,1-5m,original,train,2026-09-27 12:06:14,1ccb33f488df3365c6e01a89b86cad4a4328982418ea24ea617896846d5de57a,high,False
SS-00168,aggression_0168.wav,audio data/aggression/aggression_0168.wav,aggression,Aggression,3.0,16000,1,PCM_16,96044,WAV,indoor/outdoor,digital microphone / synthetic,1-5m,original,train,2026-09-27 12:06:14,43c8e12d65b9efe32bdad0d3a7c5f6e20d1e57ec388c3256bae6ac08e031d0a7,high,False
SS-00169,aggression_0169.wav,audio data/aggression/aggression_0169.wav,aggression,Aggression,3.0,16000,1,PCM_16,96044,WAV,indoor/outdoor,digital microphone / synthetic,1-5m,original,train,2026-09-27 12:06:14,caba16ec5215eb5a6fc5b04739dd5dea24a987b4d5bf58627654bb440603e9c1,high,False
SS-00170,aggression_0170.wav,audio data/aggression/aggression_0170.wav,aggression,Aggression,3.0,16000,1,PCM_16,96044,WAV,indoor/outdoor,digital microphone / synthetic,1-5m,original,validation,2026-09-27 12:06:14,2e243421260def8e632e21994ea66fa80d427391bf9451e1cdd20dc68d3c0fc9,high,False
SS-00171,aggression_0171.wav,audio data/aggression/aggression_0171.wav,aggression,Aggression,3.0,16000,1,PCM_16,96044,WAV,indoor/outdoor,digital microphone / synthetic,1-5m,original,train,2026-09-27 12:06:14,7eae5bdb23bab96fc8f86b951b3ae6b2461a7019819e26d73ea8b194d9ad4b54,high,False
SS-00172,aggression_0172.wav,audio data/aggression/aggression_0172.wav,aggression,Aggression,3.0,16000,1,PCM_16,96044,WAV,indoor/outdoor,digital microphone / synthetic,1-5m,original,validation,2026-09-27 12:06:14,48ce5e2e8297b0d6257f035ec1d524824b5f86b4655f752c9f0625521f38aa5c,high,False
SS-00173,aggression_0173.wav,audio data/aggression/aggression_0173.wav,aggression,Aggression,3.0,16000,1,PCM_16,96044,WAV,indoor/outdoor,digital microphone / synthetic,1-5m,original,test,2026-09-27 12:06:14,b774181a328c188f39b537df46daad7811799125e97cbe911f483e0b67a781f2,high,False
SS-00174,aggression_0174.wav,audio data/aggression/aggression_0174.wav,aggression,Aggression,3.0,16000,1,PCM_16,96044,WAV,indoor/outdoor,digital microphone / synthetic,1-5m,original,train,2026-09-27 12:06:14,81be297d3448d9d3d3e5d37c7a06f93a7fa5b60b1b0b7d838c8d9dd02efc2210,high,False
SS-00175,aggression_0175.wav,audio data/aggression/aggression_0175.wav,aggression,Aggression,3.0,16000,1,PCM_16,96044,WAV,indoor/outdoor,digital microphone / synthetic,1-5m,original,test,2026-09-27 12:06:14,506ec247e6740b732d1833111540bfdbabaf2fb940c08a9c38045c2dd87ddb94,high,False
SS-00176,aggression_0176.wav,audio data/aggression/aggression_0176.wav,aggression,Aggression,3.0,16000,1,PCM_16,96044,WAV,indoor/outdoor,digital microphone / synthetic,1-5m,original,validation,2026-09-27 12:06:14,bc0fe4048b3861de962474c0f3e8cd71e3b5506a61dbb4a598f76adc036c410c,high,False
SS-00177,aggression_0177.wav,audio data/aggression/aggression_0177.wav,aggression,Aggression,3.0,16000,1,PCM_16,96044,WAV,indoor/outdoor,digital microphone / synthetic,1-5m,original,test,2026-09-27 12:06:14,6acf6bd406f7bc05c238283da7b58e5e38af1289693f60f05e15b19c6e555f4e,high,False
SS-00178,aggression_0178.wav,audio data/aggression/aggression_0178.wav,aggression,Aggression,3.0,16000,1,PCM_16,96044,WAV,indoor/outdoor,digital microphone / synthetic,1-5m,original,train,2026-09-27 12:06:14,45b2eb7dff064e644a2dd58771057299dfc4066f8b500283cf5dc83b068ffc6e,high,False
SS-00179,aggression_0179.wav,audio data/aggression/aggression_0179.wav,aggression,Aggression,3.0,16000,1,PCM_16,96044,WAV,indoor/outdoor,digital microphone / synthetic,1-5m,original,train,2026-09-27 12:06:14,1e152801546044a0ed13a075de336ff42a6a0a21c356402870bf6cc2540d0d43,high,False
SS-00180,aggression_0180.wav,audio data/aggression/aggression_0180.wav,aggression,Aggression,3.0,16000,1,PCM_16,96044,WAV,indoor/outdoor,digital microphone / synthetic,1-5m,original,validation,2026-09-27 12:06:14,12de3c5249297a21348463d7a46acfa7b9b51476ca5e1b2eff75c34cc3b46e30,high,False
SS-00181,aggression_0181.wav,audio data/aggression/aggression_0181.wav,aggression,Aggression,3.0,16000,1,PCM_16,96044,WAV,indoor/outdoor,digital microphone / synthetic,1-5m,original,validation,2026-09-27 12:06:14,a3ead8a67aa12172486bea01a200c4b2d143cab2a6339f9875c60162699133c8,high,False
SS-00182,aggression_0182.wav,audio data/aggression/aggression_0182.wav,aggression,Aggression,3.0,16000,1,PCM_16,96044,WAV,indoor/outdoor,digital microphone / synthetic,1-5m,original,train,2026-09-27 12:06:14,9f7bd0aa30788176c099157d03edae5e847263a7b1209a230a6085e8e07032db,high,False
SS-00183,aggression_0183.wav,audio data/aggression/aggression_0183.wav,aggression,Aggression,3.0,16000,1,PCM_16,96044,WAV,indoor/outdoor,digital microphone / synthetic,1-5m,original,train,2026-09-27 12:06:14,81f6f3364dd7e46ff36c07ef95eddc9fe3a9abd94f258db79be133683a69eb01,high,False
SS-00184,aggression_0184.wav,audio data/aggression/aggression_0184.wav,aggression,Aggression,3.0,16000,1,PCM_16,96044,WAV,indoor/outdoor,digital microphone / synthetic,1-5m,original,test,2026-09-27 12:06:14,b685c1bcbe94360f7deab0059bc2a50f8653780c66d5e7526c49227809b83803,high,False
SS-00185,aggression_0185.wav,audio data/aggression/aggression_0185.wav,aggression,Aggression,3.0,16000,1,PCM_16,96044,WAV,indoor/outdoor,digital microphone / synthetic,1-5m,original,train,2026-09-27 12:06:14,772d416827032c5d587c810b2294244e90edb7af2974878ace562053a470d405,high,False
SS-00186,aggression_0186.wav,audio data/aggression/aggression_0186.wav,aggression,Aggression,3.0,16000,1,PCM_16,96044,WAV,indoor/outdoor,digital microphone / synthetic,1-5m,original,test,2026-09-27 12:06:14,f13728b08b76d03cfec2bc3f22e8ed9628ffe18474fa978a21b10644d798cd13,high,False
SS-00187,aggression_0187.wav,audio data/aggression/aggression_0187.wav,aggression,Aggression,3.0,16000,1,PCM_16,96044,WAV,indoor/outdoor,digital microphone / synthetic,1-5m,original,validation,2026-09-27 12:06:14,4ee00ed7b38bacfe579e5e6c4c4f276c853d885eedd1164538af821bc3d5ad56,high,False
SS-00188,aggression_0188.wav,audio data/aggression/aggression_0188.wav,aggression,Aggression,3.0,16000,1,PCM_16,96044,WAV,indoor/outdoor,digital microphone / synthetic,1-5m,original,train,2026-09-27 12:06:14,7a3e6c776f34d8f8155cdccb623b7ae4bf020fc2eaf83b80f1884fcde67f3052,high,False
SS-00189,aggression_0189.wav,audio data/aggression/aggression_0189.wav,aggression,Aggression,3.0,16000,1,PCM_16,96044,WAV,indoor/outdoor,digital microphone / synthetic,1-5m,original,train,2026-09-27 12:06:14,3cec40a3bc1efe473455cde15f54847b379c87cec4612a6e0938f7a1982c7b63,high,False
SS-00190,aggression_0190.wav,audio data/aggression/aggression_0190.wav,aggression,Aggression,3.0,16000,1,PCM_16,96044,WAV,indoor/outdoor,digital microphone / synthetic,1-5m,original,train,2026-09-27 12:06:14,b4c97c4cadf0f6def3f96297bbba48dc84a2dbe0aeb4b9a5bb9760b4ae3936aa,high,False
SS-00191,aggression_0191.wav,audio data/aggression/aggression_0191.wav,aggression,Aggression,3.0,16000,1,PCM_16,96044,WAV,indoor/outdoor,digital microphone / synthetic,1-5m,original,train,2026-09-27 12:06:14,3a4151cf6c5dc7cc1b300024bbbfaec705ea30dbc886bc36b109a6fbfcc66d49,high,False
SS-00192,aggression_0192.wav,audio data/aggression/aggression_0192.wav,aggression,Aggression,3.0,16000,1,PCM_16,96044,WAV,indoor/outdoor,digital microphone / synthetic,1-5m,original,train,2026-09-27 12:06:14,c0e30adeb89f78cdbef8e783535e165c449807f88265a2a2bf488b81ad377748,high,False
SS-00193,aggression_0193.wav,audio data/aggression/aggression_0193.wav,aggression,Aggression,3.0,16000,1,PCM_16,96044,WAV,indoor/outdoor,digital microphone / synthetic,1-5m,original,train,2026-09-27 12:06:14,1b075b78310d1d2ac84a8bbba833f42de07020df084bdf591bc742b4c8578cb0,high,False
SS-00194,aggression_0194.wav,audio data/aggression/aggression_0194.wav,aggression,Aggression,3.0,16000,1,PCM_16,96044,WAV,indoor/outdoor,digital microphone / synthetic,1-5m,original,test,2026-09-27 12:06:14,483179d568707d65503d8f5549af017fdb70f4c3b7be79bfefe217955827280a,high,False
SS-00195,aggression_0195.wav,audio data/aggression/aggression_0195.wav,aggression,Aggression,3.0,16000,1,PCM_16,96044,WAV,indoor/outdoor,digital microphone / synthetic,1-5m,original,test,2026-09-27 12:06:14,adfb35430bd4a5fae4a7cda4dfccfbae6f1da879859755e1fd0c1502a88c739b,high,False
SS-00196,aggression_0196.wav,audio data/aggression/aggression_0196.wav,aggression,Aggression,3.0,16000,1,PCM_16,96044,WAV,indoor/outdoor,digital microphone / synthetic,1-5m,original,train,2026-09-27 12:06:14,c9e7c47e4d8b0f49331cc9b917402f3583fac29975faac01974558f3a1d8bc5e,high,False
SS-00197,aggression_0197.wav,audio data/aggression/aggression_0197.wav,aggression,Aggression,3.0,16000,1,PCM_16,96044,WAV,indoor/outdoor,digital microphone / synthetic,1-5m,original,train,2026-09-27 12:06:14,491530991ece4ea669bef5c669cae61d98a402b91691722ad8fb201e7fa56662,high,False
SS-00198,aggression_0198.wav,audio data/aggression/aggression_0198.wav,aggression,Aggression,3.0,16000,1,PCM_16,96044,WAV,indoor/outdoor,digital microphone / synthetic,1-5m,original,validation,2026-09-27 12:06:14,e9f1e9332ee5abcf20f4422b76cd109c49a5f1cd0914a1ea0e1152c842f3449a,high,False
SS-00199,aggression_0199.wav,audio data/aggression/aggression_0199.wav,aggression,Aggression,3.0,16000,1,PCM_16,96044,WAV,indoor/outdoor,digital microphone / synthetic,1-5m,original,train,2026-09-27 12:06:14,a5affc6400a88e7b9975356098416b8e6f815c485f3d75e5ba4593227330a27c,high,False
SS-00200,aggression_0200.wav,audio data/aggression/aggression_0200.wav,aggression,Aggression,3.0,16000,1,PCM_16,96044,WAV,indoor/outdoor,digital microphone / synthetic,1-5m,original,train,2026-09-27 12:06:14,ec2df6b2105d4d3032c41ece598ad05842ac95e3def0573bdd0b2788d407c02c,high,False
SS-00201,aggression_0201.wav,audio data/aggression/aggression_0201.wav,aggression,Aggression,3.0,16000,1,PCM_16,96044,WAV,indoor/outdoor,digital microphone / synthetic,1-5m,original,train,2026-09-27 12:06:14,d8ac7842cdea3ef10ad9b5f7cbb8a7b7018b2a72545de1817cfa73aec817eeb0,high,False
SS-00202,aggression_0202.wav,audio data/aggression/aggression_0202.wav,aggression,Aggression,3.0,16000,1,PCM_16,96044,WAV,indoor/outdoor,digital microphone / synthetic,1-5m,original,train,2026-09-27 12:06:14,6203cba529c4c05517dc8c646ddfe168dccbe68bcfc82b362ac75d1a9d253f2e,high,False
SS-00203,aggression_0203.wav,audio data/aggression/aggression_0203.wav,aggression,Aggression,3.0,16000,1,PCM_16,96044,WAV,indoor/outdoor,digital microphone / synthetic,1-5m,original,train,2026-09-27 12:06:14,c12ebe4c4bb73421c26229e941d5584de98c733ef6ab0f52df1421dc1463eb09,high,False
SS-00204,aggression_0204.wav,audio data/aggression/aggression_0204.wav,aggression,Aggression,3.0,16000,1,PCM_16,96044,WAV,indoor/outdoor,digital microphone / synthetic,1-5m,original,train,2026-09-27 12:06:14,fae896aa8f27195211c50c67a82c299aa2299b574594f7716d6566cfd6e6fcff,high,False
SS-00205,aggression_0205.wav,audio data/aggression/aggression_0205.wav,aggression,Aggression,3.0,16000,1,PCM_16,96044,WAV,indoor/outdoor,digital microphone / synthetic,1-5m,original,train,2026-09-27 12:06:14,cfc921c8a05744eba2269f0fe9510eb5a875c384e6292f9f9ba3fe19a4c2799e,high,False
SS-00206,aggression_0206.wav,audio data/aggression/aggression_0206.wav,aggression,Aggression,3.0,16000,1,PCM_16,96044,WAV,indoor/outdoor,digital microphone / synthetic,1-5m,original,train,2026-09-27 12:06:14,7bd3d247de9874852d3ce931b246148f0a884e111ea1fb048ff4f28c4063fa52,high,False
SS-00207,aggression_0207.wav,audio data/aggression/aggression_0207.wav,aggression,Aggression,3.0,16000,1,PCM_16,96044,WAV,indoor/outdoor,digital microphone / synthetic,1-5m,original,train,2026-09-27 12:06:14,69b2c8487d8de0132d090455cd20cb1eaebf3b50b3075d1e91908087d4ce9450,high,False
SS-00208,aggression_0208.wav,audio data/aggression/aggression_0208.wav,aggression,Aggression,3.0,16000,1,PCM_16,96044,WAV,indoor/outdoor,digital microphone / synthetic,1-5m,original,train,2026-09-27 12:06:14,df0b743ad5315256c504c53214a76988421f3d2e521828ee845739502504ea4f,high,False
SS-00209,aggression_0209.wav,audio data/aggression/aggression_0209.wav,aggression,Aggression,3.0,16000,1,PCM_16,96044,WAV,indoor/outdoor,digital microphone / synthetic,1-5m,original,train,2026-09-27 12:06:14,61ce0338f3bf6434eef252be3cf800b1bc809e07d9558b5fd5116f7b07e2bb7b,high,False
SS-00210,aggression_0210.wav,audio data/aggression/aggression_0210.wav,aggression,Aggression,3.0,16000,1,PCM_16,96044,WAV,indoor/outdoor,digital microphone / synthetic,1-5m,original,train,2026-09-27 12:06:14,dc812f9efabdf81e19dbd98bcbb20dd4f38d44dc5ddc9e8de9a6cbe4121dd5f7,high,False
SS-00211,aggression_0211.wav,audio data/aggression/aggression_0211.wav,aggression,Aggression,3.0,16000,1,PCM_16,96044,WAV,indoor/outdoor,digital microphone / synthetic,1-5m,original,train,2026-09-27 12:06:14,090c1b0d16aa26541c36fb2a3ccaafb8513627ad9a3c30a545084340e0c1b014,high,False
SS-00212,aggression_0212.wav,audio data/aggression/aggression_0212.wav,aggression,Aggression,3.0,16000,1,PCM_16,96044,WAV,indoor/outdoor,digital microphone / synthetic,1-5m,original,train,2026-09-27 12:06:14,3b4938c388ac6b6ca86b57f671a0aea268c29d37b76cf7c9d4d94f9d03a03745,high,False
SS-00213,aggression_0213.wav,audio data/aggression/aggression_0213.wav,aggression,Aggression,3.0,16000,1,PCM_16,96044,WAV,indoor/outdoor,digital microphone / synthetic,1-5m,original,train,2026-09-27 12:06:14,367b62e4e449523b8c5fe2cd6e97fbb82642f026e4c1b3bd8c1b5e4c1aa8383d,high,False
SS-00214,aggression_0214.wav,audio data/aggression/aggression_0214.wav,aggression,Aggression,3.0,16000,1,PCM_16,96044,WAV,indoor/outdoor,digital microphone / synthetic,1-5m,original,validation,2026-09-27 12:06:14,abf4ad36184bfb04a360108b47d9cfed1c0387cf0c1a790f7db2ab3ecdeec839,high,False
SS-00215,aggression_0215.wav,audio data/aggression/aggression_0215.wav,aggression,Aggression,3.0,16000,1,PCM_16,96044,WAV,indoor/outdoor,digital microphone / synthetic,1-5m,original,test,2026-09-27 12:06:14,69fd2fc0adeaab75ccf20cb6aa4dea4f9dc850ba2cc6892131e1fad2ed2f8422,high,False
SS-00216,aggression_0216.wav,audio data/aggression/aggression_0216.wav,aggression,Aggression,3.0,16000,1,PCM_16,96044,WAV,indoor/outdoor,digital microphone / synthetic,1-5m,original,train,2026-09-27 12:06:14,8eceee82af0ae6a978e03207b3b25720672295c710944af05e9ea2d4769a3d81,high,False
SS-00217,aggression_0217.wav,audio data/aggression/aggression_0217.wav,aggression,Aggression,3.0,16000,1,PCM_16,96044,WAV,indoor/outdoor,digital microphone / synthetic,1-5m,original,test,2026-09-27 12:06:14,c41ca084d47d948c8c0a1d2566fcf16c63effea2d58ca3900516ba2bdca62288,high,False
SS-00218,aggression_0218.wav,audio data/aggression/aggression_0218.wav,aggression,Aggression,3.0,16000,1,PCM_16,96044,WAV,indoor/outdoor,digital microphone / synthetic,1-5m,original,train,2026-09-27 12:06:14,454a93b2ebb24d4fd5315c656422a2cdc021006cd0c2ad59a420482814854296,high,False
SS-00219,aggression_0219.wav,audio data/aggression/aggression_0219.wav,aggression,Aggression,3.0,16000,1,PCM_16,96044,WAV,indoor/outdoor,digital microphone / synthetic,1-5m,original,validation,2026-09-27 12:06:14,b064c570004d2ec24ac7adbfaf60a87dc2c0027607fb2cfdd292073742aa1b98,high,False
SS-00220,aggression_0220.wav,audio data/aggression/aggression_0220.wav,aggression,Aggression,3.0,16000,1,PCM_16,96044,WAV,indoor/outdoor,digital microphone / synthetic,1-5m,original,train,2026-09-27 12:06:14,8cbb2840eb5abe27ebb178b82b81e8d42b1b4c063ee78d341db3cbe4ed6c7910,high,False
SS-00221,aggression_0221.wav,audio data/aggression/aggression_0221.wav,aggression,Aggression,3.0,16000,1,PCM_16,96044,WAV,indoor/outdoor,digital microphone / synthetic,1-5m,original,train,2026-09-27 12:06:14,344f087fc7f39811d1fdac8400822bb5d1a879246ece0f019741909461d2fac7,high,False
SS-00222,aggression_0222.wav,audio data/aggression/aggression_0222.wav,aggression,Aggression,3.0,16000,1,PCM_16,96044,WAV,indoor/outdoor,digital microphone / synthetic,1-5m,original,validation,2026-09-27 12:06:14,c88f8464699b7199538f6432ac551410ab6158ea562e97e06ec39556a1f40270,high,False
SS-00223,aggression_0223.wav,audio data/aggression/aggression_0223.wav,aggression,Aggression,3.0,16000,1,PCM_16,96044,WAV,indoor/outdoor,digital microphone / synthetic,1-5m,original,train,2026-09-27 12:06:14,2a165153763271d82ae83f2e6bb55aa3f74438cada52fa633a7ff167613a882d,high,False
SS-00224,aggression_0224.wav,audio data/aggression/aggression_0224.wav,aggression,Aggression,3.0,16000,1,PCM_16,96044,WAV,indoor/outdoor,digital microphone / synthetic,1-5m,original,train,2026-09-27 12:06:14,fb5d988df4124ed9737de48c6afd86f22216d02ceb1bd7edd202e3793e17d748,high,False
SS-00225,aggression_0225.wav,audio data/aggression/aggression_0225.wav,aggression,Aggression,3.0,16000,1,PCM_16,96044,WAV,indoor/outdoor,digital microphone / synthetic,1-5m,original,train,2026-09-27 12:06:14,449d2cf661073fd33a59879bdfeba9f5778f011446a9d4b4d13713ef44d898ef,high,False
SS-00226,aggression_0226.wav,audio data/aggression/aggression_0226.wav,aggression,Aggression,3.0,16000,1,PCM_16,96044,WAV,indoor/outdoor,digital microphone / synthetic,1-5m,original,train,2026-09-27 12:06:14,c370ffd0c717b2fd33a1e4e4243f9682543bc00ac8f6d76f78f91137c6ba8baa,high,False
SS-00227,aggression_0227.wav,audio data/aggression/aggression_0227.wav,aggression,Aggression,3.0,16000,1,PCM_16,96044,WAV,indoor/outdoor,digital microphone / synthetic,1-5m,original,train,2026-09-27 12:06:14,309a54cafa9aeb1515fbe229bb1c66c885d65534fa7114f895a7fd68ffe38424,high,False
SS-00228,aggression_0228.wav,audio data/aggression/aggression_0228.wav,aggression,Aggression,3.0,16000,1,PCM_16,96044,WAV,indoor/outdoor,digital microphone / synthetic,1-5m,original,train,2026-09-27 12:06:14,b1d593af758dce3dd7e52080e15ea8905a2d800d0d0561db67dd7243e15e1b19,high,False
SS-00229,aggression_0229.wav,audio data/aggression/aggression_0229.wav,aggression,Aggression,3.0,16000,1,PCM_16,96044,WAV,indoor/outdoor,digital microphone / synthetic,1-5m,original,train,2026-09-27 12:06:14,1aea1290e8288c45f9d79348c1688b153609277f78afea651280df23ea9d7671,high,False
SS-00230,aggression_0230.wav,audio data/aggression/aggression_0230.wav,aggression,Aggression,3.0,16000,1,PCM_16,96044,WAV,indoor/outdoor,digital microphone / synthetic,1-5m,original,test,2026-09-27 12:06:14,1402f479f34898d10e19c6c487acac3ebf5fea050b2da162f1b37cc43473a07d,high,False
SS-00231,aggression_0231.wav,audio data/aggression/aggression_0231.wav,aggression,Aggression,3.0,16000,1,PCM_16,96044,WAV,indoor/outdoor,digital microphone / synthetic,1-5m,original,train,2026-09-27 12:06:14,edb4069931d377240939e0d1396097128419a93175eea00aec777ee4166f918c,high,False
SS-00232,aggression_0232.wav,audio data/aggression/aggression_0232.wav,aggression,Aggression,3.0,16000,1,PCM_16,96044,WAV,indoor/outdoor,digital microphone / synthetic,1-5m,original,train,2026-09-27 12:06:14,5c36a1f4164cb67429bd119551a8f5519f00d393889df615b5fcd8a0119ad1ca,high,False
SS-00233,aggression_0233.wav,audio data/aggression/aggression_0233.wav,aggression,Aggression,3.0,16000,1,PCM_16,96044,WAV,indoor/outdoor,digital microphone / synthetic,1-5m,original,train,2026-09-27 12:06:14,ce6a773a5bca85da2e207785314a9f33a0b43473f686f6b4c636ce7e6c09422b,high,False
SS-00234,aggression_0234.wav,audio data/aggression/aggression_0234.wav,aggression,Aggression,3.0,16000,1,PCM_16,96044,WAV,indoor/outdoor,digital microphone / synthetic,1-5m,original,train,2026-09-27 12:06:14,eb050b12cd7d7da8e6275ffb7de4e0fc10584dcb4420d59130363cab0925abb7,high,False
SS-00235,aggression_0235.wav,audio data/aggression/aggression_0235.wav,aggression,Aggression,3.0,16000,1,PCM_16,96044,WAV,indoor/outdoor,digital microphone / synthetic,1-5m,original,validation,2026-09-27 12:06:14,15e1f12c1fbd14c59ac5de015b17992860d283b9b2ee82686bbf38b81981e5b8,high,False
SS-00236,aggression_0236.wav,audio data/aggression/aggression_0236.wav,aggression,Aggression,3.0,16000,1,PCM_16,96044,WAV,indoor/outdoor,digital microphone / synthetic,1-5m,original,test,2026-09-27 12:06:14,0d524e85cefdfaab7f68d59fef1264b780f7cdda548a10720fb889c7491cc6c8,high,False
SS-00237,aggression_0237.wav,audio data/aggression/aggression_0237.wav,aggression,Aggression,3.0,16000,1,PCM_16,96044,WAV,indoor/outdoor,digital microphone / synthetic,1-5m,original,train,2026-09-27 12:06:14,c5910c58ff9fc294c65b9fc1ae2b5b88789ecade46ff048d9882078352df85a2,high,False
SS-00238,aggression_0238.wav,audio data/aggression/aggression_0238.wav,aggression,Aggression,3.0,16000,1,PCM_16,96044,WAV,indoor/outdoor,digital microphone / synthetic,1-5m,original,validation,2026-09-27 12:06:14,b9ae055c3bfc0235e0b04df2361fb7ff1ed9d62842032504dc960c8238edb73d,high,False
SS-00239,aggression_0239.wav,audio data/aggression/aggression_0239.wav,aggression,Aggression,3.0,16000,1,PCM_16,96044,WAV,indoor/outdoor,digital microphone / synthetic,1-5m,original,train,2026-09-27 12:06:14,7d3aa9e7f7e97c414b012cb71dfa221411b44c6fd48f668b04d5d0bef336e85b,high,False
SS-00240,aggression_0240.wav,audio data/aggression/aggression_0240.wav,aggression,Aggression,3.0,16000,1,PCM_16,96044,WAV,indoor/outdoor,digital microphone / synthetic,1-5m,original,train,2026-09-27 12:06:14,ecfa951d70641b1d4a6a7eb417f7cf76d2330e0362a708af725076cf2a7fea3c,high,False
SS-00241,aggression_0241.wav,audio data/aggression/aggression_0241.wav,aggression,Aggression,3.0,16000,1,PCM_16,96044,WAV,indoor/outdoor,digital microphone / synthetic,1-5m,original,validation,2026-09-27 12:06:14,8b187730b2c2ec18f97de83454cb03ba1516c12d0e3d947a010f2cbc93eff111,high,False
SS-00242,aggression_0242.wav,audio data/aggression/aggression_0242.wav,aggression,Aggression,3.0,16000,1,PCM_16,96044,WAV,indoor/outdoor,digital microphone / synthetic,1-5m,original,train,2026-09-27 12:06:14,008949f866299203529196c44ae9eec73b8cbd33efc4168d148dfba173d5f49b,high,False
SS-00243,aggression_0243.wav,audio data/aggression/aggression_0243.wav,aggression,Aggression,3.0,16000,1,PCM_16,96044,WAV,indoor/outdoor,digital microphone / synthetic,1-5m,original,train,2026-09-27 12:06:14,fb27a33f5c640c100933f49cdce722cf1a21454975e3289854b7d69e78403fdd,high,False
SS-00244,aggression_0244.wav,audio data/aggression/aggression_0244.wav,aggression,Aggression,3.0,16000,1,PCM_16,96044,WAV,indoor/outdoor,digital microphone / synthetic,1-5m,original,train,2026-09-27 12:06:14,af9bfc0dff20ef599f3d178f664348df5bf50fba46063e1fd83c070a1936d974,high,False
SS-00245,aggression_0245.wav,audio data/aggression/aggression_0245.wav,aggression,Aggression,3.0,16000,1,PCM_16,96044,WAV,indoor/outdoor,digital microphone / synthetic,1-5m,original,train,2026-09-27 12:06:14,5a1c31ba99b604c9c5fc5520a4fefc06f5155e7464cb3d282cbdb87ad3d42087,high,False
SS-00246,aggression_0246.wav,audio data/aggression/aggression_0246.wav,aggression,Aggression,3.0,16000,1,PCM_16,96044,WAV,indoor/outdoor,digital microphone / synthetic,1-5m,original,train,2026-09-27 12:06:14,61206ee18b85c994551e41504e9f45378008cb7307f5fd41febcb4d920b55f96,high,False
SS-00247,aggression_0247.wav,audio data/aggression/aggression_0247.wav,aggression,Aggression,3.0,16000,1,PCM_16,96044,WAV,indoor/outdoor,digital microphone / synthetic,1-5m,original,train,2026-09-27 12:06:14,a5e1fcbcb39503067e481e074f24d3586a489398732aeaad0be994b29049b826,high,False
SS-00248,aggression_0248.wav,audio data/aggression/aggression_0248.wav,aggression,Aggression,3.0,16000,1,PCM_16,96044,WAV,indoor/outdoor,digital microphone / synthetic,1-5m,original,train,2026-09-27 12:06:14,ec46a7f40bd32bddc7ac9675bdf5c18db0067d21f8cbb7763f5c5fc1cafe8406,high,False
SS-00249,aggression_0249.wav,audio data/aggression/aggression_0249.wav,aggression,Aggression,3.0,16000,1,PCM_16,96044,WAV,indoor/outdoor,digital microphone / synthetic,1-5m,original,train,2026-09-27 12:06:14,804dca9c624ea84709898d5c457123b19e1f94c50498c4a66e24977fffd931e4,high,False
SS-00250,aggression_0250.wav,audio data/aggression/aggression_0250.wav,aggression,Aggression,3.0,16000,1,PCM_16,96044,WAV,indoor/outdoor,digital microphone / synthetic,1-5m,original,train,2026-09-27 12:06:14,aa8a8ad45a17e7ce00cb1bcc0fd0920fad6badf999d687d0924aca1b1aef5ad9,high,False
SS-00251,aggression_0251.wav,audio data/aggression/aggression_0251.wav,aggression,Aggression,3.0,16000,1,PCM_16,96044,WAV,indoor/outdoor,digital microphone / synthetic,1-5m,original,train,2026-09-27 12:06:14,a70a4a8e3e40850999a6edef497f93dc4e7045c66d981dd951cf6bbfe3eb2699,high,False
SS-00252,aggression_0252.wav,audio data/aggression/aggression_0252.wav,aggression,Aggression,3.0,16000,1,PCM_16,96044,WAV,indoor/outdoor,digital microphone / synthetic,1-5m,original,train,2026-09-27 12:06:14,786a1a7af078af426476f0c295153fc76fb720def91b08126201556a56d55daf,high,False
SS-00253,aggression_0253.wav,audio data/aggression/aggression_0253.wav,aggression,Aggression,3.0,16000,1,PCM_16,96044,WAV,indoor/outdoor,digital microphone / synthetic,1-5m,original,train,2026-09-27 12:06:14,ac528b9d74176328bf0818a98582df519616ea8493454ecda5e34003a4de1977,high,False
SS-00254,aggression_0254.wav,audio data/aggression/aggression_0254.wav,aggression,Aggression,3.0,16000,1,PCM_16,96044,WAV,indoor/outdoor,digital microphone / synthetic,1-5m,original,train,2026-09-27 12:06:14,b4f78b587855d5ffde8b4efeb2154ec6d1bad779e017a0ee07f77da0b9abc55d,high,False
SS-00255,aggression_0255.wav,audio data/aggression/aggression_0255.wav,aggression,Aggression,3.0,16000,1,PCM_16,96044,WAV,indoor/outdoor,digital microphone / synthetic,1-5m,original,train,2026-09-27 12:06:14,e9d03da6439eeb35b17208cd804aab93677f48721d9ae2a7bf11584d1c90d409,high,False
SS-00256,aggression_0256.wav,audio data/aggression/aggression_0256.wav,aggression,Aggression,3.0,16000,1,PCM_16,96044,WAV,indoor/outdoor,digital microphone / synthetic,1-5m,original,train,2026-09-27 12:06:14,6d4612671e23b7564d0b3979022e4c1c338dc521c576f95de1e55ed347ad4d77,high,False
SS-00257,aggression_0257.wav,audio data/aggression/aggression_0257.wav,aggression,Aggression,3.0,16000,1,PCM_16,96044,WAV,indoor/outdoor,digital microphone / synthetic,1-5m,original,train,2026-09-27 12:06:14,71c4f4f8692cf5f995b9f9368d58d7af577b1c5e00b7c7944442a6035b8447af,high,False
SS-00258,aggression_0258.wav,audio data/aggression/aggression_0258.wav,aggression,Aggression,3.0,16000,1,PCM_16,96044,WAV,indoor/outdoor,digital microphone / synthetic,1-5m,original,train,2026-09-27 12:06:14,00cf755427715464924f73e7fb8697dbf79b70f9bca119b38c09d9ecd92c96eb,high,False
SS-00259,aggression_0259.wav,audio data/aggression/aggression_0259.wav,aggression,Aggression,3.0,16000,1,PCM_16,96044,WAV,indoor/outdoor,digital microphone / synthetic,1-5m,original,test,2026-09-27 12:06:14,86765f75b0b1297e13d4441afe0c4337af1142f32c6f7424655a6520886c08eb,high,False
SS-00260,aggression_0260.wav,audio data/aggression/aggression_0260.wav,aggression,Aggression,3.0,16000,1,PCM_16,96044,WAV,indoor/outdoor,digital microphone / synthetic,1-5m,original,train,2026-09-27 12:06:14,1b2de8fe4048f0421752c819faf4bbbf078487cd052471c331bddea14f325c07,high,False
SS-00261,aggression_0261.wav,audio data/aggression/aggression_0261.wav,aggression,Aggression,3.0,16000,1,PCM_16,96044,WAV,indoor/outdoor,digital microphone / synthetic,1-5m,original,train,2026-09-27 12:06:14,6f0515e27bbabf109a68eef452622a9eba267b47d25d596500aaa7b0d659d5ba,high,False
SS-00262,aggression_0262.wav,audio data/aggression/aggression_0262.wav,aggression,Aggression,3.0,16000,1,PCM_16,96044,WAV,indoor/outdoor,digital microphone / synthetic,1-5m,original,train,2026-09-27 12:06:14,a314bf0605f2d284ba24973a135e9f5566b958b8e9de0082b1136edc44fdf80c,high,False
SS-00263,aggression_0263.wav,audio data/aggression/aggression_0263.wav,aggression,Aggression,3.0,16000,1,PCM_16,96044,WAV,indoor/outdoor,digital microphone / synthetic,1-5m,original,train,2026-09-27 12:06:14,9552f8416afdcc362e2b57cb13bd7155cb0e8c7fd1ab6193b37d1f44a72d3ad0,high,False
SS-00264,aggression_0264.wav,audio data/aggression/aggression_0264.wav,aggression,Aggression,3.0,16000,1,PCM_16,96044,WAV,indoor/outdoor,digital microphone / synthetic,1-5m,original,validation,2026-09-27 12:06:14,54222f77667855a946c57618d666b83345acee559bf70658680a7db63c99d0ee,high,False
SS-00265,aggression_0265.wav,audio data/aggression/aggression_0265.wav,aggression,Aggression,3.0,16000,1,PCM_16,96044,WAV,indoor/outdoor,digital microphone / synthetic,1-5m,original,train,2026-09-27 12:06:14,f62a3e7cbe2150d386c5efc895a490d78093cb543ca33d00523b7f0cc1f67a86,high,False
SS-00266,aggression_0266.wav,audio data/aggression/aggression_0266.wav,aggression,Aggression,3.0,16000,1,PCM_16,96044,WAV,indoor/outdoor,digital microphone / synthetic,1-5m,original,validation,2026-09-27 12:06:14,ae92d3a596478ada076828516fbc18664a8ffac035c5c29f2a510b2064eeecc8,high,False
SS-00267,aggression_0267.wav,audio data/aggression/aggression_0267.wav,aggression,Aggression,3.0,16000,1,PCM_16,96044,WAV,indoor/outdoor,digital microphone / synthetic,1-5m,original,train,2026-09-27 12:06:14,0779214be6433ac25e5ff2c0b4f91d56bbc2f13aa731cf9b620f42cb189de77f,high,False
SS-00268,aggression_0268.wav,audio data/aggression/aggression_0268.wav,aggression,Aggression,3.0,16000,1,PCM_16,96044,WAV,indoor/outdoor,digital microphone / synthetic,1-5m,original,train,2026-09-27 12:06:14,ea6bf701228ba4cb786ba6143c635b8456f3612f1b8ec778dbcf5b4622f4a347,high,False
SS-00269,aggression_0269.wav,audio data/aggression/aggression_0269.wav,aggression,Aggression,3.0,16000,1,PCM_16,96044,WAV,indoor/outdoor,digital microphone / synthetic,1-5m,original,train,2026-09-27 12:06:14,528bc6454a621a52242826511a0abd447b92dfd6db871e02a8cb46af73076478,high,False
SS-00270,aggression_0270.wav,audio data/aggression/aggression_0270.wav,aggression,Aggression,3.0,16000,1,PCM_16,96044,WAV,indoor/outdoor,digital microphone / synthetic,1-5m,original,train,2026-09-27 12:06:14,3d89b65d0ec737a75a07ab92703a60a7227515b9b05340e7602e4b05837a1aee,high,False
SS-00271,aggression_0271.wav,audio data/aggression/aggression_0271.wav,aggression,Aggression,3.0,16000,1,PCM_16,96044,WAV,indoor/outdoor,digital microphone / synthetic,1-5m,original,train,2026-09-27 12:06:14,458229482832a6ad86fa3b2122c25cb8418f338f9187077e83a8dd7bb64cf8ba,high,False
SS-00272,aggression_0272.wav,audio data/aggression/aggression_0272.wav,aggression,Aggression,3.0,16000,1,PCM_16,96044,WAV,indoor/outdoor,digital microphone / synthetic,1-5m,original,train,2026-09-27 12:06:14,d558fe58ecd75231c82cc9fe741836f2fd41eea5b3f4654ff1e3e4d2ab487252,high,False
SS-00273,aggression_0273.wav,audio data/aggression/aggression_0273.wav,aggression,Aggression,3.0,16000,1,PCM_16,96044,WAV,indoor/outdoor,digital microphone / synthetic,1-5m,original,validation,2026-09-27 12:06:14,521812add06c66df7e7358b179ee03a7e5bf6f30d7d85b8f24b0cd53b12ef9fc,high,False
SS-00274,aggression_0274.wav,audio data/aggression/aggression_0274.wav,aggression,Aggression,3.0,16000,1,PCM_16,96044,WAV,indoor/outdoor,digital microphone / synthetic,1-5m,original,validation,2026-09-27 12:06:14,0dbbb20e65eb856fa97e38b7904cbafa43f5d76291583905ed794ba41bf3e2f7,high,False
SS-00275,aggression_0275.wav,audio data/aggression/aggression_0275.wav,aggression,Aggression,3.0,16000,1,PCM_16,96044,WAV,indoor/outdoor,digital microphone / synthetic,1-5m,original,train,2026-09-27 12:06:14,a39834bd262f4d062567aa1bb086c67c8186430e40fdacb597e6efb798b9efb2,high,False
SS-00276,aggression_0276.wav,audio data/aggression/aggression_0276.wav,aggression,Aggression,3.0,16000,1,PCM_16,96044,WAV,indoor/outdoor,digital microphone / synthetic,1-5m,original,train,2026-09-27 12:06:14,27319d86c5ae778766078a3c95aa5367ebbe05af79b3b8a2b1d715aea1b29d2f,high,False
SS-00277,aggression_0277.wav,audio data/aggression/aggression_0277.wav,aggression,Aggression,3.0,16000,1,PCM_16,96044,WAV,indoor/outdoor,digital microphone / synthetic,1-5m,original,train,2026-09-27 12:06:14,2404e9eb6db8997a624dbd605a3277423926f617893213808c47d3f2ea1ae016,high,False
SS-00278,aggression_0278.wav,audio data/aggression/aggression_0278.wav,aggression,Aggression,3.0,16000,1,PCM_16,96044,WAV,indoor/outdoor,digital microphone / synthetic,1-5m,original,test,2026-09-27 12:06:14,d157afbfd53c40426002987be0ef1d4df4845df954be47dd75e3668782ee804f,high,False
SS-00279,aggression_0279.wav,audio data/aggression/aggression_0279.wav,aggression,Aggression,3.0,16000,1,PCM_16,96044,WAV,indoor/outdoor,digital microphone / synthetic,1-5m,original,train,2026-09-27 12:06:14,537d7284eeedfa960ba83275965439c5aeb2fd79f82943115a90806f43a7e1f5,high,False
SS-00280,aggression_0280.wav,audio data/aggression/aggression_0280.wav,aggression,Aggression,3.0,16000,1,PCM_16,96044,WAV,indoor/outdoor,digital microphone / synthetic,1-5m,original,test,2026-09-27 12:06:14,8880f283d1cf3b03148e77918a0a7442fd22aad2fbb36f22eeb47259efff656d,high,False
SS-00281,aggression_0281.wav,audio data/aggression/aggression_0281.wav,aggression,Aggression,3.0,16000,1,PCM_16,96044,WAV,indoor/outdoor,digital microphone / synthetic,1-5m,original,train,2026-09-27 12:06:14,e5370824fb033343c42a5969c451fec5c3d0717538c74c4da7386ee5cb003c8b,high,False
SS-00282,aggression_0282.wav,audio data/aggression/aggression_0282.wav,aggression,Aggression,3.0,16000,1,PCM_16,96044,WAV,indoor/outdoor,digital microphone / synthetic,1-5m,original,train,2026-09-27 12:06:14,07a35b9e9eb6da491d19da6e28f794aa655eaef3994dc21a10be69ce9e194caf,high,False
SS-00283,aggression_0283.wav,audio data/aggression/aggression_0283.wav,aggression,Aggression,3.0,16000,1,PCM_16,96044,WAV,indoor/outdoor,digital microphone / synthetic,1-5m,original,train,2026-09-27 12:06:14,c9154733470af2fff1d37bbda635aa808cf97bc37b445666d9f085e4f3fa37a3,high,False
SS-00284,aggression_0284.wav,audio data/aggression/aggression_0284.wav,aggression,Aggression,3.0,16000,1,PCM_16,96044,WAV,indoor/outdoor,digital microphone / synthetic,1-5m,original,train,2026-09-27 12:06:14,5e0259b1ea39558f2b3cd3fab54bbae70e0c2db7db460f5e23f941d0f7c5c920,high,False
SS-00285,aggression_0285.wav,audio data/aggression/aggression_0285.wav,aggression,Aggression,3.0,16000,1,PCM_16,96044,WAV,indoor/outdoor,digital microphone / synthetic,1-5m,original,train,2026-09-27 12:06:14,173051a90eab2148fddc8fad60b84a96a30d5d17cd81210b84ce87c00b277544,high,False
SS-00286,aggression_0286.wav,audio data/aggression/aggression_0286.wav,aggression,Aggression,3.0,16000,1,PCM_16,96044,WAV,indoor/outdoor,digital microphone / synthetic,1-5m,original,train,2026-09-27 12:06:14,1f4d61c3b997556c647d9134b71b3344533968d3466aa0c4dcb66e407ad76758,high,False
SS-00287,aggression_0287.wav,audio data/aggression/aggression_0287.wav,aggression,Aggression,3.0,16000,1,PCM_16,96044,WAV,indoor/outdoor,digital microphone / synthetic,1-5m,original,train,2026-09-27 12:06:14,245b2fd4cdfc55b32fa9e83460d2d79795cdf59a69b5e3d8da65bc37536b58ec,high,False
SS-00288,aggression_0288.wav,audio data/aggression/aggression_0288.wav,aggression,Aggression,3.0,16000,1,PCM_16,96044,WAV,indoor/outdoor,digital microphone / synthetic,1-5m,original,test,2026-09-27 12:06:14,56baf102d1a63e2bbfe49f7c99d4a391efa9dfd24ee27661ca1cb3661f131524,high,False
SS-00289,aggression_0289.wav,audio data/aggression/aggression_0289.wav,aggression,Aggression,3.0,16000,1,PCM_16,96044,WAV,indoor/outdoor,digital microphone / synthetic,1-5m,original,train,2026-09-27 12:06:14,6c881d6c9d164b146c7e9cdbc83507f52cebb32cbe9e28736cdedd6b7c35bce1,high,False
SS-00290,aggression_0290.wav,audio data/aggression/aggression_0290.wav,aggression,Aggression,3.0,16000,1,PCM_16,96044,WAV,indoor/outdoor,digital microphone / synthetic,1-5m,original,train,2026-09-27 12:06:14,6127773d4d5b59ea4249bfc49d835192fe81c25fb0a7578731c8c11dcc9eceb7,high,False
SS-00291,aggression_0291.wav,audio data/aggression/aggression_0291.wav,aggression,Aggression,3.0,16000,1,PCM_16,96044,WAV,indoor/outdoor,digital microphone / synthetic,1-5m,original,test,2026-09-27 12:06:14,fbe70d004117bf118af91e68fbfa0ac1f79f33440e34ece05506ccb7fffba5ee,high,False
SS-00292,aggression_0292.wav,audio data/aggression/aggression_0292.wav,aggression,Aggression,3.0,16000,1,PCM_16,96044,WAV,indoor/outdoor,digital microphone / synthetic,1-5m,original,train,2026-09-27 12:06:14,0ec2065583957b9c3a9dd16caee113259d354bd09053c12c829dc22ff810ec72,high,False
SS-00293,aggression_0293.wav,audio data/aggression/aggression_0293.wav,aggression,Aggression,3.0,16000,1,PCM_16,96044,WAV,indoor/outdoor,digital microphone / synthetic,1-5m,original,test,2026-09-27 12:06:14,c3f47e2c26f1cded74a177752770ce1fc770d0a69dce91da1a9efa8248bdc77c,high,False
SS-00294,aggression_0294.wav,audio data/aggression/aggression_0294.wav,aggression,Aggression,3.0,16000,1,PCM_16,96044,WAV,indoor/outdoor,digital microphone / synthetic,1-5m,original,test,2026-09-27 12:06:14,a5d28c8dfd3aef592bff1bec3ef97e5ec20ce9d97120719ad875430a34d6f8db,high,False
SS-00295,aggression_0295.wav,audio data/aggression/aggression_0295.wav,aggression,Aggression,3.0,16000,1,PCM_16,96044,WAV,indoor/outdoor,digital microphone / synthetic,1-5m,original,validation,2026-09-27 12:06:14,9f8ed4cff92187ca2f09c37c95b26dffce2a0444161fd79f4a047f5788c2a70d,high,False
SS-00296,aggression_0296.wav,audio data/aggression/aggression_0296.wav,aggression,Aggression,3.0,16000,1,PCM_16,96044,WAV,indoor/outdoor,digital microphone / synthetic,1-5m,original,train,2026-09-27 12:06:14,f34cae7f3480aaad012cbc64851f34a07dedf29fba12d3b7b267de1157c3b563,high,False
SS-00297,aggression_0297.wav,audio data/aggression/aggression_0297.wav,aggression,Aggression,3.0,16000,1,PCM_16,96044,WAV,indoor/outdoor,digital microphone / synthetic,1-5m,original,train,2026-09-27 12:06:14,c9caa9c94d33a2a27d0d867ed63709e6e78d79212307ab787fcc352a8087e554,high,False
SS-00298,aggression_0298.wav,audio data/aggression/aggression_0298.wav,aggression,Aggression,3.0,16000,1,PCM_16,96044,WAV,indoor/outdoor,digital microphone / synthetic,1-5m,original,train,2026-09-27 12:06:14,4d68cb8c75bdf40dd1c3479df087ca1d8a8959c85c2ce393037e8475df33e00b,high,False
SS-00299,aggression_0299.wav,audio data/aggression/aggression_0299.wav,aggression,Aggression,3.0,16000,1,PCM_16,96044,WAV,indoor/outdoor,digital microphone / synthetic,1-5m,original,train,2026-09-27 12:06:14,4e17f74f4745c980bbefc57d83ea4f06e29e97cdb7aa6823f895ad17a464ab5a,high,False
SS-00300,aggression_0300.wav,audio data/aggression/aggression_0300.wav,aggression,Aggression,3.0,16000,1,PCM_16,96044,WAV,indoor/outdoor,digital microphone / synthetic,1-5m,original,train,2026-09-27 12:06:14,e10819fbc4dd82a2e28b9524c02523ddcec940f4dce27bf84ce425ac66e5b534,high,False
SS-00301,alarm_siren_0001.wav,audio data/alarm_siren/alarm_siren_0001.wav,alarm_siren,Alarm or Siren,3.0,16000,1,PCM_16,96044,WAV,indoor/outdoor,digital microphone / synthetic,5-50m,original,train,2026-09-27 12:06:14,f4230d614ed3036760199b26ac7646950a9d30f827068f86626e07e58a33d389,high,False
SS-00302,alarm_siren_0002.wav,audio data/alarm_siren/alarm_siren_0002.wav,alarm_siren,Alarm or Siren,3.0,16000,1,PCM_16,96044,WAV,indoor/outdoor,digital microphone / synthetic,5-50m,original,train,2026-09-27 12:06:14,f4ea94b4c961e625eb565752f54cce8838d872d1e2c6cdd3255d891015c2eab2,high,False
SS-00303,alarm_siren_0003.wav,audio data/alarm_siren/alarm_siren_0003.wav,alarm_siren,Alarm or Siren,3.0,16000,1,PCM_16,96044,WAV,indoor/outdoor,digital microphone / synthetic,5-50m,original,validation,2026-09-27 12:06:14,7e856fc9bba367bd26f75379e36966a6d0d0137c3bef5dabce53b8e7d14691a8,high,False
SS-00304,alarm_siren_0004.wav,audio data/alarm_siren/alarm_siren_0004.wav,alarm_siren,Alarm or Siren,3.0,16000,1,PCM_16,96044,WAV,indoor/outdoor,digital microphone / synthetic,5-50m,original,train,2026-09-27 12:06:14,5b04ba41ca43150991b5246a13115523a6eed51ec17e9978ce3d73237a5ddcd3,high,False
SS-00305,alarm_siren_0005.wav,audio data/alarm_siren/alarm_siren_0005.wav,alarm_siren,Alarm or Siren,3.0,16000,1,PCM_16,96044,WAV,indoor/outdoor,digital microphone / synthetic,5-50m,original,test,2026-09-27 12:06:14,1da98b62f5d3a8c9c5830cb6165192f7139bacaf601101de036a42eb85d78800,high,False
SS-00306,alarm_siren_0006.wav,audio data/alarm_siren/alarm_siren_0006.wav,alarm_siren,Alarm or Siren,3.0,16000,1,PCM_16,96044,WAV,indoor/outdoor,digital microphone / synthetic,5-50m,original,train,2026-09-27 12:06:14,f5a17ffb2c79c6b69900a14f3d572e346c3ab59bb602ae892a4d29e6d9d0e7b2,high,False
SS-00307,alarm_siren_0007.wav,audio data/alarm_siren/alarm_siren_0007.wav,alarm_siren,Alarm or Siren,3.0,16000,1,PCM_16,96044,WAV,indoor/outdoor,digital microphone / synthetic,5-50m,original,train,2026-09-27 12:06:14,de98111e1935dffa9cf0132a5d7ae63dd24bbb0b25d2cacfe71b903ae9b06031,high,False
SS-00308,alarm_siren_0008.wav,audio data/alarm_siren/alarm_siren_0008.wav,alarm_siren,Alarm or Siren,3.0,16000,1,PCM_16,96044,WAV,indoor/outdoor,digital microphone / synthetic,5-50m,original,train,2026-09-27 12:06:14,f8bfe47f47d59532e402bf62cbc3cd41651fa6f290740485cf7d1b9948f2e559,high,False
SS-00309,alarm_siren_0009.wav,audio data/alarm_siren/alarm_siren_0009.wav,alarm_siren,Alarm or Siren,3.0,16000,1,PCM_16,96044,WAV,indoor/outdoor,digital microphone / synthetic,5-50m,original,train,2026-09-27 12:06:14,8f816fd5f7e92bb1eb84fdc4b14231e8f294cebdb853fdbbe1017533b945f0f6,high,False
SS-00310,alarm_siren_0010.wav,audio data/alarm_siren/alarm_siren_0010.wav,alarm_siren,Alarm or Siren,3.0,16000,1,PCM_16,96044,WAV,indoor/outdoor,digital microphone / synthetic,5-50m,original,train,2026-09-27 12:06:14,496009404de0ce3f9425eb84897baac13610b1c830f59803910f6866af316c77,high,False
SS-00311,alarm_siren_0011.wav,audio data/alarm_siren/alarm_siren_0011.wav,alarm_siren,Alarm or Siren,3.0,16000,1,PCM_16,96044,WAV,indoor/outdoor,digital microphone / synthetic,5-50m,original,train,2026-09-27 12:06:14,b92740798f88a3b076812e0388ba695b1fe2da7e5d2a4496112a0bcb6a62bb04,high,False
SS-00312,alarm_siren_0012.wav,audio data/alarm_siren/alarm_siren_0012.wav,alarm_siren,Alarm or Siren,3.0,16000,1,PCM_16,96044,WAV,indoor/outdoor,digital microphone / synthetic,5-50m,original,train,2026-09-27 12:06:14,0b8750832b17824fad1d21d8191d0b8c5c12e3280926098197af8d4e0a20fdb1,high,False
SS-00313,alarm_siren_0013.wav,audio data/alarm_siren/alarm_siren_0013.wav,alarm_siren,Alarm or Siren,3.0,16000,1,PCM_16,96044,WAV,indoor/outdoor,digital microphone / synthetic,5-50m,original,train,2026-09-27 12:06:14,28ffb0483cc376b8ce08985ca492b46fa77aeefbe6e5abc5ba5e54ca7df9c199,high,False
SS-00314,alarm_siren_0014.wav,audio data/alarm_siren/alarm_siren_0014.wav,alarm_siren,Alarm or Siren,3.0,16000,1,PCM_16,96044,WAV,indoor/outdoor,digital microphone / synthetic,5-50m,original,train,2026-09-27 12:06:14,58ce7bda695bb29b26a3d537c6727b24b8f9e5e1bfb458dbd8d102856e6ab75b,high,False
SS-00315,alarm_siren_0015.wav,audio data/alarm_siren/alarm_siren_0015.wav,alarm_siren,Alarm or Siren,3.0,16000,1,PCM_16,96044,WAV,indoor/outdoor,digital microphone / synthetic,5-50m,original,train,2026-09-27 12:06:14,15236c86346e46ee6aedcff8ed2dd60a6f2e263e94275aea20319bb74e1a36cd,high,False
SS-00316,alarm_siren_0016.wav,audio data/alarm_siren/alarm_siren_0016.wav,alarm_siren,Alarm or Siren,3.0,16000,1,PCM_16,96044,WAV,indoor/outdoor,digital microphone / synthetic,5-50m,original,train,2026-09-27 12:06:14,f0d1abdd26979e93411ab48ac12953caa65e47def6bf3e24e563aa471bd5e1e1,high,False
SS-00317,alarm_siren_0017.wav,audio data/alarm_siren/alarm_siren_0017.wav,alarm_siren,Alarm or Siren,3.0,16000,1,PCM_16,96044,WAV,indoor/outdoor,digital microphone / synthetic,5-50m,original,train,2026-09-27 12:06:14,9e0e7ee1c112bb34574b5214c63bf0d3f3d01c907ee85d237cc72d0eae49b02c,high,False
SS-00318,alarm_siren_0018.wav,audio data/alarm_siren/alarm_siren_0018.wav,alarm_siren,Alarm or Siren,3.0,16000,1,PCM_16,96044,WAV,indoor/outdoor,digital microphone / synthetic,5-50m,original,validation,2026-09-27 12:06:14,93a57693cd823ce7281db2d52b7fa8334eb0f1e991209e900beee2eb50c89adf,high,False
SS-00319,alarm_siren_0019.wav,audio data/alarm_siren/alarm_siren_0019.wav,alarm_siren,Alarm or Siren,3.0,16000,1,PCM_16,96044,WAV,indoor/outdoor,digital microphone / synthetic,5-50m,original,train,2026-09-27 12:06:14,5d21c660e312ffd4f84e65ee34f7460a9eea121b331930572b1111166b9b2985,high,False
SS-00320,alarm_siren_0020.wav,audio data/alarm_siren/alarm_siren_0020.wav,alarm_siren,Alarm or Siren,3.0,16000,1,PCM_16,96044,WAV,indoor/outdoor,digital microphone / synthetic,5-50m,original,train,2026-09-27 12:06:14,71e8428972d40c7e7a39598b4177921c556a2dbc6d1393d070a5b4b8b5ba96a6,high,False
SS-00321,alarm_siren_0021.wav,audio data/alarm_siren/alarm_siren_0021.wav,alarm_siren,Alarm or Siren,3.0,16000,1,PCM_16,96044,WAV,indoor/outdoor,digital microphone / synthetic,5-50m,original,test,2026-09-27 12:06:14,e830b0f3bb082465fa29c5d915ae4b068ef451ded0da6acd81c85a9b06877cd1,high,False
SS-00322,alarm_siren_0022.wav,audio data/alarm_siren/alarm_siren_0022.wav,alarm_siren,Alarm or Siren,3.0,16000,1,PCM_16,96044,WAV,indoor/outdoor,digital microphone / synthetic,5-50m,original,train,2026-09-27 12:06:14,17911ec05d3f0482ac754ac84719b5c0f67d8e9e77e0563da0ff09b24e04753f,high,False
SS-00323,alarm_siren_0023.wav,audio data/alarm_siren/alarm_siren_0023.wav,alarm_siren,Alarm or Siren,3.0,16000,1,PCM_16,96044,WAV,indoor/outdoor,digital microphone / synthetic,5-50m,original,train,2026-09-27 12:06:14,29451ae8425929f250c7815d6040bfbf20ade07d3fbb1dca675aee3ceca566a2,high,False
SS-00324,alarm_siren_0024.wav,audio data/alarm_siren/alarm_siren_0024.wav,alarm_siren,Alarm or Siren,3.0,16000,1,PCM_16,96044,WAV,indoor/outdoor,digital microphone / synthetic,5-50m,original,train,2026-09-27 12:06:14,bbc8277172b5b587c66247474b3f6036bfdfaac4e3b3ca886af9f7dfaf828b00,high,False
SS-00325,alarm_siren_0025.wav,audio data/alarm_siren/alarm_siren_0025.wav,alarm_siren,Alarm or Siren,3.0,16000,1,PCM_16,96044,WAV,indoor/outdoor,digital microphone / synthetic,5-50m,original,train,2026-09-27 12:06:14,03d4fd5c2e6d53161dacb55d9cc1b7c0d4b725eb441b977f25713d0631b86ea2,high,False
SS-00326,alarm_siren_0026.wav,audio data/alarm_siren/alarm_siren_0026.wav,alarm_siren,Alarm or Siren,3.0,16000,1,PCM_16,96044,WAV,indoor/outdoor,digital microphone / synthetic,5-50m,original,test,2026-09-27 12:06:14,a51241d573d688d7cb6ce3261252c485b928d3f332f4c7fd59e0fb57e3f8b721,high,False
SS-00327,alarm_siren_0027.wav,audio data/alarm_siren/alarm_siren_0027.wav,alarm_siren,Alarm or Siren,3.0,16000,1,PCM_16,96044,WAV,indoor/outdoor,digital microphone / synthetic,5-50m,original,validation,2026-09-27 12:06:14,9b8a02d5483dbddd8ee7bb3b038ac014995a78d539c57ee64682c1ce7f8f63db,high,False
SS-00328,alarm_siren_0028.wav,audio data/alarm_siren/alarm_siren_0028.wav,alarm_siren,Alarm or Siren,3.0,16000,1,PCM_16,96044,WAV,indoor/outdoor,digital microphone / synthetic,5-50m,original,validation,2026-09-27 12:06:14,a0d712b84770094d8957a3359edd896fb3c8f2e3e1297956e145d63068f57125,high,False
SS-00329,alarm_siren_0029.wav,audio data/alarm_siren/alarm_siren_0029.wav,alarm_siren,Alarm or Siren,3.0,16000,1,PCM_16,96044,WAV,indoor/outdoor,digital microphone / synthetic,5-50m,original,train,2026-09-27 12:06:14,a19a531e7e6dafc5caa0b2adcee3a8aaf37b9f05f0e8165c0e59f21948c2b6af,high,False
SS-00330,alarm_siren_0030.wav,audio data/alarm_siren/alarm_siren_0030.wav,alarm_siren,Alarm or Siren,3.0,16000,1,PCM_16,96044,WAV,indoor/outdoor,digital microphone / synthetic,5-50m,original,test,2026-09-27 12:06:14,35c433e3901f706633b519133659b4589d87e399f928283db673f9fcc53b72a2,high,False
SS-00331,alarm_siren_0031.wav,audio data/alarm_siren/alarm_siren_0031.wav,alarm_siren,Alarm or Siren,3.0,16000,1,PCM_16,96044,WAV,indoor/outdoor,digital microphone / synthetic,5-50m,original,train,2026-09-27 12:06:14,52b2711e181d436ccd3b8da3d957c7928a541424e3360de35c94d1111439f230,high,False
SS-00332,alarm_siren_0032.wav,audio data/alarm_siren/alarm_siren_0032.wav,alarm_siren,Alarm or Siren,3.0,16000,1,PCM_16,96044,WAV,indoor/outdoor,digital microphone / synthetic,5-50m,original,test,2026-09-27 12:06:14,a4f6928be302fc0043880be3984d030e70bcdd60b83d1b3e0832955e56b5cba6,high,False
SS-00333,alarm_siren_0033.wav,audio data/alarm_siren/alarm_siren_0033.wav,alarm_siren,Alarm or Siren,3.0,16000,1,PCM_16,96044,WAV,indoor/outdoor,digital microphone / synthetic,5-50m,original,train,2026-09-27 12:06:14,7f9923f0cfb428f42a4077557d6e77b500ef2505d0b6e52d9683fefae97ae4bf,high,False
SS-00334,alarm_siren_0034.wav,audio data/alarm_siren/alarm_siren_0034.wav,alarm_siren,Alarm or Siren,3.0,16000,1,PCM_16,96044,WAV,indoor/outdoor,digital microphone / synthetic,5-50m,original,validation,2026-09-27 12:06:14,88779b04eabd5a8ee35fa12d99b1d19448066061170ffb405ee23ae3a7fa0c8b,high,False
SS-00335,alarm_siren_0035.wav,audio data/alarm_siren/alarm_siren_0035.wav,alarm_siren,Alarm or Siren,3.0,16000,1,PCM_16,96044,WAV,indoor/outdoor,digital microphone / synthetic,5-50m,original,test,2026-09-27 12:06:14,dce7b12d002cf7d7a12224de36b719bba73d62b5c7f7db77c469f77780014898,high,False
SS-00336,alarm_siren_0036.wav,audio data/alarm_siren/alarm_siren_0036.wav,alarm_siren,Alarm or Siren,3.0,16000,1,PCM_16,96044,WAV,indoor/outdoor,digital microphone / synthetic,5-50m,original,test,2026-09-27 12:06:14,093d1bee27641d837e924bcb29740ae660dfb88459f0635590d94eebbd61f608,high,False
SS-00337,alarm_siren_0037.wav,audio data/alarm_siren/alarm_siren_0037.wav,alarm_siren,Alarm or Siren,3.0,16000,1,PCM_16,96044,WAV,indoor/outdoor,digital microphone / synthetic,5-50m,original,train,2026-09-27 12:06:14,920e283f6e6e0023292a6cf7c19e7816bdcd795decd32730a637970b1c50553a,high,False
SS-00338,alarm_siren_0038.wav,audio data/alarm_siren/alarm_siren_0038.wav,alarm_siren,Alarm or Siren,3.0,16000,1,PCM_16,96044,WAV,indoor/outdoor,digital microphone / synthetic,5-50m,original,test,2026-09-27 12:06:14,55eb89cfe153b33677fd75ac50ffc72a54d8d2d8f972bc1319dcca85e7d20025,high,False
SS-00339,alarm_siren_0039.wav,audio data/alarm_siren/alarm_siren_0039.wav,alarm_siren,Alarm or Siren,3.0,16000,1,PCM_16,96044,WAV,indoor/outdoor,digital microphone / synthetic,5-50m,original,train,2026-09-27 12:06:14,50a3c6624c37a282cec9ed96f17ab5e6ea1f12db9482fdffda9a673aa8903de3,high,False
SS-00340,alarm_siren_0040.wav,audio data/alarm_siren/alarm_siren_0040.wav,alarm_siren,Alarm or Siren,3.0,16000,1,PCM_16,96044,WAV,indoor/outdoor,digital microphone / synthetic,5-50m,original,validation,2026-09-27 12:06:14,b25659f8daaab1bff41c1681475d86d470a9dd05101297bbbeca69f24b276fb3,high,False
SS-00341,alarm_siren_0041.wav,audio data/alarm_siren/alarm_siren_0041.wav,alarm_siren,Alarm or Siren,3.0,16000,1,PCM_16,96044,WAV,indoor/outdoor,digital microphone / synthetic,5-50m,original,validation,2026-09-27 12:06:14,31a6d5150fd1aeac0e06e78a91d82a76f9c56cda6743d254dbd1fc101b56f248,high,False
SS-00342,alarm_siren_0042.wav,audio data/alarm_siren/alarm_siren_0042.wav,alarm_siren,Alarm or Siren,3.0,16000,1,PCM_16,96044,WAV,indoor/outdoor,digital microphone / synthetic,5-50m,original,test,2026-09-27 12:06:14,d2ee5e83e88c7e3657c45a879a10719ade8b64cfd83408ed6f82120f26b41682,high,False
SS-00343,alarm_siren_0043.wav,audio data/alarm_siren/alarm_siren_0043.wav,alarm_siren,Alarm or Siren,3.0,16000,1,PCM_16,96044,WAV,indoor/outdoor,digital microphone / synthetic,5-50m,original,train,2026-09-27 12:06:14,931eb1f35cb9ad013fad3f5be0601f6223ac1242ca8010472b372e2f7b376a96,high,False
SS-00344,alarm_siren_0044.wav,audio data/alarm_siren/alarm_siren_0044.wav,alarm_siren,Alarm or Siren,3.0,16000,1,PCM_16,96044,WAV,indoor/outdoor,digital microphone / synthetic,5-50m,original,train,2026-09-27 12:06:14,9be42053ac7513229a9dfecc2945a19181ed8dbe8f26b8c21dbb62e3d9a75ae2,high,False
SS-00345,alarm_siren_0045.wav,audio data/alarm_siren/alarm_siren_0045.wav,alarm_siren,Alarm or Siren,3.0,16000,1,PCM_16,96044,WAV,indoor/outdoor,digital microphone / synthetic,5-50m,original,train,2026-09-27 12:06:14,ed6de991f22be1a7c370326d7cd7eeef327d14c65294f39dc087799061a14e8d,high,False
SS-00346,alarm_siren_0046.wav,audio data/alarm_siren/alarm_siren_0046.wav,alarm_siren,Alarm or Siren,3.0,16000,1,PCM_16,96044,WAV,indoor/outdoor,digital microphone / synthetic,5-50m,original,train,2026-09-27 12:06:14,159399d84c34f99cf9ae91ca6affaeca7df8f38c51991dc992044c800f4e6d69,high,False
SS-00347,alarm_siren_0047.wav,audio data/alarm_siren/alarm_siren_0047.wav,alarm_siren,Alarm or Siren,3.0,16000,1,PCM_16,96044,WAV,indoor/outdoor,digital microphone / synthetic,5-50m,original,train,2026-09-27 12:06:14,279d1e5257995067ecc3361b5d52148873c7d917e4d5af76b091ea19407fefb3,high,False
SS-00348,alarm_siren_0048.wav,audio data/alarm_siren/alarm_siren_0048.wav,alarm_siren,Alarm or Siren,3.0,16000,1,PCM_16,96044,WAV,indoor/outdoor,digital microphone / synthetic,5-50m,original,train,2026-09-27 12:06:14,7053c4a1832f3af6745c98fef21f99731b8e10ba4ed8d6827265808d5ac53636,high,False
SS-00349,alarm_siren_0049.wav,audio data/alarm_siren/alarm_siren_0049.wav,alarm_siren,Alarm or Siren,3.0,16000,1,PCM_16,96044,WAV,indoor/outdoor,digital microphone / synthetic,5-50m,original,train,2026-09-27 12:06:14,03af4757f99fd1ce13b87b6d5b1103b4532e97321345662f86af8ad40550b42f,high,False
SS-00350,alarm_siren_0050.wav,audio data/alarm_siren/alarm_siren_0050.wav,alarm_siren,Alarm or Siren,3.0,16000,1,PCM_16,96044,WAV,indoor/outdoor,digital microphone / synthetic,5-50m,original,train,2026-09-27 12:06:14,6cd12a47545d3ccefbb82e163eec3cbbc48667b38530de492868d0d9b3698591,high,False
SS-00351,alarm_siren_0051.wav,audio data/alarm_siren/alarm_siren_0051.wav,alarm_siren,Alarm or Siren,3.0,16000,1,PCM_16,96044,WAV,indoor/outdoor,digital microphone / synthetic,5-50m,original,train,2026-09-27 12:06:14,5fdd8d100768ef9a0d422e67fe7ac03149dac03dfc9982f1c5c5eb1dbd610091,high,False
SS-00352,alarm_siren_0052.wav,audio data/alarm_siren/alarm_siren_0052.wav,alarm_siren,Alarm or Siren,3.0,16000,1,PCM_16,96044,WAV,indoor/outdoor,digital microphone / synthetic,5-50m,original,test,2026-09-27 12:06:14,050b75a0e2d7ff77262935fa6e5742a645fafb3a921be1353df1b0d3fbf8e2eb,high,False
SS-00353,alarm_siren_0053.wav,audio data/alarm_siren/alarm_siren_0053.wav,alarm_siren,Alarm or Siren,3.0,16000,1,PCM_16,96044,WAV,indoor/outdoor,digital microphone / synthetic,5-50m,original,train,2026-09-27 12:06:14,d9acc2ea1633ef8bb2521f94ae8703319151d38b2d4d785fc55da5a15cb37705,high,False
SS-00354,alarm_siren_0054.wav,audio data/alarm_siren/alarm_siren_0054.wav,alarm_siren,Alarm or Siren,3.0,16000,1,PCM_16,96044,WAV,indoor/outdoor,digital microphone / synthetic,5-50m,original,validation,2026-09-27 12:06:14,2626b77a5d04db1084c057567278771f526e1c0b3c7138599ec4887f4b41297c,high,False
SS-00355,alarm_siren_0055.wav,audio data/alarm_siren/alarm_siren_0055.wav,alarm_siren,Alarm or Siren,3.0,16000,1,PCM_16,96044,WAV,indoor/outdoor,digital microphone / synthetic,5-50m,original,validation,2026-09-27 12:06:14,e1a509ac281db6ef13834b454e3c614dd452f42cc7d14e2aa0a6f7b60515aa1c,high,False
SS-00356,alarm_siren_0056.wav,audio data/alarm_siren/alarm_siren_0056.wav,alarm_siren,Alarm or Siren,3.0,16000,1,PCM_16,96044,WAV,indoor/outdoor,digital microphone / synthetic,5-50m,original,train,2026-09-27 12:06:14,57354ea272dc45749fb9e14edf910f7bd5fbda4e18f6639db83b2b5723c1dc7c,high,False
SS-00357,alarm_siren_0057.wav,audio data/alarm_siren/alarm_siren_0057.wav,alarm_siren,Alarm or Siren,3.0,16000,1,PCM_16,96044,WAV,indoor/outdoor,digital microphone / synthetic,5-50m,original,train,2026-09-27 12:06:14,da03390e8b504c7cf5bf3e533832eb1d81cee5888ba189a28556888322e979c7,high,False
SS-00358,alarm_siren_0058.wav,audio data/alarm_siren/alarm_siren_0058.wav,alarm_siren,Alarm or Siren,3.0,16000,1,PCM_16,96044,WAV,indoor/outdoor,digital microphone / synthetic,5-50m,original,train,2026-09-27 12:06:14,18204df40ac6453ce2e5d40d435e2262dd26b6a51f92a32097bf427f37b7951e,high,False
SS-00359,alarm_siren_0059.wav,audio data/alarm_siren/alarm_siren_0059.wav,alarm_siren,Alarm or Siren,3.0,16000,1,PCM_16,96044,WAV,indoor/outdoor,digital microphone / synthetic,5-50m,original,train,2026-09-27 12:06:14,33f279d593655ae1987b190b12995613248887ac68033294b3ae525e370e243d,high,False
SS-00360,alarm_siren_0060.wav,audio data/alarm_siren/alarm_siren_0060.wav,alarm_siren,Alarm or Siren,3.0,16000,1,PCM_16,96044,WAV,indoor/outdoor,digital microphone / synthetic,5-50m,original,train,2026-09-27 12:06:14,03a3a8780038ff3b21763cefe6ee480077d624b46f1b25d3aa4b76595598d438,high,False
SS-00361,alarm_siren_0061.wav,audio data/alarm_siren/alarm_siren_0061.wav,alarm_siren,Alarm or Siren,3.0,16000,1,PCM_16,96044,WAV,indoor/outdoor,digital microphone / synthetic,5-50m,original,train,2026-09-27 12:06:14,a6dbd8274ebd0611fe0d67eb9fb4ade2a58c3ea1a06db466137be7b8d563eb7c,high,False
SS-00362,alarm_siren_0062.wav,audio data/alarm_siren/alarm_siren_0062.wav,alarm_siren,Alarm or Siren,3.0,16000,1,PCM_16,96044,WAV,indoor/outdoor,digital microphone / synthetic,5-50m,original,test,2026-09-27 12:06:14,941715e60f1ccd891a0c72e6d06d744e0616ee3e2ad6ab2567ad6361a3a0ed26,high,False
SS-00363,alarm_siren_0063.wav,audio data/alarm_siren/alarm_siren_0063.wav,alarm_siren,Alarm or Siren,3.0,16000,1,PCM_16,96044,WAV,indoor/outdoor,digital microphone / synthetic,5-50m,original,validation,2026-09-27 12:06:14,139f4a9a5edf40e09bacfc21a4b781d418d53d29d184e88bc192ce4a50b31082,high,False
SS-00364,alarm_siren_0064.wav,audio data/alarm_siren/alarm_siren_0064.wav,alarm_siren,Alarm or Siren,3.0,16000,1,PCM_16,96044,WAV,indoor/outdoor,digital microphone / synthetic,5-50m,original,train,2026-09-27 12:06:14,66c62cfb7fd4919e371d52453f8fc4ab91e0ef20f52ee0fb69347395fa9a5264,high,False
SS-00365,alarm_siren_0065.wav,audio data/alarm_siren/alarm_siren_0065.wav,alarm_siren,Alarm or Siren,3.0,16000,1,PCM_16,96044,WAV,indoor/outdoor,digital microphone / synthetic,5-50m,original,train,2026-09-27 12:06:14,b64d39129edce70aeac7ec027af99da51efdba8cd9ff87ba0a9cba444842afc5,high,False
SS-00366,alarm_siren_0066.wav,audio data/alarm_siren/alarm_siren_0066.wav,alarm_siren,Alarm or Siren,3.0,16000,1,PCM_16,96044,WAV,indoor/outdoor,digital microphone / synthetic,5-50m,original,train,2026-09-27 12:06:14,06d45ede0b1c61fce2edd8e120168f0199118cc0d01aef7f935936ac9cc35dd6,high,False
SS-00367,alarm_siren_0067.wav,audio data/alarm_siren/alarm_siren_0067.wav,alarm_siren,Alarm or Siren,3.0,16000,1,PCM_16,96044,WAV,indoor/outdoor,digital microphone / synthetic,5-50m,original,train,2026-09-27 12:06:14,807e6559d4adadcbe53fa33810dbbd34907bfa4c43ba7d25f7e7844116584b72,high,False
SS-00368,alarm_siren_0068.wav,audio data/alarm_siren/alarm_siren_0068.wav,alarm_siren,Alarm or Siren,3.0,16000,1,PCM_16,96044,WAV,indoor/outdoor,digital microphone / synthetic,5-50m,original,test,2026-09-27 12:06:14,dadab247e54ddc59f9705e9dbb92fc81eaa5a048af501a944abdec78318b3ccb,high,False
SS-00369,alarm_siren_0069.wav,audio data/alarm_siren/alarm_siren_0069.wav,alarm_siren,Alarm or Siren,3.0,16000,1,PCM_16,96044,WAV,indoor/outdoor,digital microphone / synthetic,5-50m,original,train,2026-09-27 12:06:14,4cfd93295ae4725e79cb053a438829c92dc33f04af1ea85a4a6c6774b356fbdc,high,False
SS-00370,alarm_siren_0070.wav,audio data/alarm_siren/alarm_siren_0070.wav,alarm_siren,Alarm or Siren,3.0,16000,1,PCM_16,96044,WAV,indoor/outdoor,digital microphone / synthetic,5-50m,original,validation,2026-09-27 12:06:14,4949f7abc20c6029a344787e1e7e935f2de77fa63d1d8897f1c1cd94c4198464,high,False
SS-00371,alarm_siren_0071.wav,audio data/alarm_siren/alarm_siren_0071.wav,alarm_siren,Alarm or Siren,3.0,16000,1,PCM_16,96044,WAV,indoor/outdoor,digital microphone / synthetic,5-50m,original,train,2026-09-27 12:06:14,33ed479ea458ba00b59960d81e079239a7c20f612f4f5b8e9e9b08135bfb1f2d,high,False
SS-00372,alarm_siren_0072.wav,audio data/alarm_siren/alarm_siren_0072.wav,alarm_siren,Alarm or Siren,3.0,16000,1,PCM_16,96044,WAV,indoor/outdoor,digital microphone / synthetic,5-50m,original,train,2026-09-27 12:06:14,0d8024d331396d96ebd0fcd31afbabbc8285ceabed3f7f1aa669eedbcc7b6945,high,False
SS-00373,alarm_siren_0073.wav,audio data/alarm_siren/alarm_siren_0073.wav,alarm_siren,Alarm or Siren,3.0,16000,1,PCM_16,96044,WAV,indoor/outdoor,digital microphone / synthetic,5-50m,original,validation,2026-09-27 12:06:14,b9fde54aafcc599015f778e64ab94047c114ea37e3e6ccdf7a0c5435756bf288,high,False
SS-00374,alarm_siren_0074.wav,audio data/alarm_siren/alarm_siren_0074.wav,alarm_siren,Alarm or Siren,3.0,16000,1,PCM_16,96044,WAV,indoor/outdoor,digital microphone / synthetic,5-50m,original,train,2026-09-27 12:06:14,4766048385a198c9348e99d1a88a870900e0b1335232ee0a3e15fef9d2d34169,high,False
SS-00375,alarm_siren_0075.wav,audio data/alarm_siren/alarm_siren_0075.wav,alarm_siren,Alarm or Siren,3.0,16000,1,PCM_16,96044,WAV,indoor/outdoor,digital microphone / synthetic,5-50m,original,train,2026-09-27 12:06:14,9f952656ba11f5eff78da093e3773ae90c8b40598a6b9f0f77ee5778520defd4,high,False
SS-00376,alarm_siren_0076.wav,audio data/alarm_siren/alarm_siren_0076.wav,alarm_siren,Alarm or Siren,3.0,16000,1,PCM_16,96044,WAV,indoor/outdoor,digital microphone / synthetic,5-50m,original,train,2026-09-27 12:06:14,1b4e7b59dab723317848bdfdd553802da25ee4eb239c77bc09ad3416202e2e3d,high,False
SS-00377,alarm_siren_0077.wav,audio data/alarm_siren/alarm_siren_0077.wav,alarm_siren,Alarm or Siren,3.0,16000,1,PCM_16,96044,WAV,indoor/outdoor,digital microphone / synthetic,5-50m,original,validation,2026-09-27 12:06:14,f9d3361a6b77ff6f8732b30dd5d3c0b72cec3fc074cf043342f6a5939cfc41e1,high,False
SS-00378,alarm_siren_0078.wav,audio data/alarm_siren/alarm_siren_0078.wav,alarm_siren,Alarm or Siren,3.0,16000,1,PCM_16,96044,WAV,indoor/outdoor,digital microphone / synthetic,5-50m,original,validation,2026-09-27 12:06:14,476c30c44f8edbf74ff103edca6cc432647472b9ef63ec8313b248ef252c9f2f,high,False
SS-00379,alarm_siren_0079.wav,audio data/alarm_siren/alarm_siren_0079.wav,alarm_siren,Alarm or Siren,3.0,16000,1,PCM_16,96044,WAV,indoor/outdoor,digital microphone / synthetic,5-50m,original,train,2026-09-27 12:06:14,0cef09be439fe559d525a5f7e101d2f76a929bebd8d76ae4522b80a04417e18a,high,False
SS-00380,alarm_siren_0080.wav,audio data/alarm_siren/alarm_siren_0080.wav,alarm_siren,Alarm or Siren,3.0,16000,1,PCM_16,96044,WAV,indoor/outdoor,digital microphone / synthetic,5-50m,original,test,2026-09-27 12:06:14,a2e3dd28d73a392e059714e2d8462415ba79cd7ebdc2910efc543352b975170c,high,False
SS-00381,alarm_siren_0081.wav,audio data/alarm_siren/alarm_siren_0081.wav,alarm_siren,Alarm or Siren,3.0,16000,1,PCM_16,96044,WAV,indoor/outdoor,digital microphone / synthetic,5-50m,original,test,2026-09-27 12:06:14,acb803596073d56283c3dc8b5fb4c76bc5f54e0d81d9cf61b27d6d3a10d1bb19,high,False
SS-00382,alarm_siren_0082.wav,audio data/alarm_siren/alarm_siren_0082.wav,alarm_siren,Alarm or Siren,3.0,16000,1,PCM_16,96044,WAV,indoor/outdoor,digital microphone / synthetic,5-50m,original,train,2026-09-27 12:06:14,b6a7f976d046824059febfafa335454400db0b27c1507287e127d66b544a97b9,high,False
SS-00383,alarm_siren_0083.wav,audio data/alarm_siren/alarm_siren_0083.wav,alarm_siren,Alarm or Siren,3.0,16000,1,PCM_16,96044,WAV,indoor/outdoor,digital microphone / synthetic,5-50m,original,train,2026-09-27 12:06:14,5e65213ec95a09bfd0b214f12102f11f5099a86288852480240cf8cfa0b65aa6,high,False
SS-00384,alarm_siren_0084.wav,audio data/alarm_siren/alarm_siren_0084.wav,alarm_siren,Alarm or Siren,3.0,16000,1,PCM_16,96044,WAV,indoor/outdoor,digital microphone / synthetic,5-50m,original,train,2026-09-27 12:06:14,2db1153e55c8ddc761bf2bb82d67f12c23b70bae5169fe0a0bb9cbc59f0fd65d,high,False
SS-00385,alarm_siren_0085.wav,audio data/alarm_siren/alarm_siren_0085.wav,alarm_siren,Alarm or Siren,3.0,16000,1,PCM_16,96044,WAV,indoor/outdoor,digital microphone / synthetic,5-50m,original,train,2026-09-27 12:06:14,64ecbb7319bb040ad4ab839f35901e2380bd693da3f0127b89998bbf4d27aff5,high,False
SS-00386,alarm_siren_0086.wav,audio data/alarm_siren/alarm_siren_0086.wav,alarm_siren,Alarm or Siren,3.0,16000,1,PCM_16,96044,WAV,indoor/outdoor,digital microphone / synthetic,5-50m,original,train,2026-09-27 12:06:14,bd96d7222d6024ec503c9f26aff6c987c0b567d0c428bc57790888e01fcef244,high,False
SS-00387,alarm_siren_0087.wav,audio data/alarm_siren/alarm_siren_0087.wav,alarm_siren,Alarm or Siren,3.0,16000,1,PCM_16,96044,WAV,indoor/outdoor,digital microphone / synthetic,5-50m,original,train,2026-09-27 12:06:14,a22742dce46453670c4e2896066a66f42ac6b1938b2750008a8e4c453f330ceb,high,False
SS-00388,alarm_siren_0088.wav,audio data/alarm_siren/alarm_siren_0088.wav,alarm_siren,Alarm or Siren,3.0,16000,1,PCM_16,96044,WAV,indoor/outdoor,digital microphone / synthetic,5-50m,original,validation,2026-09-27 12:06:14,0efdd5d442223038d21a2daa2cdd5c334aa17fd87629ba57b81a28ab0ac62e60,high,False
SS-00389,alarm_siren_0089.wav,audio data/alarm_siren/alarm_siren_0089.wav,alarm_siren,Alarm or Siren,3.0,16000,1,PCM_16,96044,WAV,indoor/outdoor,digital microphone / synthetic,5-50m,original,train,2026-09-27 12:06:14,57417f3f90bb5f06c119bfba712f32f7141c16a0050f162500c6a3d2af5b0850,high,False
SS-00390,alarm_siren_0090.wav,audio data/alarm_siren/alarm_siren_0090.wav,alarm_siren,Alarm or Siren,3.0,16000,1,PCM_16,96044,WAV,indoor/outdoor,digital microphone / synthetic,5-50m,original,validation,2026-09-27 12:06:14,5323ed2ffed3672a3ea847560cd9c82a96a40a6a2ddd4544cc3eb562c8ff09ef,high,False
SS-00391,alarm_siren_0091.wav,audio data/alarm_siren/alarm_siren_0091.wav,alarm_siren,Alarm or Siren,3.0,16000,1,PCM_16,96044,WAV,indoor/outdoor,digital microphone / synthetic,5-50m,original,train,2026-09-27 12:06:14,e421775d0ad71843c441eb75fd0a726002b16f0c02a32de439090f73209ea566,high,False
SS-00392,alarm_siren_0092.wav,audio data/alarm_siren/alarm_siren_0092.wav,alarm_siren,Alarm or Siren,3.0,16000,1,PCM_16,96044,WAV,indoor/outdoor,digital microphone / synthetic,5-50m,original,train,2026-09-27 12:06:14,d1945df29b61fb2d39c8db53ba171fc383ab288740f9ae3c17374a4add464329,high,False
SS-00393,alarm_siren_0093.wav,audio data/alarm_siren/alarm_siren_0093.wav,alarm_siren,Alarm or Siren,3.0,16000,1,PCM_16,96044,WAV,indoor/outdoor,digital microphone / synthetic,5-50m,original,train,2026-09-27 12:06:14,f163f52449156a70459c0af8ba2520a75524d3183e7f437fcecf80eab2ad0341,high,False
SS-00394,alarm_siren_0094.wav,audio data/alarm_siren/alarm_siren_0094.wav,alarm_siren,Alarm or Siren,3.0,16000,1,PCM_16,96044,WAV,indoor/outdoor,digital microphone / synthetic,5-50m,original,train,2026-09-27 12:06:14,fcdcaedea0820940f72aee21f2caaed6d8f987c788d23600164da234febc5ae8,high,False
SS-00395,alarm_siren_0095.wav,audio data/alarm_siren/alarm_siren_0095.wav,alarm_siren,Alarm or Siren,3.0,16000,1,PCM_16,96044,WAV,indoor/outdoor,digital microphone / synthetic,5-50m,original,validation,2026-09-27 12:06:14,256f3a1d244818e2679fdcc1df84e1db4750a214f087d012ead513c033c7c15a,high,False
SS-00396,alarm_siren_0096.wav,audio data/alarm_siren/alarm_siren_0096.wav,alarm_siren,Alarm or Siren,3.0,16000,1,PCM_16,96044,WAV,indoor/outdoor,digital microphone / synthetic,5-50m,original,test,2026-09-27 12:06:14,6c13831b4b2635b80d7dfa5ce5f2a45317a970dbff096641a49cdd9d610eb1d0,high,False
SS-00397,alarm_siren_0097.wav,audio data/alarm_siren/alarm_siren_0097.wav,alarm_siren,Alarm or Siren,3.0,16000,1,PCM_16,96044,WAV,indoor/outdoor,digital microphone / synthetic,5-50m,original,train,2026-09-27 12:06:14,a5d3abde9553382c5e41f176ec6d423fa7addaa48f77d7a96083913e4aa85f7e,high,False
SS-00398,alarm_siren_0098.wav,audio data/alarm_siren/alarm_siren_0098.wav,alarm_siren,Alarm or Siren,3.0,16000,1,PCM_16,96044,WAV,indoor/outdoor,digital microphone / synthetic,5-50m,original,test,2026-09-27 12:06:14,ba4303cfb35a0841bc9edc4699da3c84ef9ab55f0687657c89acbfa7b1e54c3a,high,False
SS-00399,alarm_siren_0099.wav,audio data/alarm_siren/alarm_siren_0099.wav,alarm_siren,Alarm or Siren,3.0,16000,1,PCM_16,96044,WAV,indoor/outdoor,digital microphone / synthetic,5-50m,original,train,2026-09-27 12:06:14,65125661ffeb9048e1165350479e832d3bb2c6b7a0c34f5feabeb4b4205a668f,high,False
SS-00400,alarm_siren_0100.wav,audio data/alarm_siren/alarm_siren_0100.wav,alarm_siren,Alarm or Siren,3.0,16000,1,PCM_16,96044,WAV,indoor/outdoor,digital microphone / synthetic,5-50m,original,train,2026-09-27 12:06:14,1106390347c9bad3264247ed5eadbfaa69bfbc87ef00f25be74f4850f777318b,high,False
SS-00401,alarm_siren_0101.wav,audio data/alarm_siren/alarm_siren_0101.wav,alarm_siren,Alarm or Siren,3.0,16000,1,PCM_16,96044,WAV,indoor/outdoor,digital microphone / synthetic,5-50m,original,train,2026-09-27 12:06:14,f82ac3288a638671072447a75cbf5f3e2c0981a39577be82eac2bb9b225ab015,high,False
SS-00402,alarm_siren_0102.wav,audio data/alarm_siren/alarm_siren_0102.wav,alarm_siren,Alarm or Siren,3.0,16000,1,PCM_16,96044,WAV,indoor/outdoor,digital microphone / synthetic,5-50m,original,train,2026-09-27 12:06:14,297298f963ea0efe8d3ddbffe9e25c4ededb3b2392c08f5dce1bde9e2d5b9821,high,False
SS-00403,alarm_siren_0103.wav,audio data/alarm_siren/alarm_siren_0103.wav,alarm_siren,Alarm or Siren,3.0,16000,1,PCM_16,96044,WAV,indoor/outdoor,digital microphone / synthetic,5-50m,original,train,2026-09-27 12:06:14,50de2e58074744de35ab39d148e0b25d0de80b9e9a631cb421ea1b141c286b1a,high,False
SS-00404,alarm_siren_0104.wav,audio data/alarm_siren/alarm_siren_0104.wav,alarm_siren,Alarm or Siren,3.0,16000,1,PCM_16,96044,WAV,indoor/outdoor,digital microphone / synthetic,5-50m,original,train,2026-09-27 12:06:14,84511653791a5ebba493edec1daae07e70f14fabf482330870d26e52f8a41103,high,False
SS-00405,alarm_siren_0105.wav,audio data/alarm_siren/alarm_siren_0105.wav,alarm_siren,Alarm or Siren,3.0,16000,1,PCM_16,96044,WAV,indoor/outdoor,digital microphone / synthetic,5-50m,original,test,2026-09-27 12:06:14,c2419d36636e35564047706cc29460728895dcee257c82b825c1b32aabbb917b,high,False
SS-00406,alarm_siren_0106.wav,audio data/alarm_siren/alarm_siren_0106.wav,alarm_siren,Alarm or Siren,3.0,16000,1,PCM_16,96044,WAV,indoor/outdoor,digital microphone / synthetic,5-50m,original,train,2026-09-27 12:06:14,c36163d15ae013a82dbddfac1a6b6621b4df3810cec22f76c0fe03f39756e80a,high,False
SS-00407,alarm_siren_0107.wav,audio data/alarm_siren/alarm_siren_0107.wav,alarm_siren,Alarm or Siren,3.0,16000,1,PCM_16,96044,WAV,indoor/outdoor,digital microphone / synthetic,5-50m,original,train,2026-09-27 12:06:14,a502c9b6837645f91b522901098be1474783f5ddd830bb48d8a83cd720ce6b98,high,False
SS-00408,alarm_siren_0108.wav,audio data/alarm_siren/alarm_siren_0108.wav,alarm_siren,Alarm or Siren,3.0,16000,1,PCM_16,96044,WAV,indoor/outdoor,digital microphone / synthetic,5-50m,original,train,2026-09-27 12:06:14,34f64fa1e764fd2dfbaa54d0f204386775b6da5ec0d6a61b6b17fa0f61d8b1dc,high,False
SS-00409,alarm_siren_0109.wav,audio data/alarm_siren/alarm_siren_0109.wav,alarm_siren,Alarm or Siren,3.0,16000,1,PCM_16,96044,WAV,indoor/outdoor,digital microphone / synthetic,5-50m,original,train,2026-09-27 12:06:14,33d5beb7bc7d2af9414663dd52002978a8fda5ca09e71b75499f050bbaa8cd6e,high,False
SS-00410,alarm_siren_0110.wav,audio data/alarm_siren/alarm_siren_0110.wav,alarm_siren,Alarm or Siren,3.0,16000,1,PCM_16,96044,WAV,indoor/outdoor,digital microphone / synthetic,5-50m,original,train,2026-09-27 12:06:14,933d02909c4872ba0c5f7c5ebf5444fb53ed59510322def1c8de2c47feb949a4,high,False
SS-00411,alarm_siren_0111.wav,audio data/alarm_siren/alarm_siren_0111.wav,alarm_siren,Alarm or Siren,3.0,16000,1,PCM_16,96044,WAV,indoor/outdoor,digital microphone / synthetic,5-50m,original,train,2026-09-27 12:06:14,5168fa5a6ef74eb69618dbcaec3ef5e794c08b4a9cf73e6f573342c4f9c5b3f1,high,False
SS-00412,alarm_siren_0112.wav,audio data/alarm_siren/alarm_siren_0112.wav,alarm_siren,Alarm or Siren,3.0,16000,1,PCM_16,96044,WAV,indoor/outdoor,digital microphone / synthetic,5-50m,original,test,2026-09-27 12:06:14,e8c3d60985b5e713a2a653235e162b2f8f82f2e46c014046e4bb4d662305cb25,high,False
SS-00413,alarm_siren_0113.wav,audio data/alarm_siren/alarm_siren_0113.wav,alarm_siren,Alarm or Siren,3.0,16000,1,PCM_16,96044,WAV,indoor/outdoor,digital microphone / synthetic,5-50m,original,validation,2026-09-27 12:06:14,0805a3577c63478d8bdb418af8099454244e03879aa0d2369dbb5aea4b07acc2,high,False
SS-00414,alarm_siren_0114.wav,audio data/alarm_siren/alarm_siren_0114.wav,alarm_siren,Alarm or Siren,3.0,16000,1,PCM_16,96044,WAV,indoor/outdoor,digital microphone / synthetic,5-50m,original,train,2026-09-27 12:06:14,e33d1f6f59ac9571c1fcc8ebce3f63d3e30002d595197653c067dc48df6bf86b,high,False
SS-00415,alarm_siren_0115.wav,audio data/alarm_siren/alarm_siren_0115.wav,alarm_siren,Alarm or Siren,3.0,16000,1,PCM_16,96044,WAV,indoor/outdoor,digital microphone / synthetic,5-50m,original,train,2026-09-27 12:06:14,fbd46337bc292183e2312ce3706b29710af9f0bf3e37f0aab19718fd80aa31e1,high,False
SS-00416,alarm_siren_0116.wav,audio data/alarm_siren/alarm_siren_0116.wav,alarm_siren,Alarm or Siren,3.0,16000,1,PCM_16,96044,WAV,indoor/outdoor,digital microphone / synthetic,5-50m,original,train,2026-09-27 12:06:14,9254b6ac91c108ec99fef73750ff2da5ba3fad9a010afae39d3fea9d53c145fc,high,False
SS-00417,alarm_siren_0117.wav,audio data/alarm_siren/alarm_siren_0117.wav,alarm_siren,Alarm or Siren,3.0,16000,1,PCM_16,96044,WAV,indoor/outdoor,digital microphone / synthetic,5-50m,original,train,2026-09-27 12:06:14,28ad07b9008ba37fc69ee7bc7ff7142b79ef82f768e6906a23f4631571c1585e,high,False
SS-00418,alarm_siren_0118.wav,audio data/alarm_siren/alarm_siren_0118.wav,alarm_siren,Alarm or Siren,3.0,16000,1,PCM_16,96044,WAV,indoor/outdoor,digital microphone / synthetic,5-50m,original,train,2026-09-27 12:06:14,46d2aa23740cdd7e92c008c5cb5cd82a5c81b513d2eac2094c89b753dc4e855b,high,False
SS-00419,alarm_siren_0119.wav,audio data/alarm_siren/alarm_siren_0119.wav,alarm_siren,Alarm or Siren,3.0,16000,1,PCM_16,96044,WAV,indoor/outdoor,digital microphone / synthetic,5-50m,original,train,2026-09-27 12:06:14,b94a9993073451f84653b218f7864072b3b982ea47b18c1e18e684c8175ef42c,high,False
SS-00420,alarm_siren_0120.wav,audio data/alarm_siren/alarm_siren_0120.wav,alarm_siren,Alarm or Siren,3.0,16000,1,PCM_16,96044,WAV,indoor/outdoor,digital microphone / synthetic,5-50m,original,train,2026-09-27 12:06:14,2ea44d30810eb2b45306f48e54d996284f85c59772bcb3e9a55ac967dc1ea167,high,False
SS-00421,alarm_siren_0121.wav,audio data/alarm_siren/alarm_siren_0121.wav,alarm_siren,Alarm or Siren,3.0,16000,1,PCM_16,96044,WAV,indoor/outdoor,digital microphone / synthetic,5-50m,original,test,2026-09-27 12:06:14,f152ac0f524d2d5e34853f780f850cfd79b356107bc960d2dfafb66fd1b3e502,high,False
SS-00422,alarm_siren_0122.wav,audio data/alarm_siren/alarm_siren_0122.wav,alarm_siren,Alarm or Siren,3.0,16000,1,PCM_16,96044,WAV,indoor/outdoor,digital microphone / synthetic,5-50m,original,train,2026-09-27 12:06:14,743a7f4a6765ec358fa4056f3337aa697fc7a1d3de43558ac0992ca5d78e7f6e,high,False
SS-00423,alarm_siren_0123.wav,audio data/alarm_siren/alarm_siren_0123.wav,alarm_siren,Alarm or Siren,3.0,16000,1,PCM_16,96044,WAV,indoor/outdoor,digital microphone / synthetic,5-50m,original,test,2026-09-27 12:06:14,ef4e334f6d9d2072a56cc2963d3cf1412b6da0f70b6f4e9dac75aaec71c1ce7c,high,False
SS-00424,alarm_siren_0124.wav,audio data/alarm_siren/alarm_siren_0124.wav,alarm_siren,Alarm or Siren,3.0,16000,1,PCM_16,96044,WAV,indoor/outdoor,digital microphone / synthetic,5-50m,original,train,2026-09-27 12:06:14,b48d89b7f0d541d4925434ace96d920bbc30cdf35073e279affa21af9ad110a6,high,False
SS-00425,alarm_siren_0125.wav,audio data/alarm_siren/alarm_siren_0125.wav,alarm_siren,Alarm or Siren,3.0,16000,1,PCM_16,96044,WAV,indoor/outdoor,digital microphone / synthetic,5-50m,original,train,2026-09-27 12:06:14,99846ecd3b6de47fec2a963431abe18e75f31a7449643f7ef705f0013631171b,high,False
SS-00426,alarm_siren_0126.wav,audio data/alarm_siren/alarm_siren_0126.wav,alarm_siren,Alarm or Siren,3.0,16000,1,PCM_16,96044,WAV,indoor/outdoor,digital microphone / synthetic,5-50m,original,train,2026-09-27 12:06:14,e211f0a0c7d88c0f0a2aa1bca25122461dea107bca05169a1e260d6d3c2241bb,high,False
SS-00427,alarm_siren_0127.wav,audio data/alarm_siren/alarm_siren_0127.wav,alarm_siren,Alarm or Siren,3.0,16000,1,PCM_16,96044,WAV,indoor/outdoor,digital microphone / synthetic,5-50m,original,test,2026-09-27 12:06:14,af66db863f598758f005c598e1094f7fa02d8f4a6b03664d798011c7226df720,high,False
SS-00428,alarm_siren_0128.wav,audio data/alarm_siren/alarm_siren_0128.wav,alarm_siren,Alarm or Siren,3.0,16000,1,PCM_16,96044,WAV,indoor/outdoor,digital microphone / synthetic,5-50m,original,train,2026-09-27 12:06:14,be61cd545849ef98a6ccf0119373d854d52b87d7dcca85effab87f2782e91c23,high,False
SS-00429,alarm_siren_0129.wav,audio data/alarm_siren/alarm_siren_0129.wav,alarm_siren,Alarm or Siren,3.0,16000,1,PCM_16,96044,WAV,indoor/outdoor,digital microphone / synthetic,5-50m,original,train,2026-09-27 12:06:14,fd78d468e07100d14c16468dfd59463a9d4babca4597a6a8ef94f2d8c24b1692,high,False
SS-00430,alarm_siren_0130.wav,audio data/alarm_siren/alarm_siren_0130.wav,alarm_siren,Alarm or Siren,3.0,16000,1,PCM_16,96044,WAV,indoor/outdoor,digital microphone / synthetic,5-50m,original,validation,2026-09-27 12:06:14,50c54570a2749d203a21560606c71ef6e354cdb810fcee08e20ad5c450e05ae9,high,False
SS-00431,alarm_siren_0131.wav,audio data/alarm_siren/alarm_siren_0131.wav,alarm_siren,Alarm or Siren,3.0,16000,1,PCM_16,96044,WAV,indoor/outdoor,digital microphone / synthetic,5-50m,original,train,2026-09-27 12:06:14,744c6ab1181804fd12b74ded15ca17096f0589d13feb8a5b9fa9297d3f335fca,high,False
SS-00432,alarm_siren_0132.wav,audio data/alarm_siren/alarm_siren_0132.wav,alarm_siren,Alarm or Siren,3.0,16000,1,PCM_16,96044,WAV,indoor/outdoor,digital microphone / synthetic,5-50m,original,train,2026-09-27 12:06:14,58914b623300dcd38741012968244545838d1e68f76be77f7117db5b16d2a337,high,False
SS-00433,alarm_siren_0133.wav,audio data/alarm_siren/alarm_siren_0133.wav,alarm_siren,Alarm or Siren,3.0,16000,1,PCM_16,96044,WAV,indoor/outdoor,digital microphone / synthetic,5-50m,original,train,2026-09-27 12:06:14,3cfa01c7fc6adb57bd022fe01216a72d0d9971ba1a18ccaf94d5f6a2bf4293e8,high,False
SS-00434,alarm_siren_0134.wav,audio data/alarm_siren/alarm_siren_0134.wav,alarm_siren,Alarm or Siren,3.0,16000,1,PCM_16,96044,WAV,indoor/outdoor,digital microphone / synthetic,5-50m,original,test,2026-09-27 12:06:14,f9dac54f6bc24901d5010f70b6f5b4dc41f3c005a8a3aee7729fab2870847f00,high,False
SS-00435,alarm_siren_0135.wav,audio data/alarm_siren/alarm_siren_0135.wav,alarm_siren,Alarm or Siren,3.0,16000,1,PCM_16,96044,WAV,indoor/outdoor,digital microphone / synthetic,5-50m,original,train,2026-09-27 12:06:14,71943c0f05b8916601bc6f9e6d9ea723daf315e4385acd807c6eb6f4c4a7f260,high,False
SS-00436,alarm_siren_0136.wav,audio data/alarm_siren/alarm_siren_0136.wav,alarm_siren,Alarm or Siren,3.0,16000,1,PCM_16,96044,WAV,indoor/outdoor,digital microphone / synthetic,5-50m,original,test,2026-09-27 12:06:14,afd3317400c9c852849874bbfc3d1c2f56ebf16beb459d030bc858364a796fa7,high,False
SS-00437,alarm_siren_0137.wav,audio data/alarm_siren/alarm_siren_0137.wav,alarm_siren,Alarm or Siren,3.0,16000,1,PCM_16,96044,WAV,indoor/outdoor,digital microphone / synthetic,5-50m,original,train,2026-09-27 12:06:14,2d7a3702891272696f4d06633b729b8d06c3ea82a0554698c5942d0bbcaed495,high,False
SS-00438,alarm_siren_0138.wav,audio data/alarm_siren/alarm_siren_0138.wav,alarm_siren,Alarm or Siren,3.0,16000,1,PCM_16,96044,WAV,indoor/outdoor,digital microphone / synthetic,5-50m,original,validation,2026-09-27 12:06:14,ebbd0646a6c386e9a0c320ec9a064ffafc30e0a424b47e617d9ecbea79435dd7,high,False
SS-00439,alarm_siren_0139.wav,audio data/alarm_siren/alarm_siren_0139.wav,alarm_siren,Alarm or Siren,3.0,16000,1,PCM_16,96044,WAV,indoor/outdoor,digital microphone / synthetic,5-50m,original,train,2026-09-27 12:06:14,cba088d68187bf8a8a1ef735c4a40c486f8e7afe0a80f98e704337af87457f01,high,False
SS-00440,alarm_siren_0140.wav,audio data/alarm_siren/alarm_siren_0140.wav,alarm_siren,Alarm or Siren,3.0,16000,1,PCM_16,96044,WAV,indoor/outdoor,digital microphone / synthetic,5-50m,original,validation,2026-09-27 12:06:14,6e5014d324d557fd14d3b40f8ada63ca5d9d993732b06aee572d92f0e2c07fd0,high,False
SS-00441,alarm_siren_0141.wav,audio data/alarm_siren/alarm_siren_0141.wav,alarm_siren,Alarm or Siren,3.0,16000,1,PCM_16,96044,WAV,indoor/outdoor,digital microphone / synthetic,5-50m,original,train,2026-09-27 12:06:14,5abab27c9d44e19efdd750876f4c0b6661dc88f536fbd6cc2599215e4d0d45b3,high,False
SS-00442,alarm_siren_0142.wav,audio data/alarm_siren/alarm_siren_0142.wav,alarm_siren,Alarm or Siren,3.0,16000,1,PCM_16,96044,WAV,indoor/outdoor,digital microphone / synthetic,5-50m,original,validation,2026-09-27 12:06:14,23a602eaf368b79ef85fca2cdff843d380b344e65045e7d82cdf49cf76416aa8,high,False
SS-00443,alarm_siren_0143.wav,audio data/alarm_siren/alarm_siren_0143.wav,alarm_siren,Alarm or Siren,3.0,16000,1,PCM_16,96044,WAV,indoor/outdoor,digital microphone / synthetic,5-50m,original,train,2026-09-27 12:06:14,f50bacfd9d89d43bd796bf60fb66ce979b58c9f9bb935af51c360de6c8a83bde,high,False
SS-00444,alarm_siren_0144.wav,audio data/alarm_siren/alarm_siren_0144.wav,alarm_siren,Alarm or Siren,3.0,16000,1,PCM_16,96044,WAV,indoor/outdoor,digital microphone / synthetic,5-50m,original,train,2026-09-27 12:06:14,55c0bd34224f6f089f110b675dda49c4795364d2acadcb1e8d2d627cf72d85cd,high,False
SS-00445,alarm_siren_0145.wav,audio data/alarm_siren/alarm_siren_0145.wav,alarm_siren,Alarm or Siren,3.0,16000,1,PCM_16,96044,WAV,indoor/outdoor,digital microphone / synthetic,5-50m,original,train,2026-09-27 12:06:14,175c04dcdc941f5b6b2592ad0f9994978780e6e13aa704c61f284ddebdc9304f,high,False
SS-00446,alarm_siren_0146.wav,audio data/alarm_siren/alarm_siren_0146.wav,alarm_siren,Alarm or Siren,3.0,16000,1,PCM_16,96044,WAV,indoor/outdoor,digital microphone / synthetic,5-50m,original,train,2026-09-27 12:06:14,fe500b22f2cebd21ac1042dadeb97790c8d96fd2fd0f1d94b2048852148948ff,high,False
SS-00447,alarm_siren_0147.wav,audio data/alarm_siren/alarm_siren_0147.wav,alarm_siren,Alarm or Siren,3.0,16000,1,PCM_16,96044,WAV,indoor/outdoor,digital microphone / synthetic,5-50m,original,train,2026-09-27 12:06:14,7fc03be8453ba205c184e94abdb38b70bebe5d6137b0d00b460d3a130e7db32e,high,False
SS-00448,alarm_siren_0148.wav,audio data/alarm_siren/alarm_siren_0148.wav,alarm_siren,Alarm or Siren,3.0,16000,1,PCM_16,96044,WAV,indoor/outdoor,digital microphone / synthetic,5-50m,original,train,2026-09-27 12:06:14,ec9b0a900c4beab207b54788c262941b7929251a57e4bfa18f584f8ed748eeba,high,False
SS-00449,alarm_siren_0149.wav,audio data/alarm_siren/alarm_siren_0149.wav,alarm_siren,Alarm or Siren,3.0,16000,1,PCM_16,96044,WAV,indoor/outdoor,digital microphone / synthetic,5-50m,original,train,2026-09-27 12:06:14,e79c4c1b43890618241b6d54ce6a62cd9dcb78b617c8189fbceceb423fb35818,high,False
SS-00450,alarm_siren_0150.wav,audio data/alarm_siren/alarm_siren_0150.wav,alarm_siren,Alarm or Siren,3.0,16000,1,PCM_16,96044,WAV,indoor/outdoor,digital microphone / synthetic,5-50m,original,train,2026-09-27 12:06:14,697c3160112626a7a5915d4925f01322756bf38bcd29b4f91c732bca723911da,high,False
SS-00451,alarm_siren_0151.wav,audio data/alarm_siren/alarm_siren_0151.wav,alarm_siren,Alarm or Siren,3.0,16000,1,PCM_16,96044,WAV,indoor/outdoor,digital microphone / synthetic,5-50m,original,train,2026-09-27 12:06:14,bbd49ad3005cd83e484a1274ea897dd45c9c7b949023427d8e4f4e7cc09d2cff,high,False
SS-00452,alarm_siren_0152.wav,audio data/alarm_siren/alarm_siren_0152.wav,alarm_siren,Alarm or Siren,3.0,16000,1,PCM_16,96044,WAV,indoor/outdoor,digital microphone / synthetic,5-50m,original,test,2026-09-27 12:06:14,a47b0afd8220e31332fa4f8f4c51b1a8e17564fd3bbf595039c189c48380f8c9,high,False
SS-00453,alarm_siren_0153.wav,audio data/alarm_siren/alarm_siren_0153.wav,alarm_siren,Alarm or Siren,3.0,16000,1,PCM_16,96044,WAV,indoor/outdoor,digital microphone / synthetic,5-50m,original,train,2026-09-27 12:06:14,972b320dbb882840c9c3a46ddc3b665b8377f26e4d19fee7451e969a5145d6b9,high,False
SS-00454,alarm_siren_0154.wav,audio data/alarm_siren/alarm_siren_0154.wav,alarm_siren,Alarm or Siren,3.0,16000,1,PCM_16,96044,WAV,indoor/outdoor,digital microphone / synthetic,5-50m,original,test,2026-09-27 12:06:14,a87c686d8db2c96b4899f8ce5e674df4ba40cbb3d0db4275a68c6c3a5fa59538,high,False
SS-00455,alarm_siren_0155.wav,audio data/alarm_siren/alarm_siren_0155.wav,alarm_siren,Alarm or Siren,3.0,16000,1,PCM_16,96044,WAV,indoor/outdoor,digital microphone / synthetic,5-50m,original,validation,2026-09-27 12:06:14,003d533b3f008f8ca04e03dbdd42df2048db94a5cd9f5b0c826742f524841ea2,high,False
SS-00456,alarm_siren_0156.wav,audio data/alarm_siren/alarm_siren_0156.wav,alarm_siren,Alarm or Siren,3.0,16000,1,PCM_16,96044,WAV,indoor/outdoor,digital microphone / synthetic,5-50m,original,train,2026-09-27 12:06:14,40f0fc776986eb0c110e325499d1f9070cd747ed0835a5008f882533a4fd9811,high,False
SS-00457,alarm_siren_0157.wav,audio data/alarm_siren/alarm_siren_0157.wav,alarm_siren,Alarm or Siren,3.0,16000,1,PCM_16,96044,WAV,indoor/outdoor,digital microphone / synthetic,5-50m,original,validation,2026-09-27 12:06:14,a01b2b05ad80489d990d5e255c7d3dea203ea28e41eb4a88315e7ebe516c7e22,high,False
SS-00458,alarm_siren_0158.wav,audio data/alarm_siren/alarm_siren_0158.wav,alarm_siren,Alarm or Siren,3.0,16000,1,PCM_16,96044,WAV,indoor/outdoor,digital microphone / synthetic,5-50m,original,train,2026-09-27 12:06:14,13cab10df1a0b59e54c1d7e9767096c8439f6272862e7c007717810190626327,high,False
SS-00459,alarm_siren_0159.wav,audio data/alarm_siren/alarm_siren_0159.wav,alarm_siren,Alarm or Siren,3.0,16000,1,PCM_16,96044,WAV,indoor/outdoor,digital microphone / synthetic,5-50m,original,train,2026-09-27 12:06:14,7bc160131e8b52c2ac13ce677684ccf0cdde54f2430eae01b9d922e75fdaf426,high,False
SS-00460,alarm_siren_0160.wav,audio data/alarm_siren/alarm_siren_0160.wav,alarm_siren,Alarm or Siren,3.0,16000,1,PCM_16,96044,WAV,indoor/outdoor,digital microphone / synthetic,5-50m,original,train,2026-09-27 12:06:14,23ac69b71ed19d9af1c7ce109c5d97ab872900f030f88258e27473fd0636fd6e,high,False
SS-00461,alarm_siren_0161.wav,audio data/alarm_siren/alarm_siren_0161.wav,alarm_siren,Alarm or Siren,3.0,16000,1,PCM_16,96044,WAV,indoor/outdoor,digital microphone / synthetic,5-50m,original,test,2026-09-27 12:06:14,c7cf775b9bea06dd9e877b3e8dc62ba87377675550e0f13200f705e9b4040e2b,high,False
SS-00462,alarm_siren_0162.wav,audio data/alarm_siren/alarm_siren_0162.wav,alarm_siren,Alarm or Siren,3.0,16000,1,PCM_16,96044,WAV,indoor/outdoor,digital microphone / synthetic,5-50m,original,test,2026-09-27 12:06:14,a9804f19cf48b06492db0899560a0770fce424092bcb5195cf69495edb452482,high,False
SS-00463,alarm_siren_0163.wav,audio data/alarm_siren/alarm_siren_0163.wav,alarm_siren,Alarm or Siren,3.0,16000,1,PCM_16,96044,WAV,indoor/outdoor,digital microphone / synthetic,5-50m,original,train,2026-09-27 12:06:14,4f92c6ce2d9507e90243897af85cd9d055c985c30851727f03fddbfb043ae55f,high,False
SS-00464,alarm_siren_0164.wav,audio data/alarm_siren/alarm_siren_0164.wav,alarm_siren,Alarm or Siren,3.0,16000,1,PCM_16,96044,WAV,indoor/outdoor,digital microphone / synthetic,5-50m,original,train,2026-09-27 12:06:14,2f339767996d10322df9a5b52d80c700ad36ebcc66f482dab40d06d71ee5ae6c,high,False
SS-00465,alarm_siren_0165.wav,audio data/alarm_siren/alarm_siren_0165.wav,alarm_siren,Alarm or Siren,3.0,16000,1,PCM_16,96044,WAV,indoor/outdoor,digital microphone / synthetic,5-50m,original,train,2026-09-27 12:06:14,6497b593701ebb0286341c91f0e180a05ac6d97a82a0e4db394b8555fbbedba2,high,False
SS-00466,alarm_siren_0166.wav,audio data/alarm_siren/alarm_siren_0166.wav,alarm_siren,Alarm or Siren,3.0,16000,1,PCM_16,96044,WAV,indoor/outdoor,digital microphone / synthetic,5-50m,original,train,2026-09-27 12:06:14,ed4de37f990234df709419b826188e03d5dc143b2c332a0d23e00a2b34cf9c1e,high,False
SS-00467,alarm_siren_0167.wav,audio data/alarm_siren/alarm_siren_0167.wav,alarm_siren,Alarm or Siren,3.0,16000,1,PCM_16,96044,WAV,indoor/outdoor,digital microphone / synthetic,5-50m,original,train,2026-09-27 12:06:14,a5310149f9bb31a9ac9abd6afcdc87077c2f23e807a95e087524c6bee87624de,high,False
SS-00468,alarm_siren_0168.wav,audio data/alarm_siren/alarm_siren_0168.wav,alarm_siren,Alarm or Siren,3.0,16000,1,PCM_16,96044,WAV,indoor/outdoor,digital microphone / synthetic,5-50m,original,validation,2026-09-27 12:06:14,341d931f22ae69e1b227206d5afc5bd9e80d1fdaefa0788d69e190f428767605,high,False
SS-00469,alarm_siren_0169.wav,audio data/alarm_siren/alarm_siren_0169.wav,alarm_siren,Alarm or Siren,3.0,16000,1,PCM_16,96044,WAV,indoor/outdoor,digital microphone / synthetic,5-50m,original,train,2026-09-27 12:06:14,079da481336402f40a9aebf58c648cff4d1630fde385badd6a16abb5964eefd5,high,False
SS-00470,alarm_siren_0170.wav,audio data/alarm_siren/alarm_siren_0170.wav,alarm_siren,Alarm or Siren,3.0,16000,1,PCM_16,96044,WAV,indoor/outdoor,digital microphone / synthetic,5-50m,original,validation,2026-09-27 12:06:14,e47c107a7f7e3066bd6c77f6eb19d7c3505e38c5931c9a6f013736939027052d,high,False
SS-00471,alarm_siren_0171.wav,audio data/alarm_siren/alarm_siren_0171.wav,alarm_siren,Alarm or Siren,3.0,16000,1,PCM_16,96044,WAV,indoor/outdoor,digital microphone / synthetic,5-50m,original,validation,2026-09-27 12:06:14,077c8433a66c004550030f0668bfb9cbc463ad6f60ffc5e9d128977d8d56fa67,high,False
SS-00472,alarm_siren_0172.wav,audio data/alarm_siren/alarm_siren_0172.wav,alarm_siren,Alarm or Siren,3.0,16000,1,PCM_16,96044,WAV,indoor/outdoor,digital microphone / synthetic,5-50m,original,train,2026-09-27 12:06:14,18dd4b8926de76b6d4ce13cb74a34c339c95efd9208a779a310ecae7746642c1,high,False
SS-00473,alarm_siren_0173.wav,audio data/alarm_siren/alarm_siren_0173.wav,alarm_siren,Alarm or Siren,3.0,16000,1,PCM_16,96044,WAV,indoor/outdoor,digital microphone / synthetic,5-50m,original,train,2026-09-27 12:06:14,91aeb97cf145fce7520f810ada43a7cd8f0b54d3f5b8ce61e2fbb5d4ef3baf6c,high,False
SS-00474,alarm_siren_0174.wav,audio data/alarm_siren/alarm_siren_0174.wav,alarm_siren,Alarm or Siren,3.0,16000,1,PCM_16,96044,WAV,indoor/outdoor,digital microphone / synthetic,5-50m,original,train,2026-09-27 12:06:14,1ccf5210a97b368adeb52e2cb5b9da7a9545af3ccfa7b3072509d1b23a1b7d14,high,False
SS-00475,alarm_siren_0175.wav,audio data/alarm_siren/alarm_siren_0175.wav,alarm_siren,Alarm or Siren,3.0,16000,1,PCM_16,96044,WAV,indoor/outdoor,digital microphone / synthetic,5-50m,original,train,2026-09-27 12:06:14,da14499f91bbdb0a840fbf6e82bd19eca314980734d9fa608f3320558c4c6c35,high,False
SS-00476,alarm_siren_0176.wav,audio data/alarm_siren/alarm_siren_0176.wav,alarm_siren,Alarm or Siren,3.0,16000,1,PCM_16,96044,WAV,indoor/outdoor,digital microphone / synthetic,5-50m,original,train,2026-09-27 12:06:14,6a8d123f7b2946255eae6988c245a7d56ab6f27706b24fa544d9ad70e1e048d8,high,False
SS-00477,alarm_siren_0177.wav,audio data/alarm_siren/alarm_siren_0177.wav,alarm_siren,Alarm or Siren,3.0,16000,1,PCM_16,96044,WAV,indoor/outdoor,digital microphone / synthetic,5-50m,original,train,2026-09-27 12:06:14,36c8396dd49cedddc1d453b128620c26787a57f73ba0a631f5bfab1e457ab082,high,False
SS-00478,alarm_siren_0178.wav,audio data/alarm_siren/alarm_siren_0178.wav,alarm_siren,Alarm or Siren,3.0,16000,1,PCM_16,96044,WAV,indoor/outdoor,digital microphone / synthetic,5-50m,original,train,2026-09-27 12:06:14,8baf5d7f559a2672ec08a6e384ac14ae44f5437d46598cd75a797c48e0809066,high,False
SS-00479,alarm_siren_0179.wav,audio data/alarm_siren/alarm_siren_0179.wav,alarm_siren,Alarm or Siren,3.0,16000,1,PCM_16,96044,WAV,indoor/outdoor,digital microphone / synthetic,5-50m,original,train,2026-09-27 12:06:14,6e8149540924332d510b818020e45a9786f634fdea6f1514a825bfbb3f6b5f71,high,False
SS-00480,alarm_siren_0180.wav,audio data/alarm_siren/alarm_siren_0180.wav,alarm_siren,Alarm or Siren,3.0,16000,1,PCM_16,96044,WAV,indoor/outdoor,digital microphone / synthetic,5-50m,original,train,2026-09-27 12:06:14,b43133176099bdcc851c6ff9d950951fb58303994cdc59f8a04f621a23aae857,high,False
SS-00481,alarm_siren_0181.wav,audio data/alarm_siren/alarm_siren_0181.wav,alarm_siren,Alarm or Siren,3.0,16000,1,PCM_16,96044,WAV,indoor/outdoor,digital microphone / synthetic,5-50m,original,validation,2026-09-27 12:06:14,d7f80f59ba9c608834418dc02b41d541a11fa79437cc8a9c29e5f91ba4d52d77,high,False
SS-00482,alarm_siren_0182.wav,audio data/alarm_siren/alarm_siren_0182.wav,alarm_siren,Alarm or Siren,3.0,16000,1,PCM_16,96044,WAV,indoor/outdoor,digital microphone / synthetic,5-50m,original,train,2026-09-27 12:06:14,0d13bd027daea0bf243d69bc90bca01a0415454189d5f35c7d357514259d8671,high,False
SS-00483,alarm_siren_0183.wav,audio data/alarm_siren/alarm_siren_0183.wav,alarm_siren,Alarm or Siren,3.0,16000,1,PCM_16,96044,WAV,indoor/outdoor,digital microphone / synthetic,5-50m,original,train,2026-09-27 12:06:14,c5e1616060fe072cf4e687cd525435583d3ba9ffd76ac26ce02ccd019e06020d,high,False
SS-00484,alarm_siren_0184.wav,audio data/alarm_siren/alarm_siren_0184.wav,alarm_siren,Alarm or Siren,3.0,16000,1,PCM_16,96044,WAV,indoor/outdoor,digital microphone / synthetic,5-50m,original,validation,2026-09-27 12:06:14,a5af58b5b7904096ea363e34c80b4324a35ef226cfda44eb61feb401bee2c8a5,high,False
SS-00485,alarm_siren_0185.wav,audio data/alarm_siren/alarm_siren_0185.wav,alarm_siren,Alarm or Siren,3.0,16000,1,PCM_16,96044,WAV,indoor/outdoor,digital microphone / synthetic,5-50m,original,train,2026-09-27 12:06:14,f0c690159b7424757bc5dffb062be583d3f9b337cb751368d53772cc4c0e6e4f,high,False
SS-00486,alarm_siren_0186.wav,audio data/alarm_siren/alarm_siren_0186.wav,alarm_siren,Alarm or Siren,3.0,16000,1,PCM_16,96044,WAV,indoor/outdoor,digital microphone / synthetic,5-50m,original,train,2026-09-27 12:06:14,de3e86f008d963768f159afdda1e2ce350013b3fab529c3bc9bd9561ceb57587,high,False
SS-00487,alarm_siren_0187.wav,audio data/alarm_siren/alarm_siren_0187.wav,alarm_siren,Alarm or Siren,3.0,16000,1,PCM_16,96044,WAV,indoor/outdoor,digital microphone / synthetic,5-50m,original,train,2026-09-27 12:06:14,9bc7527c3b14c233db869a4dab20ed93066ef7fc9c1d4bf2ae805297a6db2851,high,False
SS-00488,alarm_siren_0188.wav,audio data/alarm_siren/alarm_siren_0188.wav,alarm_siren,Alarm or Siren,3.0,16000,1,PCM_16,96044,WAV,indoor/outdoor,digital microphone / synthetic,5-50m,original,train,2026-09-27 12:06:14,f2f2f8ecbb24a3be88d81e836378ac3ac39f8e8ac020bc5f5519562b4a468d95,high,False
SS-00489,alarm_siren_0189.wav,audio data/alarm_siren/alarm_siren_0189.wav,alarm_siren,Alarm or Siren,3.0,16000,1,PCM_16,96044,WAV,indoor/outdoor,digital microphone / synthetic,5-50m,original,train,2026-09-27 12:06:14,b8ca54457e464784e6904e3a33a9b7dd2742444f50be5ebe4ae3c21bfc95ce3d,high,False
SS-00490,alarm_siren_0190.wav,audio data/alarm_siren/alarm_siren_0190.wav,alarm_siren,Alarm or Siren,3.0,16000,1,PCM_16,96044,WAV,indoor/outdoor,digital microphone / synthetic,5-50m,original,train,2026-09-27 12:06:14,a47bc64bed841bb78b6ed8ce2c4ce4e553c5ff01a3900c93bcb159bbab4e8c8b,high,False
SS-00491,alarm_siren_0191.wav,audio data/alarm_siren/alarm_siren_0191.wav,alarm_siren,Alarm or Siren,3.0,16000,1,PCM_16,96044,WAV,indoor/outdoor,digital microphone / synthetic,5-50m,original,validation,2026-09-27 12:06:14,82cc0db4a0917e86c5df93ee101fb140115ed4440c9386ababd3deae5d5e5322,high,False
SS-00492,alarm_siren_0192.wav,audio data/alarm_siren/alarm_siren_0192.wav,alarm_siren,Alarm or Siren,3.0,16000,1,PCM_16,96044,WAV,indoor/outdoor,digital microphone / synthetic,5-50m,original,train,2026-09-27 12:06:14,53563113e9e0b6863eeb4d28c6d29ed89c6f94a35450818d72d1fc0dffdb1fa2,high,False
SS-00493,alarm_siren_0193.wav,audio data/alarm_siren/alarm_siren_0193.wav,alarm_siren,Alarm or Siren,3.0,16000,1,PCM_16,96044,WAV,indoor/outdoor,digital microphone / synthetic,5-50m,original,train,2026-09-27 12:06:14,8fd3fc49fa20f245c94bdecaedf657567e75f0169961826c0058713bf20cfaf4,high,False
SS-00494,alarm_siren_0194.wav,audio data/alarm_siren/alarm_siren_0194.wav,alarm_siren,Alarm or Siren,3.0,16000,1,PCM_16,96044,WAV,indoor/outdoor,digital microphone / synthetic,5-50m,original,train,2026-09-27 12:06:14,6109208515c7ada886d56e32d5dad6b1ca0674abab41932eff8e7585e7903bf8,high,False
SS-00495,alarm_siren_0195.wav,audio data/alarm_siren/alarm_siren_0195.wav,alarm_siren,Alarm or Siren,3.0,16000,1,PCM_16,96044,WAV,indoor/outdoor,digital microphone / synthetic,5-50m,original,train,2026-09-27 12:06:14,eb8602797683259aecaaf55c6d72862a216d9109f6449dfc41802d8a48346e3b,high,False
SS-00496,alarm_siren_0196.wav,audio data/alarm_siren/alarm_siren_0196.wav,alarm_siren,Alarm or Siren,3.0,16000,1,PCM_16,96044,WAV,indoor/outdoor,digital microphone / synthetic,5-50m,original,train,2026-09-27 12:06:14,50fa2c452dfb1c573a674a51bd5a1db72e5710740c87e64c295a0772341c9c94,high,False
SS-00497,alarm_siren_0197.wav,audio data/alarm_siren/alarm_siren_0197.wav,alarm_siren,Alarm or Siren,3.0,16000,1,PCM_16,96044,WAV,indoor/outdoor,digital microphone / synthetic,5-50m,original,train,2026-09-27 12:06:14,8530ba780b92eba839212d3fdf217d4df5708891bd51db730d81ef43089666a1,high,False
SS-00498,alarm_siren_0198.wav,audio data/alarm_siren/alarm_siren_0198.wav,alarm_siren,Alarm or Siren,3.0,16000,1,PCM_16,96044,WAV,indoor/outdoor,digital microphone / synthetic,5-50m,original,train,2026-09-27 12:06:14,66fae96c07512c30ead7e337574a9c22a6ca3e8ac08200f63b5a267ad57b2a3f,high,False
SS-00499,alarm_siren_0199.wav,audio data/alarm_siren/alarm_siren_0199.wav,alarm_siren,Alarm or Siren,3.0,16000,1,PCM_16,96044,WAV,indoor/outdoor,digital microphone / synthetic,5-50m,original,train,2026-09-27 12:06:14,3d53c8b12b36a313c7f0622fca82a2ab192d770a5740dad37dd36a8b6212e8e2,high,False
SS-00500,alarm_siren_0200.wav,audio data/alarm_siren/alarm_siren_0200.wav,alarm_siren,Alarm or Siren,3.0,16000,1,PCM_16,96044,WAV,indoor/outdoor,digital microphone / synthetic,5-50m,original,train,2026-09-27 12:06:14,846f81b0de40709921e10da337f011eadfeb89437c396694f26aea5e62863a48,high,False
SS-00501,alarm_siren_0201.wav,audio data/alarm_siren/alarm_siren_0201.wav,alarm_siren,Alarm or Siren,3.0,16000,1,PCM_16,96044,WAV,indoor/outdoor,digital microphone / synthetic,5-50m,original,train,2026-09-27 12:06:14,614d7c952ecfb8e123f00587a24b2dbbfdfc7aaa938746faf568079675e6b633,high,False
SS-00502,alarm_siren_0202.wav,audio data/alarm_siren/alarm_siren_0202.wav,alarm_siren,Alarm or Siren,3.0,16000,1,PCM_16,96044,WAV,indoor/outdoor,digital microphone / synthetic,5-50m,original,train,2026-09-27 12:06:14,68c7059c35db9d253d1b72d91ec70e9e78dd1c30aff2fd765ac4bbef435b0b1f,high,False
SS-00503,alarm_siren_0203.wav,audio data/alarm_siren/alarm_siren_0203.wav,alarm_siren,Alarm or Siren,3.0,16000,1,PCM_16,96044,WAV,indoor/outdoor,digital microphone / synthetic,5-50m,original,test,2026-09-27 12:06:14,65c85fd272092b4e222ea420b5a8c76d84de069abaac6803539208ef7b81786a,high,False
SS-00504,alarm_siren_0204.wav,audio data/alarm_siren/alarm_siren_0204.wav,alarm_siren,Alarm or Siren,3.0,16000,1,PCM_16,96044,WAV,indoor/outdoor,digital microphone / synthetic,5-50m,original,train,2026-09-27 12:06:14,2e4714596606b7439a3980f5c562cc6a1953cda19e8b895a48ae2b5bfb035eff,high,False
SS-00505,alarm_siren_0205.wav,audio data/alarm_siren/alarm_siren_0205.wav,alarm_siren,Alarm or Siren,3.0,16000,1,PCM_16,96044,WAV,indoor/outdoor,digital microphone / synthetic,5-50m,original,train,2026-09-27 12:06:14,50ed0ca2e28cfc3e555978b6ebd1cf51603a9f02d4b084c66686374e85dc5575,high,False
SS-00506,alarm_siren_0206.wav,audio data/alarm_siren/alarm_siren_0206.wav,alarm_siren,Alarm or Siren,3.0,16000,1,PCM_16,96044,WAV,indoor/outdoor,digital microphone / synthetic,5-50m,original,train,2026-09-27 12:06:14,10b91e196fdabff561690ff8bb3df058001b33461c197014085916b2d1a4573f,high,False
SS-00507,alarm_siren_0207.wav,audio data/alarm_siren/alarm_siren_0207.wav,alarm_siren,Alarm or Siren,3.0,16000,1,PCM_16,96044,WAV,indoor/outdoor,digital microphone / synthetic,5-50m,original,test,2026-09-27 12:06:14,5079c970e7181945204c9cd37c6a0b7a42ce9548eaf6a2b2bd9511ba0f2cb782,high,False
SS-00508,alarm_siren_0208.wav,audio data/alarm_siren/alarm_siren_0208.wav,alarm_siren,Alarm or Siren,3.0,16000,1,PCM_16,96044,WAV,indoor/outdoor,digital microphone / synthetic,5-50m,original,train,2026-09-27 12:06:14,7d1a10c76d18ae8455c60a9f16c0d5bb8fcf389ff8a0bffd25f49614ead3569f,high,False
SS-00509,alarm_siren_0209.wav,audio data/alarm_siren/alarm_siren_0209.wav,alarm_siren,Alarm or Siren,3.0,16000,1,PCM_16,96044,WAV,indoor/outdoor,digital microphone / synthetic,5-50m,original,train,2026-09-27 12:06:14,dd5035d45c1b16b35e5e08d9ff4897a166855254ab6a83413635c93796534296,high,False
SS-00510,alarm_siren_0210.wav,audio data/alarm_siren/alarm_siren_0210.wav,alarm_siren,Alarm or Siren,3.0,16000,1,PCM_16,96044,WAV,indoor/outdoor,digital microphone / synthetic,5-50m,original,validation,2026-09-27 12:06:14,5b18c91f8560c7d154ffa4428cb657114de1012b0b37ad7f163e12654306fbfb,high,False
SS-00511,alarm_siren_0211.wav,audio data/alarm_siren/alarm_siren_0211.wav,alarm_siren,Alarm or Siren,3.0,16000,1,PCM_16,96044,WAV,indoor/outdoor,digital microphone / synthetic,5-50m,original,train,2026-09-27 12:06:14,ad7a4e6f8f803dcdfdb66b09e48c981a3a88ea51e42a3fdd00fe4fe831f71b77,high,False
SS-00512,alarm_siren_0212.wav,audio data/alarm_siren/alarm_siren_0212.wav,alarm_siren,Alarm or Siren,3.0,16000,1,PCM_16,96044,WAV,indoor/outdoor,digital microphone / synthetic,5-50m,original,train,2026-09-27 12:06:14,f8c30480482a4289bc5ed0b13a625b0385428ed1de683e1c7d73cdffcf106bb1,high,False
SS-00513,alarm_siren_0213.wav,audio data/alarm_siren/alarm_siren_0213.wav,alarm_siren,Alarm or Siren,3.0,16000,1,PCM_16,96044,WAV,indoor/outdoor,digital microphone / synthetic,5-50m,original,train,2026-09-27 12:06:14,a3d104986dfcde8aa075be2686ef1d9541abb985cfdb3e678279ca28e3ea73ec,high,False
SS-00514,alarm_siren_0214.wav,audio data/alarm_siren/alarm_siren_0214.wav,alarm_siren,Alarm or Siren,3.0,16000,1,PCM_16,96044,WAV,indoor/outdoor,digital microphone / synthetic,5-50m,original,validation,2026-09-27 12:06:14,3ddffcc0cc71fe535ce43e936d40f71979169c934d6213bdfaefc863253563fe,high,False
SS-00515,alarm_siren_0215.wav,audio data/alarm_siren/alarm_siren_0215.wav,alarm_siren,Alarm or Siren,3.0,16000,1,PCM_16,96044,WAV,indoor/outdoor,digital microphone / synthetic,5-50m,original,test,2026-09-27 12:06:14,52cd3fb9ccadcdc20735805b0bc1e66e0e2a89c3f2401ce0152235cc8bc1dd86,high,False
SS-00516,alarm_siren_0216.wav,audio data/alarm_siren/alarm_siren_0216.wav,alarm_siren,Alarm or Siren,3.0,16000,1,PCM_16,96044,WAV,indoor/outdoor,digital microphone / synthetic,5-50m,original,train,2026-09-27 12:06:14,e8dec436cebfe7ad7d6c05dfe2e3e81686dc6b73373eb8a20154169913b68733,high,False
SS-00517,alarm_siren_0217.wav,audio data/alarm_siren/alarm_siren_0217.wav,alarm_siren,Alarm or Siren,3.0,16000,1,PCM_16,96044,WAV,indoor/outdoor,digital microphone / synthetic,5-50m,original,train,2026-09-27 12:06:14,a21f3592687540248d826c2500aa178c623843416c9c2fbda7f0190cee558962,high,False
SS-00518,alarm_siren_0218.wav,audio data/alarm_siren/alarm_siren_0218.wav,alarm_siren,Alarm or Siren,3.0,16000,1,PCM_16,96044,WAV,indoor/outdoor,digital microphone / synthetic,5-50m,original,train,2026-09-27 12:06:14,d7d842fe14f483649ea14933dc8a21b331741ac92da7e706888878ee05f0197c,high,False
SS-00519,alarm_siren_0219.wav,audio data/alarm_siren/alarm_siren_0219.wav,alarm_siren,Alarm or Siren,3.0,16000,1,PCM_16,96044,WAV,indoor/outdoor,digital microphone / synthetic,5-50m,original,train,2026-09-27 12:06:14,b0ac1ed3707d05929ec519f378443850f3023b7588bdca1956b77c70fc6d0cfe,high,False
SS-00520,alarm_siren_0220.wav,audio data/alarm_siren/alarm_siren_0220.wav,alarm_siren,Alarm or Siren,3.0,16000,1,PCM_16,96044,WAV,indoor/outdoor,digital microphone / synthetic,5-50m,original,train,2026-09-27 12:06:14,7fb6eb7781c14bc6a6f00c8bf5a1c12db7d3b08b6bb9d84a64ebe4f0e135f9dc,high,False
SS-00521,alarm_siren_0221.wav,audio data/alarm_siren/alarm_siren_0221.wav,alarm_siren,Alarm or Siren,3.0,16000,1,PCM_16,96044,WAV,indoor/outdoor,digital microphone / synthetic,5-50m,original,train,2026-09-27 12:06:14,1930fd1a34bf6faa6501ffd8347c8683e420b24c4a708647f37357831dca0ff2,high,False
SS-00522,alarm_siren_0222.wav,audio data/alarm_siren/alarm_siren_0222.wav,alarm_siren,Alarm or Siren,3.0,16000,1,PCM_16,96044,WAV,indoor/outdoor,digital microphone / synthetic,5-50m,original,train,2026-09-27 12:06:14,374fd9fe8178353664416ae0916af09aa0e4398741fc3ac2d206790b7c698481,high,False
SS-00523,alarm_siren_0223.wav,audio data/alarm_siren/alarm_siren_0223.wav,alarm_siren,Alarm or Siren,3.0,16000,1,PCM_16,96044,WAV,indoor/outdoor,digital microphone / synthetic,5-50m,original,train,2026-09-27 12:06:14,7c4142d9bcde65a64bcf0b72e99eb38771dee0df81613e9f3fa71d0e95fbb864,high,False
SS-00524,alarm_siren_0224.wav,audio data/alarm_siren/alarm_siren_0224.wav,alarm_siren,Alarm or Siren,3.0,16000,1,PCM_16,96044,WAV,indoor/outdoor,digital microphone / synthetic,5-50m,original,train,2026-09-27 12:06:14,99d8efccadb71cd1e29efacb395286d629f29bfd4239394ef92db12423cc9f0e,high,False
SS-00525,alarm_siren_0225.wav,audio data/alarm_siren/alarm_siren_0225.wav,alarm_siren,Alarm or Siren,3.0,16000,1,PCM_16,96044,WAV,indoor/outdoor,digital microphone / synthetic,5-50m,original,validation,2026-09-27 12:06:14,b5cfe7b50c98cea30130238c061cbe95f85b8656d1cb885d885e9e815a51e93c,high,False
SS-00526,alarm_siren_0226(1).wav,audio data/alarm_siren/alarm_siren_0226(1).wav,alarm_siren,Alarm or Siren,3.0,16000,1,PCM_16,96044,WAV,indoor/outdoor,digital microphone / synthetic,5-50m,original,validation,2026-09-27 12:06:14,d4ec31c48f2639140b625e6fcdbfee7c684d981a9163cf89de8cc5ff7bc5d29c,high,False
SS-00527,alarm_siren_0226.wav,audio data/alarm_siren/alarm_siren_0226.wav,alarm_siren,Alarm or Siren,3.0,16000,1,PCM_16,96044,WAV,indoor/outdoor,digital microphone / synthetic,5-50m,original,train,2026-09-27 12:06:14,d4ec31c48f2639140b625e6fcdbfee7c684d981a9163cf89de8cc5ff7bc5d29c,high,False
SS-00528,alarm_siren_0227.wav,audio data/alarm_siren/alarm_siren_0227.wav,alarm_siren,Alarm or Siren,3.0,16000,1,PCM_16,96044,WAV,indoor/outdoor,digital microphone / synthetic,5-50m,original,train,2026-09-27 12:06:14,66f3d25545c77a271140da77a2e8ce10ff4bfda331bdfa971c8aa36cbd9291a3,high,False
SS-00529,alarm_siren_0228.wav,audio data/alarm_siren/alarm_siren_0228.wav,alarm_siren,Alarm or Siren,3.0,16000,1,PCM_16,96044,WAV,indoor/outdoor,digital microphone / synthetic,5-50m,original,validation,2026-09-27 12:06:14,4b6572c7e40cf1ad95d14843fcaafda05d6a2668b0d9b974fa760819d8b55ed7,high,False
SS-00530,alarm_siren_0229.wav,audio data/alarm_siren/alarm_siren_0229.wav,alarm_siren,Alarm or Siren,3.0,16000,1,PCM_16,96044,WAV,indoor/outdoor,digital microphone / synthetic,5-50m,original,train,2026-09-27 12:06:14,33f90c58dd6b77dc546752d602083726cf7ee04a861820b78d17af7a85a957a0,high,False
SS-00531,alarm_siren_0230.wav,audio data/alarm_siren/alarm_siren_0230.wav,alarm_siren,Alarm or Siren,3.0,16000,1,PCM_16,96044,WAV,indoor/outdoor,digital microphone / synthetic,5-50m,original,train,2026-09-27 12:06:14,c181da54d9b0dbeef6ef45b0df3f69f047d63b95085d5c6423d5a17e19658097,high,False
SS-00532,alarm_siren_0231.wav,audio data/alarm_siren/alarm_siren_0231.wav,alarm_siren,Alarm or Siren,3.0,16000,1,PCM_16,96044,WAV,indoor/outdoor,digital microphone / synthetic,5-50m,original,train,2026-09-27 12:06:14,4040f8a8c68119f8b8c3263bb85569ff567c0df49d3ea1c7779416027059bc00,high,False
SS-00533,alarm_siren_0232.wav,audio data/alarm_siren/alarm_siren_0232.wav,alarm_siren,Alarm or Siren,3.0,16000,1,PCM_16,96044,WAV,indoor/outdoor,digital microphone / synthetic,5-50m,original,train,2026-09-27 12:06:14,a308541e38b76b179e2191d0060821f0fcecde9bf3517e3dbb784437b8a9738c,high,False
SS-00534,alarm_siren_0233.wav,audio data/alarm_siren/alarm_siren_0233.wav,alarm_siren,Alarm or Siren,3.0,16000,1,PCM_16,96044,WAV,indoor/outdoor,digital microphone / synthetic,5-50m,original,train,2026-09-27 12:06:14,21353518c2424da39efa4f36f8c344d0d496ee6b0bfcf9832746671b36210a47,high,False
SS-00535,alarm_siren_0234.wav,audio data/alarm_siren/alarm_siren_0234.wav,alarm_siren,Alarm or Siren,3.0,16000,1,PCM_16,96044,WAV,indoor/outdoor,digital microphone / synthetic,5-50m,original,test,2026-09-27 12:06:14,443d150a656ecd6580033b2acf8a5ef6dac8eaeef59e101fb97dd999cde6760a,high,False
SS-00536,alarm_siren_0235.wav,audio data/alarm_siren/alarm_siren_0235.wav,alarm_siren,Alarm or Siren,3.0,16000,1,PCM_16,96044,WAV,indoor/outdoor,digital microphone / synthetic,5-50m,original,train,2026-09-27 12:06:14,ea5e353f0fe2b3eca363d366d650dfe748c918a63c254666795976f45a5f2832,high,False
SS-00537,alarm_siren_0236.wav,audio data/alarm_siren/alarm_siren_0236.wav,alarm_siren,Alarm or Siren,3.0,16000,1,PCM_16,96044,WAV,indoor/outdoor,digital microphone / synthetic,5-50m,original,train,2026-09-27 12:06:14,f59be8536ded70292a3553b92b9e8eaefe09ff67ad55b2222b1c68efd83a5709,high,False
SS-00538,alarm_siren_0237.wav,audio data/alarm_siren/alarm_siren_0237.wav,alarm_siren,Alarm or Siren,3.0,16000,1,PCM_16,96044,WAV,indoor/outdoor,digital microphone / synthetic,5-50m,original,train,2026-09-27 12:06:14,ab44b4dcf69a54b7ef8c84fd37c291437a60ffd70c58c6bd6044c7232f890e4a,high,False
SS-00539,alarm_siren_0238.wav,audio data/alarm_siren/alarm_siren_0238.wav,alarm_siren,Alarm or Siren,3.0,16000,1,PCM_16,96044,WAV,indoor/outdoor,digital microphone / synthetic,5-50m,original,validation,2026-09-27 12:06:14,337b95868a621175055b3a2e200fc84e513e9059e435a1c67633ce8b9ae65dda,high,False
SS-00540,alarm_siren_0239.wav,audio data/alarm_siren/alarm_siren_0239.wav,alarm_siren,Alarm or Siren,3.0,16000,1,PCM_16,96044,WAV,indoor/outdoor,digital microphone / synthetic,5-50m,original,train,2026-09-27 12:06:14,1c2a7ad81e424d73da09324d30a40f858c9335b7e3fac0e4c676aa0f48e4afb1,high,False
SS-00541,alarm_siren_0240.wav,audio data/alarm_siren/alarm_siren_0240.wav,alarm_siren,Alarm or Siren,3.0,16000,1,PCM_16,96044,WAV,indoor/outdoor,digital microphone / synthetic,5-50m,original,train,2026-09-27 12:06:14,fb4782383b48e061dc200c2012b3f417c078ac75d06a98dc09aee3cb04956a51,high,False
SS-00542,alarm_siren_0241.wav,audio data/alarm_siren/alarm_siren_0241.wav,alarm_siren,Alarm or Siren,3.0,16000,1,PCM_16,96044,WAV,indoor/outdoor,digital microphone / synthetic,5-50m,original,train,2026-09-27 12:06:14,e6b58776a1ceb702cc255061d85b0643bfee5993012485224c7e863ea8e08af7,high,False
SS-00543,alarm_siren_0242.wav,audio data/alarm_siren/alarm_siren_0242.wav,alarm_siren,Alarm or Siren,3.0,16000,1,PCM_16,96044,WAV,indoor/outdoor,digital microphone / synthetic,5-50m,original,validation,2026-09-27 12:06:14,ca7ac824f4321395660bfeae6524a2aa63b486f2680be210cd3c0369ccd0729d,high,False
SS-00544,alarm_siren_0243.wav,audio data/alarm_siren/alarm_siren_0243.wav,alarm_siren,Alarm or Siren,3.0,16000,1,PCM_16,96044,WAV,indoor/outdoor,digital microphone / synthetic,5-50m,original,train,2026-09-27 12:06:14,dcce1c4519c814a92099ec8576ff5beab9dba8287aa00832f2334bbf6e5b7db6,high,False
SS-00545,alarm_siren_0244.wav,audio data/alarm_siren/alarm_siren_0244.wav,alarm_siren,Alarm or Siren,3.0,16000,1,PCM_16,96044,WAV,indoor/outdoor,digital microphone / synthetic,5-50m,original,test,2026-09-27 12:06:14,e0b87969e1775a5a8758bf60882efbe42fcef8e091940a9b0199f0284d9c4677,high,False
SS-00546,alarm_siren_0245.wav,audio data/alarm_siren/alarm_siren_0245.wav,alarm_siren,Alarm or Siren,3.0,16000,1,PCM_16,96044,WAV,indoor/outdoor,digital microphone / synthetic,5-50m,original,train,2026-09-27 12:06:14,925c2e9e4877ed192e5dbce14ab7716068bdc7ac7a97284ff42601a0d528c45a,high,False
SS-00547,alarm_siren_0246.wav,audio data/alarm_siren/alarm_siren_0246.wav,alarm_siren,Alarm or Siren,3.0,16000,1,PCM_16,96044,WAV,indoor/outdoor,digital microphone / synthetic,5-50m,original,train,2026-09-27 12:06:14,c7efb08b33759dfa0f74ebe291a70528eb91e066ca60c346af7cd809c8533b0b,high,False
SS-00548,alarm_siren_0247.wav,audio data/alarm_siren/alarm_siren_0247.wav,alarm_siren,Alarm or Siren,3.0,16000,1,PCM_16,96044,WAV,indoor/outdoor,digital microphone / synthetic,5-50m,original,validation,2026-09-27 12:06:14,5629ed2d537094a483b8786af6c6fb441aaa72fbfb719df4b30a148f91e54dfe,high,False
SS-00549,alarm_siren_0248.wav,audio data/alarm_siren/alarm_siren_0248.wav,alarm_siren,Alarm or Siren,3.0,16000,1,PCM_16,96044,WAV,indoor/outdoor,digital microphone / synthetic,5-50m,original,train,2026-09-27 12:06:14,4a875d9679a3aa76e7570a42e66a14d0c1489a18a3582252fb5cea5c6001db13,high,False
SS-00550,alarm_siren_0249.wav,audio data/alarm_siren/alarm_siren_0249.wav,alarm_siren,Alarm or Siren,3.0,16000,1,PCM_16,96044,WAV,indoor/outdoor,digital microphone / synthetic,5-50m,original,test,2026-09-27 12:06:14,62b9d4d17542a4024161d517bd31076c8e7783ff568fbc416d1951de616cd14e,high,False
SS-00551,alarm_siren_0250.wav,audio data/alarm_siren/alarm_siren_0250.wav,alarm_siren,Alarm or Siren,3.0,16000,1,PCM_16,96044,WAV,indoor/outdoor,digital microphone / synthetic,5-50m,original,train,2026-09-27 12:06:14,e19cbcfb04f403d36f591e98efa3645698ddcf4888f0efa024c2c84b4b9b80e4,high,False
SS-00552,alarm_siren_0251.wav,audio data/alarm_siren/alarm_siren_0251.wav,alarm_siren,Alarm or Siren,3.0,16000,1,PCM_16,96044,WAV,indoor/outdoor,digital microphone / synthetic,5-50m,original,validation,2026-09-27 12:06:14,0fe67d112b60ae0e34fe31975df5ff73412f48dcd6f52c1188ccbb8bac6db54a,high,False
SS-00553,alarm_siren_0252.wav,audio data/alarm_siren/alarm_siren_0252.wav,alarm_siren,Alarm or Siren,3.0,16000,1,PCM_16,96044,WAV,indoor/outdoor,digital microphone / synthetic,5-50m,original,train,2026-09-27 12:06:14,7553a16fcd6950b15c7ccffe3b37b7928c978d1fc9c05e4e4649e944d1592760,high,False
SS-00554,alarm_siren_0253.wav,audio data/alarm_siren/alarm_siren_0253.wav,alarm_siren,Alarm or Siren,3.0,16000,1,PCM_16,96044,WAV,indoor/outdoor,digital microphone / synthetic,5-50m,original,train,2026-09-27 12:06:14,d131da6934e4ad8ca057bf0ce55ffd8b87a59602a50ba6cd7f7e4b4c8b671c1f,high,False
SS-00555,alarm_siren_0254.wav,audio data/alarm_siren/alarm_siren_0254.wav,alarm_siren,Alarm or Siren,3.0,16000,1,PCM_16,96044,WAV,indoor/outdoor,digital microphone / synthetic,5-50m,original,train,2026-09-27 12:06:14,241181bcb64505008aef1c0e8bea39f3da96906c87e73d0fd971a8baa92addda,high,False
SS-00556,alarm_siren_0255.wav,audio data/alarm_siren/alarm_siren_0255.wav,alarm_siren,Alarm or Siren,3.0,16000,1,PCM_16,96044,WAV,indoor/outdoor,digital microphone / synthetic,5-50m,original,train,2026-09-27 12:06:14,ecc82c8ccaf7e6a0ba87fbbca9cdf4606d88f338c22afb7db4363fa1b6175e75,high,False
SS-00557,alarm_siren_0256.wav,audio data/alarm_siren/alarm_siren_0256.wav,alarm_siren,Alarm or Siren,3.0,16000,1,PCM_16,96044,WAV,indoor/outdoor,digital microphone / synthetic,5-50m,original,train,2026-09-27 12:06:14,78f89e84973d353e167bc5fb0f3b5cc044c09fd2adcbe9cc5b876caaa50ae642,high,False
SS-00558,alarm_siren_0257.wav,audio data/alarm_siren/alarm_siren_0257.wav,alarm_siren,Alarm or Siren,3.0,16000,1,PCM_16,96044,WAV,indoor/outdoor,digital microphone / synthetic,5-50m,original,test,2026-09-27 12:06:14,09cb52255af7554280549f77338e7fdd7d2a835e85110317b1a8e8302a605bbb,high,False
SS-00559,alarm_siren_0258.wav,audio data/alarm_siren/alarm_siren_0258.wav,alarm_siren,Alarm or Siren,3.0,16000,1,PCM_16,96044,WAV,indoor/outdoor,digital microphone / synthetic,5-50m,original,train,2026-09-27 12:06:14,85c3fcc7734d085798ab2cc9ee1ec20435a217cfc3a680915918c98596c91191,high,False
SS-00560,alarm_siren_0259.wav,audio data/alarm_siren/alarm_siren_0259.wav,alarm_siren,Alarm or Siren,3.0,16000,1,PCM_16,96044,WAV,indoor/outdoor,digital microphone / synthetic,5-50m,original,validation,2026-09-27 12:06:14,d815dced9f6aa3cac247cdbfbdadddf4c2a4c08acda45ab0dd3d9a9b1eda4437,high,False
SS-00561,alarm_siren_0260.wav,audio data/alarm_siren/alarm_siren_0260.wav,alarm_siren,Alarm or Siren,3.0,16000,1,PCM_16,96044,WAV,indoor/outdoor,digital microphone / synthetic,5-50m,original,test,2026-09-27 12:06:14,956e75252739b843ba19828ec40db26d7ecc655be753c382093fc629ae631d5d,high,False
SS-00562,alarm_siren_0261.wav,audio data/alarm_siren/alarm_siren_0261.wav,alarm_siren,Alarm or Siren,3.0,16000,1,PCM_16,96044,WAV,indoor/outdoor,digital microphone / synthetic,5-50m,original,test,2026-09-27 12:06:14,f99c3c2e108e2f9c343372feff11b9c13eb24477a64a2dc7c7b5ffa90c91584e,high,False
SS-00563,alarm_siren_0262.wav,audio data/alarm_siren/alarm_siren_0262.wav,alarm_siren,Alarm or Siren,3.0,16000,1,PCM_16,96044,WAV,indoor/outdoor,digital microphone / synthetic,5-50m,original,train,2026-09-27 12:06:14,41d21f5f222b27dfb6ed74dc574bc7c1ca6371fbbb8b6da14350dc288d3c98d4,high,False
SS-00564,alarm_siren_0263.wav,audio data/alarm_siren/alarm_siren_0263.wav,alarm_siren,Alarm or Siren,3.0,16000,1,PCM_16,96044,WAV,indoor/outdoor,digital microphone / synthetic,5-50m,original,validation,2026-09-27 12:06:14,de754585382f693473efd6e2cee083c3ddb1600a235307dee65ed6e8e773e451,high,False
SS-00565,alarm_siren_0264.wav,audio data/alarm_siren/alarm_siren_0264.wav,alarm_siren,Alarm or Siren,3.0,16000,1,PCM_16,96044,WAV,indoor/outdoor,digital microphone / synthetic,5-50m,original,train,2026-09-27 12:06:14,453a88c7831bd0d89d184188beff7e2178daba5898bd3931953bb83dae34e915,high,False
SS-00566,alarm_siren_0265.wav,audio data/alarm_siren/alarm_siren_0265.wav,alarm_siren,Alarm or Siren,3.0,16000,1,PCM_16,96044,WAV,indoor/outdoor,digital microphone / synthetic,5-50m,original,validation,2026-09-27 12:06:14,0e46110688898feaeaecc191e37208b9a441c47af684d9e70e5ca67c1c7cd4a9,high,False
SS-00567,alarm_siren_0266.wav,audio data/alarm_siren/alarm_siren_0266.wav,alarm_siren,Alarm or Siren,3.0,16000,1,PCM_16,96044,WAV,indoor/outdoor,digital microphone / synthetic,5-50m,original,train,2026-09-27 12:06:14,a88794336d6c230140b45ac5cfc6cc04d5712757ff19d8e38660f6f1ef9f1151,high,False
SS-00568,alarm_siren_0267.wav,audio data/alarm_siren/alarm_siren_0267.wav,alarm_siren,Alarm or Siren,3.0,16000,1,PCM_16,96044,WAV,indoor/outdoor,digital microphone / synthetic,5-50m,original,test,2026-09-27 12:06:14,1c03b6ead58d3df34b53e085eb34af12dd398ae082edc5e9b9735cfbd5b546c3,high,False
SS-00569,alarm_siren_0268.wav,audio data/alarm_siren/alarm_siren_0268.wav,alarm_siren,Alarm or Siren,3.0,16000,1,PCM_16,96044,WAV,indoor/outdoor,digital microphone / synthetic,5-50m,original,train,2026-09-27 12:06:14,b9e49035bd1e60259dd6167b29c2097ce6377335a6349643976401c2420383c1,high,False
SS-00570,alarm_siren_0269.wav,audio data/alarm_siren/alarm_siren_0269.wav,alarm_siren,Alarm or Siren,3.0,16000,1,PCM_16,96044,WAV,indoor/outdoor,digital microphone / synthetic,5-50m,original,train,2026-09-27 12:06:14,cc937c17dd4eb33b350c1416c1d56d2b983e44b655f8f814f091a90bbf0220b2,high,False
SS-00571,alarm_siren_0270.wav,audio data/alarm_siren/alarm_siren_0270.wav,alarm_siren,Alarm or Siren,3.0,16000,1,PCM_16,96044,WAV,indoor/outdoor,digital microphone / synthetic,5-50m,original,test,2026-09-27 12:06:14,a2ba53f16b9e668c9b8f94d3d0242534c5358578455981a14d77439476df94c9,high,False
SS-00572,alarm_siren_0271.wav,audio data/alarm_siren/alarm_siren_0271.wav,alarm_siren,Alarm or Siren,3.0,16000,1,PCM_16,96044,WAV,indoor/outdoor,digital microphone / synthetic,5-50m,original,test,2026-09-27 12:06:14,4b0cd087195bd15fbdc32e72a6cc1db6cc21f40963674a507599805290d4fd15,high,False
SS-00573,alarm_siren_0272.wav,audio data/alarm_siren/alarm_siren_0272.wav,alarm_siren,Alarm or Siren,3.0,16000,1,PCM_16,96044,WAV,indoor/outdoor,digital microphone / synthetic,5-50m,original,train,2026-09-27 12:06:14,3fc19a4dccc820d7f00db4f09b4f2f504fead51281108267daa72eb101e3f00e,high,False
SS-00574,alarm_siren_0273.wav,audio data/alarm_siren/alarm_siren_0273.wav,alarm_siren,Alarm or Siren,3.0,16000,1,PCM_16,96044,WAV,indoor/outdoor,digital microphone / synthetic,5-50m,original,train,2026-09-27 12:06:14,22c414d884ad4206608f72fb0ea6d50dd28c67b10136c834852abc5ea13ce4d7,high,False
SS-00575,alarm_siren_0274.wav,audio data/alarm_siren/alarm_siren_0274.wav,alarm_siren,Alarm or Siren,3.0,16000,1,PCM_16,96044,WAV,indoor/outdoor,digital microphone / synthetic,5-50m,original,train,2026-09-27 12:06:14,e5155fa143ed3305274ad09a6b7d01845b78cd4a3697f267baa533c2acc0271f,high,False
SS-00576,alarm_siren_0275.wav,audio data/alarm_siren/alarm_siren_0275.wav,alarm_siren,Alarm or Siren,3.0,16000,1,PCM_16,96044,WAV,indoor/outdoor,digital microphone / synthetic,5-50m,original,train,2026-09-27 12:06:14,057477a7a6baf2b2228af8b3f567b598672d63aa71671b808ff7c9b974652dbe,high,False
SS-00577,alarm_siren_0276.wav,audio data/alarm_siren/alarm_siren_0276.wav,alarm_siren,Alarm or Siren,3.0,16000,1,PCM_16,96044,WAV,indoor/outdoor,digital microphone / synthetic,5-50m,original,train,2026-09-27 12:06:14,9b6290112eae0b706f778a386e5f3d643c7b29e4887e9b435d6592bc76ec04e1,high,False
SS-00578,alarm_siren_0277.wav,audio data/alarm_siren/alarm_siren_0277.wav,alarm_siren,Alarm or Siren,3.0,16000,1,PCM_16,96044,WAV,indoor/outdoor,digital microphone / synthetic,5-50m,original,test,2026-09-27 12:06:14,0664e5cfdc0821238552d695239a0d08540c7de1a43724882f4d51fa9f99fceb,high,False
SS-00579,alarm_siren_0278.wav,audio data/alarm_siren/alarm_siren_0278.wav,alarm_siren,Alarm or Siren,3.0,16000,1,PCM_16,96044,WAV,indoor/outdoor,digital microphone / synthetic,5-50m,original,train,2026-09-27 12:06:14,860774bc5c8efcdefae7d95545209ea9bc9ba940d567921980ecd605c4be100a,high,False
SS-00580,alarm_siren_0279.wav,audio data/alarm_siren/alarm_siren_0279.wav,alarm_siren,Alarm or Siren,3.0,16000,1,PCM_16,96044,WAV,indoor/outdoor,digital microphone / synthetic,5-50m,original,validation,2026-09-27 12:06:14,10468e74152086f125505de192fed1f1dc1a8a18350d40b421356e53a58a4ca1,high,False
SS-00581,alarm_siren_0280.wav,audio data/alarm_siren/alarm_siren_0280.wav,alarm_siren,Alarm or Siren,3.0,16000,1,PCM_16,96044,WAV,indoor/outdoor,digital microphone / synthetic,5-50m,original,train,2026-09-27 12:06:14,03bc3f3e5ac22cf927b41d8634253bb07680bab0f1416b5c8133cd16790ed7ca,high,False
SS-00582,alarm_siren_0281.wav,audio data/alarm_siren/alarm_siren_0281.wav,alarm_siren,Alarm or Siren,3.0,16000,1,PCM_16,96044,WAV,indoor/outdoor,digital microphone / synthetic,5-50m,original,train,2026-09-27 12:06:14,06a9d96ab7dc0346e2c5908706e2c93b6879a21ad765c5d3083a4ef3b3ee9362,high,False
SS-00583,alarm_siren_0282.wav,audio data/alarm_siren/alarm_siren_0282.wav,alarm_siren,Alarm or Siren,3.0,16000,1,PCM_16,96044,WAV,indoor/outdoor,digital microphone / synthetic,5-50m,original,test,2026-09-27 12:06:14,90307b45f6d6a78e7bb45b8d6982a53f4c27f4f58521de1a5faea4ffc78ff84e,high,False
SS-00584,alarm_siren_0283.wav,audio data/alarm_siren/alarm_siren_0283.wav,alarm_siren,Alarm or Siren,3.0,16000,1,PCM_16,96044,WAV,indoor/outdoor,digital microphone / synthetic,5-50m,original,train,2026-09-27 12:06:14,fa2d27a6669ee449daee75dff6d747eb3cf3f79f41d99436a945b5d503188bc6,high,False
SS-00585,alarm_siren_0284.wav,audio data/alarm_siren/alarm_siren_0284.wav,alarm_siren,Alarm or Siren,3.0,16000,1,PCM_16,96044,WAV,indoor/outdoor,digital microphone / synthetic,5-50m,original,test,2026-09-27 12:06:14,cdfc31856e8a38ef18e260edc8776a81a8c9ae05ee3ea57393ddfc08b36324be,high,False
SS-00586,alarm_siren_0285.wav,audio data/alarm_siren/alarm_siren_0285.wav,alarm_siren,Alarm or Siren,3.0,16000,1,PCM_16,96044,WAV,indoor/outdoor,digital microphone / synthetic,5-50m,original,train,2026-09-27 12:06:14,d5f5313daba7bcc4c8bc836bfa1f97a33a212c8ce51066e361976cec0ef48aad,high,False
SS-00587,alarm_siren_0286.wav,audio data/alarm_siren/alarm_siren_0286.wav,alarm_siren,Alarm or Siren,3.0,16000,1,PCM_16,96044,WAV,indoor/outdoor,digital microphone / synthetic,5-50m,original,train,2026-09-27 12:06:14,75201f0fa5a5532672e53c8e72cad017f9fccf58c3dfe164b9b5a5a953c6d4a2,high,False
SS-00588,alarm_siren_0287.wav,audio data/alarm_siren/alarm_siren_0287.wav,alarm_siren,Alarm or Siren,3.0,16000,1,PCM_16,96044,WAV,indoor/outdoor,digital microphone / synthetic,5-50m,original,train,2026-09-27 12:06:14,20c9af7e2dbaafd4d013fba6dd500eee676da85fe5336e1a88ea4adff1ba3845,high,False
SS-00589,alarm_siren_0288.wav,audio data/alarm_siren/alarm_siren_0288.wav,alarm_siren,Alarm or Siren,3.0,16000,1,PCM_16,96044,WAV,indoor/outdoor,digital microphone / synthetic,5-50m,original,train,2026-09-27 12:06:14,0156984d460f1b7956c9be89029412a062f22e051a27db0cf34871e6611f64aa,high,False
SS-00590,alarm_siren_0289.wav,audio data/alarm_siren/alarm_siren_0289.wav,alarm_siren,Alarm or Siren,3.0,16000,1,PCM_16,96044,WAV,indoor/outdoor,digital microphone / synthetic,5-50m,original,train,2026-09-27 12:06:14,cc9eafd9881251f446d7d6a1a3159e407843a2b39e1b79430c3afc6a61ded294,high,False
SS-00591,alarm_siren_0290.wav,audio data/alarm_siren/alarm_siren_0290.wav,alarm_siren,Alarm or Siren,3.0,16000,1,PCM_16,96044,WAV,indoor/outdoor,digital microphone / synthetic,5-50m,original,test,2026-09-27 12:06:14,bfb64d7b8420a3f83da7788bc23e32457335bcba6d292c5d456f9dba59ec1c59,high,False
SS-00592,alarm_siren_0291.wav,audio data/alarm_siren/alarm_siren_0291.wav,alarm_siren,Alarm or Siren,3.0,16000,1,PCM_16,96044,WAV,indoor/outdoor,digital microphone / synthetic,5-50m,original,test,2026-09-27 12:06:14,781d424564681b2f7d920e383fbb342d3b7f89cd3fb28ad51e88e5ac744be898,high,False
SS-00593,alarm_siren_0292.wav,audio data/alarm_siren/alarm_siren_0292.wav,alarm_siren,Alarm or Siren,3.0,16000,1,PCM_16,96044,WAV,indoor/outdoor,digital microphone / synthetic,5-50m,original,train,2026-09-27 12:06:14,bc0639eda9b159ead906323ceded7fc9d899d2d2e6d2faa9a1dfe424dc8d7817,high,False
SS-00594,alarm_siren_0293.wav,audio data/alarm_siren/alarm_siren_0293.wav,alarm_siren,Alarm or Siren,3.0,16000,1,PCM_16,96044,WAV,indoor/outdoor,digital microphone / synthetic,5-50m,original,validation,2026-09-27 12:06:14,8eae7fead1c2ee9eb0d2ada654b371f6c8a05b1605c5f65aae2e0af9b305a72e,high,False
SS-00595,alarm_siren_0294.wav,audio data/alarm_siren/alarm_siren_0294.wav,alarm_siren,Alarm or Siren,3.0,16000,1,PCM_16,96044,WAV,indoor/outdoor,digital microphone / synthetic,5-50m,original,test,2026-09-27 12:06:14,a748a0edb2f63173a1be361e5b537627bbdadfceb990fc56d26ea2ab226d11f3,high,False
SS-00596,alarm_siren_0295.wav,audio data/alarm_siren/alarm_siren_0295.wav,alarm_siren,Alarm or Siren,3.0,16000,1,PCM_16,96044,WAV,indoor/outdoor,digital microphone / synthetic,5-50m,original,train,2026-09-27 12:06:14,e8a9c1d824f93f0e4ab0e995d4e20c11db45bd9d5a55c00a0f4572a0d85b4625,high,False
SS-00597,alarm_siren_0296.wav,audio data/alarm_siren/alarm_siren_0296.wav,alarm_siren,Alarm or Siren,3.0,16000,1,PCM_16,96044,WAV,indoor/outdoor,digital microphone / synthetic,5-50m,original,train,2026-09-27 12:06:14,8b9271bf134cb1c84b5f55d6801f4a1a9f137bd4c1b269c0d3e99fc265fa6b40,high,False
SS-00598,alarm_siren_0297.wav,audio data/alarm_siren/alarm_siren_0297.wav,alarm_siren,Alarm or Siren,3.0,16000,1,PCM_16,96044,WAV,indoor/outdoor,digital microphone / synthetic,5-50m,original,train,2026-09-27 12:06:14,db865200f4c2db29962ca020165b0418c339c15d975236e32f00a3810020a70d,high,False
SS-00599,alarm_siren_0298.wav,audio data/alarm_siren/alarm_siren_0298.wav,alarm_siren,Alarm or Siren,3.0,16000,1,PCM_16,96044,WAV,indoor/outdoor,digital microphone / synthetic,5-50m,original,train,2026-09-27 12:06:14,b97722f9b61e1e21e3f3d37b2513818ec5a728084dd178cdabfb83163c902bd0,high,False
SS-00600,alarm_siren_0299.wav,audio data/alarm_siren/alarm_siren_0299.wav,alarm_siren,Alarm or Siren,3.0,16000,1,PCM_16,96044,WAV,indoor/outdoor,digital microphone / synthetic,5-50m,original,train,2026-09-27 12:06:14,a14f6405f7e027043da968af3d601db66d52e8334ff4eaa56a2d813149af943e,high,False
SS-00601,alarm_siren_0300.wav,audio data/alarm_siren/alarm_siren_0300.wav,alarm_siren,Alarm or Siren,3.0,16000,1,PCM_16,96044,WAV,indoor/outdoor,digital microphone / synthetic,5-50m,original,validation,2026-09-27 12:06:14,23730cf5373f748051027d02b842f8d53f259d91859ee42a1eef0a352e540678,high,False
SS-00602,animal_sound_0001.wav,audio data/animal_sound/animal_sound_0001.wav,animal_sound,Animal Sound,3.0,16000,1,PCM_16,96044,WAV,outdoor,digital microphone / synthetic,2-20m,original,train,2026-09-27 12:06:14,09ee6ab83531b3cb3a27145b194324215c3c85ac99ced4a8dae7749df467f26b,low,False
SS-00603,animal_sound_0002.wav,audio data/animal_sound/animal_sound_0002.wav,animal_sound,Animal Sound,3.0,16000,1,PCM_16,96044,WAV,outdoor,digital microphone / synthetic,2-20m,original,validation,2026-09-27 12:06:14,0d678092ddac7775f26c3122b18be164a1b381334001e3a06af0ec99707a6c1e,low,False
SS-00604,animal_sound_0003.wav,audio data/animal_sound/animal_sound_0003.wav,animal_sound,Animal Sound,3.0,16000,1,PCM_16,96044,WAV,outdoor,digital microphone / synthetic,2-20m,original,train,2026-09-27 12:06:14,81f7ddab41cd0b6536a25e0555658ee5d3ae73319b047c6027636f6d16f27bf3,low,False
SS-00605,animal_sound_0004.wav,audio data/animal_sound/animal_sound_0004.wav,animal_sound,Animal Sound,3.0,16000,1,PCM_16,96044,WAV,outdoor,digital microphone / synthetic,2-20m,original,train,2026-09-27 12:06:14,4d510366b49f6e73010dff68bda4ea32c6576ee7fc75d0ecfa3b9c00a04b31a0,low,False
SS-00606,animal_sound_0005.wav,audio data/animal_sound/animal_sound_0005.wav,animal_sound,Animal Sound,3.0,16000,1,PCM_16,96044,WAV,outdoor,digital microphone / synthetic,2-20m,original,train,2026-09-27 12:06:14,65966447be86b2b33b4b81b00edea385ef455901eb23de6237ff7b4c44f20cbd,low,False
SS-00607,animal_sound_0006.wav,audio data/animal_sound/animal_sound_0006.wav,animal_sound,Animal Sound,3.0,16000,1,PCM_16,96044,WAV,outdoor,digital microphone / synthetic,2-20m,original,train,2026-09-27 12:06:14,a4c2d778b2acbf708ac161967913fa425811fc119c38f53e35def2ee3f477a06,low,False
SS-00608,animal_sound_0007.wav,audio data/animal_sound/animal_sound_0007.wav,animal_sound,Animal Sound,3.0,16000,1,PCM_16,96044,WAV,outdoor,digital microphone / synthetic,2-20m,original,validation,2026-09-27 12:06:14,a90babc36d08531eaf4b0213a3a96c8b02a49fd90d1674f3e979a25ac6624bcb,low,False
SS-00609,animal_sound_0008.wav,audio data/animal_sound/animal_sound_0008.wav,animal_sound,Animal Sound,3.0,16000,1,PCM_16,96044,WAV,outdoor,digital microphone / synthetic,2-20m,original,validation,2026-09-27 12:06:14,109f5c49479a16a512ff4ff1ada89b167fd2ddb804bc48e8de6241c1e30708d9,low,False
SS-00610,animal_sound_0009.wav,audio data/animal_sound/animal_sound_0009.wav,animal_sound,Animal Sound,3.0,16000,1,PCM_16,96044,WAV,outdoor,digital microphone / synthetic,2-20m,original,train,2026-09-27 12:06:14,4ab604ce6e4ca74a173d6931f2d825c9413fb0c067270f7a5069899f08e13d4a,low,False
SS-00611,animal_sound_0010.wav,audio data/animal_sound/animal_sound_0010.wav,animal_sound,Animal Sound,3.0,16000,1,PCM_16,96044,WAV,outdoor,digital microphone / synthetic,2-20m,original,train,2026-09-27 12:06:14,b9c87978a0477099e7530c67c4237116b2734bcac6b6dbc56313e692dd3ad237,low,False
SS-00612,animal_sound_0011.wav,audio data/animal_sound/animal_sound_0011.wav,animal_sound,Animal Sound,3.0,16000,1,PCM_16,96044,WAV,outdoor,digital microphone / synthetic,2-20m,original,test,2026-09-27 12:06:14,262dbf00148ecf4b24d2858e9337b56453d7e31561751871a8f93e121f0d125b,low,False
SS-00613,animal_sound_0012.wav,audio data/animal_sound/animal_sound_0012.wav,animal_sound,Animal Sound,3.0,16000,1,PCM_16,96044,WAV,outdoor,digital microphone / synthetic,2-20m,original,train,2026-09-27 12:06:14,917be98f230c04525e210ee023ca30bab3d04d347b4b4c2cc55753294aae2983,low,False
SS-00614,animal_sound_0013.wav,audio data/animal_sound/animal_sound_0013.wav,animal_sound,Animal Sound,3.0,16000,1,PCM_16,96044,WAV,outdoor,digital microphone / synthetic,2-20m,original,train,2026-09-27 12:06:14,459b27b069ec800448899382a0cd468f6878ce839ad53811b9de7d2f87071656,low,False
SS-00615,animal_sound_0014.wav,audio data/animal_sound/animal_sound_0014.wav,animal_sound,Animal Sound,3.0,16000,1,PCM_16,96044,WAV,outdoor,digital microphone / synthetic,2-20m,original,train,2026-09-27 12:06:14,390d19c9a928528ca9ee9328599e221e4920f05d72c5b848b8ea3e7e73bc0f32,low,False
SS-00616,animal_sound_0015.wav,audio data/animal_sound/animal_sound_0015.wav,animal_sound,Animal Sound,3.0,16000,1,PCM_16,96044,WAV,outdoor,digital microphone / synthetic,2-20m,original,train,2026-09-27 12:06:14,4d67911f0f1f4840828d472dfaaed56695c7c988e33298ea11e7d72374b86187,low,False
SS-00617,animal_sound_0016.wav,audio data/animal_sound/animal_sound_0016.wav,animal_sound,Animal Sound,3.0,16000,1,PCM_16,96044,WAV,outdoor,digital microphone / synthetic,2-20m,original,train,2026-09-27 12:06:14,37acdde2fd77e5daa0f08fc304abd964a912a6818487ba36c263b96005c6a4e0,low,False
SS-00618,animal_sound_0017.wav,audio data/animal_sound/animal_sound_0017.wav,animal_sound,Animal Sound,3.0,16000,1,PCM_16,96044,WAV,outdoor,digital microphone / synthetic,2-20m,original,train,2026-09-27 12:06:14,156e30a12efbaf36652458856175d195cf31ee6a1156d2431c98dadf30347951,low,False
SS-00619,animal_sound_0018.wav,audio data/animal_sound/animal_sound_0018.wav,animal_sound,Animal Sound,3.0,16000,1,PCM_16,96044,WAV,outdoor,digital microphone / synthetic,2-20m,original,train,2026-09-27 12:06:14,da3e0b0e1db7a757f08da2beb1199149c4a186c830fef9a2c36234af25b5396a,low,False
SS-00620,animal_sound_0019.wav,audio data/animal_sound/animal_sound_0019.wav,animal_sound,Animal Sound,3.0,16000,1,PCM_16,96044,WAV,outdoor,digital microphone / synthetic,2-20m,original,train,2026-09-27 12:06:14,d3e17f5aa75e69cf53b9b9b6b8c825f7acc428b739e364541a2d3cc6c4f17644,low,False
SS-00621,animal_sound_0020.wav,audio data/animal_sound/animal_sound_0020.wav,animal_sound,Animal Sound,3.0,16000,1,PCM_16,96044,WAV,outdoor,digital microphone / synthetic,2-20m,original,train,2026-09-27 12:06:14,f53138bb40faa448322d5d970479a4300bde11a61799504075b1d39408e1d4b1,low,False
SS-00622,animal_sound_0021.wav,audio data/animal_sound/animal_sound_0021.wav,animal_sound,Animal Sound,3.0,16000,1,PCM_16,96044,WAV,outdoor,digital microphone / synthetic,2-20m,original,train,2026-09-27 12:06:14,6b42fc6eede702c5501467ef9b3d04f0eb0a4204f0f30cdcad4ed0032cfddd91,low,False
SS-00623,animal_sound_0022.wav,audio data/animal_sound/animal_sound_0022.wav,animal_sound,Animal Sound,3.0,16000,1,PCM_16,96044,WAV,outdoor,digital microphone / synthetic,2-20m,original,train,2026-09-27 12:06:14,d023dfe4e84f99ec702089d7edc2dc298e6f6be100553d8a3125c144fed59bb3,low,False
SS-00624,animal_sound_0023.wav,audio data/animal_sound/animal_sound_0023.wav,animal_sound,Animal Sound,3.0,16000,1,PCM_16,96044,WAV,outdoor,digital microphone / synthetic,2-20m,original,train,2026-09-27 12:06:14,c609f1e3835ed9e285075d824e85f1aa921e4406a4897c523e96d55ed562cd4e,low,False
SS-00625,animal_sound_0024.wav,audio data/animal_sound/animal_sound_0024.wav,animal_sound,Animal Sound,3.0,16000,1,PCM_16,96044,WAV,outdoor,digital microphone / synthetic,2-20m,original,train,2026-09-27 12:06:14,d2c7384bf62b4998c97fbe5b546291fbc29356574b11654fe16f062169ca5147,low,False
SS-00626,animal_sound_0025.wav,audio data/animal_sound/animal_sound_0025.wav,animal_sound,Animal Sound,3.0,16000,1,PCM_16,96044,WAV,outdoor,digital microphone / synthetic,2-20m,original,train,2026-09-27 12:06:14,6ab917aa5a07436b86c719fd629131c7e4eaeac2b9687dea992d66228d678f8b,low,False
SS-00627,animal_sound_0026.wav,audio data/animal_sound/animal_sound_0026.wav,animal_sound,Animal Sound,3.0,16000,1,PCM_16,96044,WAV,outdoor,digital microphone / synthetic,2-20m,original,train,2026-09-27 12:06:14,0146bae14fd6220f9108362dbfd7c46254c4f07467ae2055b2d1d62a973f9995,low,False
SS-00628,animal_sound_0027.wav,audio data/animal_sound/animal_sound_0027.wav,animal_sound,Animal Sound,3.0,16000,1,PCM_16,96044,WAV,outdoor,digital microphone / synthetic,2-20m,original,train,2026-09-27 12:06:14,9cd8a488460b348a7d2265fc3e7d725de0f884211b82366ed186c30e41b959c8,low,False
SS-00629,animal_sound_0028.wav,audio data/animal_sound/animal_sound_0028.wav,animal_sound,Animal Sound,3.0,16000,1,PCM_16,96044,WAV,outdoor,digital microphone / synthetic,2-20m,original,train,2026-09-27 12:06:14,7ccf5792c7a4dfdb3615ee37f449819366f2a38f09f649f19ec54941abfdf850,low,False
SS-00630,animal_sound_0029.wav,audio data/animal_sound/animal_sound_0029.wav,animal_sound,Animal Sound,3.0,16000,1,PCM_16,96044,WAV,outdoor,digital microphone / synthetic,2-20m,original,train,2026-09-27 12:06:14,6897ce8e5fe0b6d46308216acfa6abe06c8dcce0645e024fe82b243e537de46d,low,False
SS-00631,animal_sound_0030.wav,audio data/animal_sound/animal_sound_0030.wav,animal_sound,Animal Sound,3.0,16000,1,PCM_16,96044,WAV,outdoor,digital microphone / synthetic,2-20m,original,train,2026-09-27 12:06:14,387aac1bf18a86cfca283c8c6321136ee1ec7812214ea49debbf31f59a1bfa5e,low,False
SS-00632,animal_sound_0031.wav,audio data/animal_sound/animal_sound_0031.wav,animal_sound,Animal Sound,3.0,16000,1,PCM_16,96044,WAV,outdoor,digital microphone / synthetic,2-20m,original,train,2026-09-27 12:06:14,144d5c2c75896ef7a4c385730982c8fe960ecee3a0d9bba6683ff1018f861663,low,False
SS-00633,animal_sound_0032.wav,audio data/animal_sound/animal_sound_0032.wav,animal_sound,Animal Sound,3.0,16000,1,PCM_16,96044,WAV,outdoor,digital microphone / synthetic,2-20m,original,test,2026-09-27 12:06:14,fc2c34724144b73cf1a4c0cd0fcbde64b4a99fb235aeef02ee724af720fc5a44,low,False
SS-00634,animal_sound_0033.wav,audio data/animal_sound/animal_sound_0033.wav,animal_sound,Animal Sound,3.0,16000,1,PCM_16,96044,WAV,outdoor,digital microphone / synthetic,2-20m,original,test,2026-09-27 12:06:14,cd09739de17584288d9c7a56a37572094e52efd8807c6a352bb623918f39bc8e,low,False
SS-00635,animal_sound_0034.wav,audio data/animal_sound/animal_sound_0034.wav,animal_sound,Animal Sound,3.0,16000,1,PCM_16,96044,WAV,outdoor,digital microphone / synthetic,2-20m,original,train,2026-09-27 12:06:14,433a929c0f75011755537b4574188104fd200861746c67b55909c234cc2c641b,low,False
SS-00636,animal_sound_0035.wav,audio data/animal_sound/animal_sound_0035.wav,animal_sound,Animal Sound,3.0,16000,1,PCM_16,96044,WAV,outdoor,digital microphone / synthetic,2-20m,original,train,2026-09-27 12:06:14,16c5710e05f8baf197faeb6bdca705f242b431a16892f75e397eed5c121a9b9a,low,False
SS-00637,animal_sound_0036.wav,audio data/animal_sound/animal_sound_0036.wav,animal_sound,Animal Sound,3.0,16000,1,PCM_16,96044,WAV,outdoor,digital microphone / synthetic,2-20m,original,train,2026-09-27 12:06:14,562db7b3f3d68001a31caabc1eae778b0a8cf911cce5c32cd2b45d5498a75ae2,low,False
SS-00638,animal_sound_0037.wav,audio data/animal_sound/animal_sound_0037.wav,animal_sound,Animal Sound,3.0,16000,1,PCM_16,96044,WAV,outdoor,digital microphone / synthetic,2-20m,original,train,2026-09-27 12:06:14,0ea8c11491d72262fd9a82d5102d0ff3761c0828ce3136c8637785be03c54f7f,low,False
SS-00639,animal_sound_0038.wav,audio data/animal_sound/animal_sound_0038.wav,animal_sound,Animal Sound,3.0,16000,1,PCM_16,96044,WAV,outdoor,digital microphone / synthetic,2-20m,original,train,2026-09-27 12:06:14,8c1e73eb0b06eea6555d6d2ec6b6965333bf84ef627d4645f0aeb11911f345c0,low,False
SS-00640,animal_sound_0039.wav,audio data/animal_sound/animal_sound_0039.wav,animal_sound,Animal Sound,3.0,16000,1,PCM_16,96044,WAV,outdoor,digital microphone / synthetic,2-20m,original,train,2026-09-27 12:06:14,37f3c4fabb4d5259a83f3d935dec0e53c249f7c06fbb2464c0f3dfc772ef1e17,low,False
SS-00641,animal_sound_0040.wav,audio data/animal_sound/animal_sound_0040.wav,animal_sound,Animal Sound,3.0,16000,1,PCM_16,96044,WAV,outdoor,digital microphone / synthetic,2-20m,original,test,2026-09-27 12:06:14,b6f8b4c5dee97a9057121281ce7ad2ac5d3ab7d2d6fc0a2a3f762c45066afc61,low,False
SS-00642,animal_sound_0041.wav,audio data/animal_sound/animal_sound_0041.wav,animal_sound,Animal Sound,3.0,16000,1,PCM_16,96044,WAV,outdoor,digital microphone / synthetic,2-20m,original,train,2026-09-27 12:06:14,fde3bcd80c2ecc807980862cc62bf0ec7961437064c23ce52039d44401653658,low,False
SS-00643,animal_sound_0042.wav,audio data/animal_sound/animal_sound_0042.wav,animal_sound,Animal Sound,3.0,16000,1,PCM_16,96044,WAV,outdoor,digital microphone / synthetic,2-20m,original,test,2026-09-27 12:06:14,5f15794a19a0ddb768b58a6ce311dfb299886e8fd5fce621849462eba0d6bcac,low,False
SS-00644,animal_sound_0043.wav,audio data/animal_sound/animal_sound_0043.wav,animal_sound,Animal Sound,3.0,16000,1,PCM_16,96044,WAV,outdoor,digital microphone / synthetic,2-20m,original,validation,2026-09-27 12:06:14,19914c4090aa1a25d3302485d3d43a96873e4b53d2cac23b0c576816167448d2,low,False
SS-00645,animal_sound_0044.wav,audio data/animal_sound/animal_sound_0044.wav,animal_sound,Animal Sound,3.0,16000,1,PCM_16,96044,WAV,outdoor,digital microphone / synthetic,2-20m,original,train,2026-09-27 12:06:14,e12bb8a2d0f47bf19b4a7ebc9fcfbce6be2751358b5fc70892df10f74346324c,low,False
SS-00646,animal_sound_0045.wav,audio data/animal_sound/animal_sound_0045.wav,animal_sound,Animal Sound,3.0,16000,1,PCM_16,96044,WAV,outdoor,digital microphone / synthetic,2-20m,original,train,2026-09-27 12:06:14,7c26c908fb098d9f54fdb81d0dac184ff65cef0737049b6071f18c8841639ecc,low,False
SS-00647,animal_sound_0046.wav,audio data/animal_sound/animal_sound_0046.wav,animal_sound,Animal Sound,3.0,16000,1,PCM_16,96044,WAV,outdoor,digital microphone / synthetic,2-20m,original,train,2026-09-27 12:06:14,dd06c2f5a5b6e2b94c3d5e0caccce12fa606be0461400fdb8b416553a1c45f06,low,False
SS-00648,animal_sound_0047.wav,audio data/animal_sound/animal_sound_0047.wav,animal_sound,Animal Sound,3.0,16000,1,PCM_16,96044,WAV,outdoor,digital microphone / synthetic,2-20m,original,train,2026-09-27 12:06:14,fbbc6a1d230e012677734c51f698f12ec2349611febe57f418b3e691689a6860,low,False
SS-00649,animal_sound_0048.wav,audio data/animal_sound/animal_sound_0048.wav,animal_sound,Animal Sound,3.0,16000,1,PCM_16,96044,WAV,outdoor,digital microphone / synthetic,2-20m,original,train,2026-09-27 12:06:14,d8478cefa7d06ada2d7f5e96bf15acd4fb62b117940cc2dfd6d45cbb75ccef7f,low,False
SS-00650,animal_sound_0049.wav,audio data/animal_sound/animal_sound_0049.wav,animal_sound,Animal Sound,3.0,16000,1,PCM_16,96044,WAV,outdoor,digital microphone / synthetic,2-20m,original,train,2026-09-27 12:06:14,fd7a2c3d58ba415569736a8237d861883c465ff2a3f1c4d564d689f6eaa66962,low,False
SS-00651,animal_sound_0050.wav,audio data/animal_sound/animal_sound_0050.wav,animal_sound,Animal Sound,3.0,16000,1,PCM_16,96044,WAV,outdoor,digital microphone / synthetic,2-20m,original,train,2026-09-27 12:06:14,6a7a8334ddda74f36822de2c09565a2f6863711c922048d90d058ae0099fdc7c,low,False
SS-00652,animal_sound_0051.wav,audio data/animal_sound/animal_sound_0051.wav,animal_sound,Animal Sound,3.0,16000,1,PCM_16,96044,WAV,outdoor,digital microphone / synthetic,2-20m,original,train,2026-09-27 12:06:14,8ceb653a941ed974a90d7c1ff2930110f35701800309fb129b84172875c3b2d8,low,False
SS-00653,animal_sound_0052.wav,audio data/animal_sound/animal_sound_0052.wav,animal_sound,Animal Sound,3.0,16000,1,PCM_16,96044,WAV,outdoor,digital microphone / synthetic,2-20m,original,train,2026-09-27 12:06:14,f7f939858e1f9e80aa1c327026352df8ca48212d153e518748e6e696778e659a,low,False
SS-00654,animal_sound_0053.wav,audio data/animal_sound/animal_sound_0053.wav,animal_sound,Animal Sound,3.0,16000,1,PCM_16,96044,WAV,outdoor,digital microphone / synthetic,2-20m,original,train,2026-09-27 12:06:14,ba53bbe0309531911046630ec7bcd3f263fb99fcbd5ba5e5a7db611180cf4bc8,low,False
SS-00655,animal_sound_0054.wav,audio data/animal_sound/animal_sound_0054.wav,animal_sound,Animal Sound,3.0,16000,1,PCM_16,96044,WAV,outdoor,digital microphone / synthetic,2-20m,original,train,2026-09-27 12:06:14,af42fc353ea12709b2421813253419abb6ce2d6893d199afd945f2124b5f1cae,low,False
SS-00656,animal_sound_0055.wav,audio data/animal_sound/animal_sound_0055.wav,animal_sound,Animal Sound,3.0,16000,1,PCM_16,96044,WAV,outdoor,digital microphone / synthetic,2-20m,original,train,2026-09-27 12:06:14,20fa521642e44f369cf1ae2c15d2379356d0f93643c4f5fa17be2bf7b10c2ad4,low,False
SS-00657,animal_sound_0056.wav,audio data/animal_sound/animal_sound_0056.wav,animal_sound,Animal Sound,3.0,16000,1,PCM_16,96044,WAV,outdoor,digital microphone / synthetic,2-20m,original,train,2026-09-27 12:06:14,6148461a402226148d2c4febf2998e4cf8c90e8600eb6e8519f99da27ddfc95b,low,False
SS-00658,animal_sound_0057.wav,audio data/animal_sound/animal_sound_0057.wav,animal_sound,Animal Sound,3.0,16000,1,PCM_16,96044,WAV,outdoor,digital microphone / synthetic,2-20m,original,validation,2026-09-27 12:06:14,6b34678cb2762b2058abbde48fc0cf2cef72d7ff30bc9c95ef6bd68b776cde8f,low,False
SS-00659,animal_sound_0058.wav,audio data/animal_sound/animal_sound_0058.wav,animal_sound,Animal Sound,3.0,16000,1,PCM_16,96044,WAV,outdoor,digital microphone / synthetic,2-20m,original,train,2026-09-27 12:06:14,fa2bba353abb0c5d84b28ace945dae9534cd13aee5ac6049d50754b71b432c69,low,False
SS-00660,animal_sound_0059.wav,audio data/animal_sound/animal_sound_0059.wav,animal_sound,Animal Sound,3.0,16000,1,PCM_16,96044,WAV,outdoor,digital microphone / synthetic,2-20m,original,train,2026-09-27 12:06:14,ced542b779de8cf06bad0f0cd078ee502b07d79002222f353cc5509934245409,low,False
SS-00661,animal_sound_0060.wav,audio data/animal_sound/animal_sound_0060.wav,animal_sound,Animal Sound,3.0,16000,1,PCM_16,96044,WAV,outdoor,digital microphone / synthetic,2-20m,original,train,2026-09-27 12:06:14,5a6a0b5b8a33ba6d438283aca25842e446772d305a4498dfba27237912b867c4,low,False
SS-00662,animal_sound_0061.wav,audio data/animal_sound/animal_sound_0061.wav,animal_sound,Animal Sound,3.0,16000,1,PCM_16,96044,WAV,outdoor,digital microphone / synthetic,2-20m,original,train,2026-09-27 12:06:14,9ea3e28319cc78ff5987c41ee85a0cc8ff4a9c23880ad4a7b8a4207d4aa5e18c,low,False
SS-00663,animal_sound_0062.wav,audio data/animal_sound/animal_sound_0062.wav,animal_sound,Animal Sound,3.0,16000,1,PCM_16,96044,WAV,outdoor,digital microphone / synthetic,2-20m,original,train,2026-09-27 12:06:14,95362149ac71d8d1b88f0195df269bbe1506eb639785a148ac9444bdd480186a,low,False
SS-00664,animal_sound_0063.wav,audio data/animal_sound/animal_sound_0063.wav,animal_sound,Animal Sound,3.0,16000,1,PCM_16,96044,WAV,outdoor,digital microphone / synthetic,2-20m,original,train,2026-09-27 12:06:14,7319066a0490382dd5ae5623dac36b2f3053fd9ae3224fb706f467434aad4482,low,False
SS-00665,animal_sound_0064.wav,audio data/animal_sound/animal_sound_0064.wav,animal_sound,Animal Sound,3.0,16000,1,PCM_16,96044,WAV,outdoor,digital microphone / synthetic,2-20m,original,train,2026-09-27 12:06:14,a60dfcfad344cf9ba27e27900774b7e0fcf2abf610a8ce9f9c7faabfd68ddb71,low,False
SS-00666,animal_sound_0065.wav,audio data/animal_sound/animal_sound_0065.wav,animal_sound,Animal Sound,3.0,16000,1,PCM_16,96044,WAV,outdoor,digital microphone / synthetic,2-20m,original,train,2026-09-27 12:06:14,a74b18c261eb88198565ce27c5919afe90f483352ab447464cd5164799073328,low,False
SS-00667,animal_sound_0066.wav,audio data/animal_sound/animal_sound_0066.wav,animal_sound,Animal Sound,3.0,16000,1,PCM_16,96044,WAV,outdoor,digital microphone / synthetic,2-20m,original,train,2026-09-27 12:06:14,5fc615c87eadf9aecf6d0c96dc74f65895c2bd308a89a63121c0d79e6ae0c43b,low,False
SS-00668,animal_sound_0067.wav,audio data/animal_sound/animal_sound_0067.wav,animal_sound,Animal Sound,3.0,16000,1,PCM_16,96044,WAV,outdoor,digital microphone / synthetic,2-20m,original,train,2026-09-27 12:06:14,336140d40da4f71367ac8b7803d50200971f6fc520206ac129547e9cd083419f,low,False
SS-00669,animal_sound_0068.wav,audio data/animal_sound/animal_sound_0068.wav,animal_sound,Animal Sound,3.0,16000,1,PCM_16,96044,WAV,outdoor,digital microphone / synthetic,2-20m,original,train,2026-09-27 12:06:14,d8ed7dac3fbc6fb3e7e1110121e4ee171f4b93b66b700666ead2cea3d9f3a44f,low,False
SS-00670,animal_sound_0069.wav,audio data/animal_sound/animal_sound_0069.wav,animal_sound,Animal Sound,3.0,16000,1,PCM_16,96044,WAV,outdoor,digital microphone / synthetic,2-20m,original,train,2026-09-27 12:06:14,1b5b95bf3f6865273f494b4d65c259c219bd6c7755a55f6a41c5e476d65edd81,low,False
SS-00671,animal_sound_0070.wav,audio data/animal_sound/animal_sound_0070.wav,animal_sound,Animal Sound,3.0,16000,1,PCM_16,96044,WAV,outdoor,digital microphone / synthetic,2-20m,original,validation,2026-09-27 12:06:14,7055227d448ead274d2efb1756a8948ae609bfd45b231529eb3b7aa6ed3000ce,low,False
SS-00672,animal_sound_0071.wav,audio data/animal_sound/animal_sound_0071.wav,animal_sound,Animal Sound,3.0,16000,1,PCM_16,96044,WAV,outdoor,digital microphone / synthetic,2-20m,original,test,2026-09-27 12:06:14,01a8ac2eccd3441b9825d147f844750481da1a636325b1916eb058e05046b8c9,low,False
SS-00673,animal_sound_0072.wav,audio data/animal_sound/animal_sound_0072.wav,animal_sound,Animal Sound,3.0,16000,1,PCM_16,96044,WAV,outdoor,digital microphone / synthetic,2-20m,original,train,2026-09-27 12:06:14,b2138aeb39c0980643603ad6f7b287887d6e790025037722c20709f863c97a54,low,False
SS-00674,animal_sound_0073.wav,audio data/animal_sound/animal_sound_0073.wav,animal_sound,Animal Sound,3.0,16000,1,PCM_16,96044,WAV,outdoor,digital microphone / synthetic,2-20m,original,train,2026-09-27 12:06:14,6a3cf06e92a13c2a2db8f360e151c012f81f56eb3849f17891add760dea6b608,low,False
SS-00675,animal_sound_0074.wav,audio data/animal_sound/animal_sound_0074.wav,animal_sound,Animal Sound,3.0,16000,1,PCM_16,96044,WAV,outdoor,digital microphone / synthetic,2-20m,original,train,2026-09-27 12:06:14,31229d083832a1c3497fb8fc4042d9698c5285fbf1ca852e4eba853e68db7994,low,False
SS-00676,animal_sound_0075.wav,audio data/animal_sound/animal_sound_0075.wav,animal_sound,Animal Sound,3.0,16000,1,PCM_16,96044,WAV,outdoor,digital microphone / synthetic,2-20m,original,train,2026-09-27 12:06:14,07bc983b5fdb53a0232b880a29cc9ac9ac216968e49561a3263cf519c32360ee,low,False
SS-00677,animal_sound_0076.wav,audio data/animal_sound/animal_sound_0076.wav,animal_sound,Animal Sound,3.0,16000,1,PCM_16,96044,WAV,outdoor,digital microphone / synthetic,2-20m,original,train,2026-09-27 12:06:14,d64845dd1231dc52d7f2b5ed57da3b32b61355d0e130488638ad62c75d6d74ea,low,False
SS-00678,animal_sound_0077.wav,audio data/animal_sound/animal_sound_0077.wav,animal_sound,Animal Sound,3.0,16000,1,PCM_16,96044,WAV,outdoor,digital microphone / synthetic,2-20m,original,validation,2026-09-27 12:06:14,1ce85beda7aa60636073a034b729a98d78bdfba504c8e0cb2fab0741cf29d484,low,False
SS-00679,animal_sound_0078.wav,audio data/animal_sound/animal_sound_0078.wav,animal_sound,Animal Sound,3.0,16000,1,PCM_16,96044,WAV,outdoor,digital microphone / synthetic,2-20m,original,test,2026-09-27 12:06:14,46b5717f89058522dd86e7c7e639b032e29eaa17613e5a467d410f25738bdb28,low,False
SS-00680,animal_sound_0079.wav,audio data/animal_sound/animal_sound_0079.wav,animal_sound,Animal Sound,3.0,16000,1,PCM_16,96044,WAV,outdoor,digital microphone / synthetic,2-20m,original,test,2026-09-27 12:06:14,2ce34671384b1c4afb5bf2505df38e8d70256396d6119d12465b1dbd80947a94,low,False
SS-00681,animal_sound_0080.wav,audio data/animal_sound/animal_sound_0080.wav,animal_sound,Animal Sound,3.0,16000,1,PCM_16,96044,WAV,outdoor,digital microphone / synthetic,2-20m,original,train,2026-09-27 12:06:14,0734a8909cb2b1fb888cf29aa7a8caa63a3ba18c7569d5777fc8e81019a1155e,low,False
SS-00682,animal_sound_0081.wav,audio data/animal_sound/animal_sound_0081.wav,animal_sound,Animal Sound,3.0,16000,1,PCM_16,96044,WAV,outdoor,digital microphone / synthetic,2-20m,original,train,2026-09-27 12:06:14,19347ef3d1c02e7d835ec0c7d82f23158aa3f0c4fa00ac956f3154641d23928d,low,False
SS-00683,animal_sound_0082.wav,audio data/animal_sound/animal_sound_0082.wav,animal_sound,Animal Sound,3.0,16000,1,PCM_16,96044,WAV,outdoor,digital microphone / synthetic,2-20m,original,test,2026-09-27 12:06:14,9c0124c4596ba3e0f9e804081fad2d2087239ed9bce5839ad94cf9239d79c47f,low,False
SS-00684,animal_sound_0083.wav,audio data/animal_sound/animal_sound_0083.wav,animal_sound,Animal Sound,3.0,16000,1,PCM_16,96044,WAV,outdoor,digital microphone / synthetic,2-20m,original,train,2026-09-27 12:06:14,96bcfb8e262ecbafe66d7621ed227479ef5a3c70971205d4b0cffeb2bab09692,low,False
SS-00685,animal_sound_0084.wav,audio data/animal_sound/animal_sound_0084.wav,animal_sound,Animal Sound,3.0,16000,1,PCM_16,96044,WAV,outdoor,digital microphone / synthetic,2-20m,original,train,2026-09-27 12:06:14,985f42a118094a2a8436028b67f4bb0317c15e1bd2f409430455338998449c40,low,False
SS-00686,animal_sound_0085.wav,audio data/animal_sound/animal_sound_0085.wav,animal_sound,Animal Sound,3.0,16000,1,PCM_16,96044,WAV,outdoor,digital microphone / synthetic,2-20m,original,train,2026-09-27 12:06:14,4b541327c9a4655d7df81b0e3f37337cc07efeb196e4080f098c04b49f59e5dc,low,False
SS-00687,animal_sound_0086.wav,audio data/animal_sound/animal_sound_0086.wav,animal_sound,Animal Sound,3.0,16000,1,PCM_16,96044,WAV,outdoor,digital microphone / synthetic,2-20m,original,train,2026-09-27 12:06:14,d85bafb5606c0d95128130d9233d6ab196b86e76892e55279b678637127925d4,low,False
SS-00688,animal_sound_0087.wav,audio data/animal_sound/animal_sound_0087.wav,animal_sound,Animal Sound,3.0,16000,1,PCM_16,96044,WAV,outdoor,digital microphone / synthetic,2-20m,original,validation,2026-09-27 12:06:14,525b1048c7c64e8d0c5dd8b58610bbd119e343a6175342b41180b04b15c2cfdf,low,False
SS-00689,animal_sound_0088.wav,audio data/animal_sound/animal_sound_0088.wav,animal_sound,Animal Sound,3.0,16000,1,PCM_16,96044,WAV,outdoor,digital microphone / synthetic,2-20m,original,train,2026-09-27 12:06:14,42b3f97e01378cf7ee7ea97cc593242d8905cb5e08cb06ae9969b0e780f89270,low,False
SS-00690,animal_sound_0089.wav,audio data/animal_sound/animal_sound_0089.wav,animal_sound,Animal Sound,3.0,16000,1,PCM_16,96044,WAV,outdoor,digital microphone / synthetic,2-20m,original,train,2026-09-27 12:06:14,362388258c999662569088369d0a20cff630fc65d3806dde736afba0055c2d88,low,False
SS-00691,animal_sound_0090.wav,audio data/animal_sound/animal_sound_0090.wav,animal_sound,Animal Sound,3.0,16000,1,PCM_16,96044,WAV,outdoor,digital microphone / synthetic,2-20m,original,train,2026-09-27 12:06:14,2bb454dc574b646c25123f7de62cff9464ffb4b05f5dcf9e8275e295620b9846,low,False
SS-00692,animal_sound_0091.wav,audio data/animal_sound/animal_sound_0091.wav,animal_sound,Animal Sound,3.0,16000,1,PCM_16,96044,WAV,outdoor,digital microphone / synthetic,2-20m,original,validation,2026-09-27 12:06:14,a7abe2e4fbe9013f1843bd3f0970290768419efb50e5bc4981462f953678d95d,low,False
SS-00693,animal_sound_0092.wav,audio data/animal_sound/animal_sound_0092.wav,animal_sound,Animal Sound,3.0,16000,1,PCM_16,96044,WAV,outdoor,digital microphone / synthetic,2-20m,original,train,2026-09-27 12:06:14,39944ea7db4078db67953730b0eeef2de70bfa8a5000fb2c377095a63ef16f48,low,False
SS-00694,animal_sound_0093.wav,audio data/animal_sound/animal_sound_0093.wav,animal_sound,Animal Sound,3.0,16000,1,PCM_16,96044,WAV,outdoor,digital microphone / synthetic,2-20m,original,train,2026-09-27 12:06:14,13732a3efa8daa5be99a19bc6fa3bbecdf7bb8103c1426583a926359e76e6459,low,False
SS-00695,animal_sound_0094.wav,audio data/animal_sound/animal_sound_0094.wav,animal_sound,Animal Sound,3.0,16000,1,PCM_16,96044,WAV,outdoor,digital microphone / synthetic,2-20m,original,train,2026-09-27 12:06:14,1183af804171853fb77cf903eba30cb86e847a19e1ab304aa08c2b0987b5a46e,low,False
SS-00696,animal_sound_0095.wav,audio data/animal_sound/animal_sound_0095.wav,animal_sound,Animal Sound,3.0,16000,1,PCM_16,96044,WAV,outdoor,digital microphone / synthetic,2-20m,original,train,2026-09-27 12:06:14,e0da099dd907fc5df6090177488fb1a767c45597fe555626e20d3711cd3ea3bd,low,False
SS-00697,animal_sound_0096.wav,audio data/animal_sound/animal_sound_0096.wav,animal_sound,Animal Sound,3.0,16000,1,PCM_16,96044,WAV,outdoor,digital microphone / synthetic,2-20m,original,train,2026-09-27 12:06:14,4a467ddd5ff4af55a0bcd4b9e2649686f9fcc806cf240964fa1f06f18d5780e5,low,False
SS-00698,animal_sound_0097.wav,audio data/animal_sound/animal_sound_0097.wav,animal_sound,Animal Sound,3.0,16000,1,PCM_16,96044,WAV,outdoor,digital microphone / synthetic,2-20m,original,train,2026-09-27 12:06:14,d1ff09c113442bb6987cb4a9e5e2928cfa3a9ea1202987b9d62be29b86fa6cad,low,False
SS-00699,animal_sound_0098.wav,audio data/animal_sound/animal_sound_0098.wav,animal_sound,Animal Sound,3.0,16000,1,PCM_16,96044,WAV,outdoor,digital microphone / synthetic,2-20m,original,train,2026-09-27 12:06:14,ec7550232e1a67363a01b2086dda53371b70a4bdb52074d3a0a2052e0351a086,low,False
SS-00700,animal_sound_0099.wav,audio data/animal_sound/animal_sound_0099.wav,animal_sound,Animal Sound,3.0,16000,1,PCM_16,96044,WAV,outdoor,digital microphone / synthetic,2-20m,original,train,2026-09-27 12:06:14,9ba5761136cbddf1e495c4a1e9c4695a3a9f02cf742f368a4693333317db24b8,low,False
SS-00701,animal_sound_0100.wav,audio data/animal_sound/animal_sound_0100.wav,animal_sound,Animal Sound,3.0,16000,1,PCM_16,96044,WAV,outdoor,digital microphone / synthetic,2-20m,original,validation,2026-09-27 12:06:14,d16eb1ab8a12c8f05077e2331908f3ad8b25516b9119f0b8e604264358bea4bc,low,False
SS-00702,animal_sound_0101.wav,audio data/animal_sound/animal_sound_0101.wav,animal_sound,Animal Sound,3.0,16000,1,PCM_16,96044,WAV,outdoor,digital microphone / synthetic,2-20m,original,validation,2026-09-27 12:06:14,f06fa2805a7a4de6627bcd756175c5f5bb953b00c2bddc5363dd573f3ad4cca0,low,False
SS-00703,animal_sound_0102.wav,audio data/animal_sound/animal_sound_0102.wav,animal_sound,Animal Sound,3.0,16000,1,PCM_16,96044,WAV,outdoor,digital microphone / synthetic,2-20m,original,train,2026-09-27 12:06:14,6715549adc2df3d0e22adf6a5fab1d149bdd28a4cdb6792e3f0338b947b40348,low,False
SS-00704,animal_sound_0103.wav,audio data/animal_sound/animal_sound_0103.wav,animal_sound,Animal Sound,3.0,16000,1,PCM_16,96044,WAV,outdoor,digital microphone / synthetic,2-20m,original,train,2026-09-27 12:06:14,a25d743be4b261aff2f58bbaa23c29e850c5bc1254dad233bfeacdccbfeafd86,low,False
SS-00705,animal_sound_0104.wav,audio data/animal_sound/animal_sound_0104.wav,animal_sound,Animal Sound,3.0,16000,1,PCM_16,96044,WAV,outdoor,digital microphone / synthetic,2-20m,original,validation,2026-09-27 12:06:14,5c03872621a166ed2d6d9b276fe3e27ee4a5acc8b1e834886c70e5f35fd7166b,low,False
SS-00706,animal_sound_0105.wav,audio data/animal_sound/animal_sound_0105.wav,animal_sound,Animal Sound,3.0,16000,1,PCM_16,96044,WAV,outdoor,digital microphone / synthetic,2-20m,original,train,2026-09-27 12:06:14,6a20fc29dc638240e7675566ea25bf87acbf5c817253f20c4f3a645638be91ba,low,False
SS-00707,animal_sound_0106.wav,audio data/animal_sound/animal_sound_0106.wav,animal_sound,Animal Sound,3.0,16000,1,PCM_16,96044,WAV,outdoor,digital microphone / synthetic,2-20m,original,test,2026-09-27 12:06:14,c9498ea2dd61ca66e253222831257271676749d8bb4ed68262ffbc3a1bae3098,low,False
SS-00708,animal_sound_0107.wav,audio data/animal_sound/animal_sound_0107.wav,animal_sound,Animal Sound,3.0,16000,1,PCM_16,96044,WAV,outdoor,digital microphone / synthetic,2-20m,original,train,2026-09-27 12:06:14,84a91d02015f334e25da35861ccd8b064b2ccf1f7236e122c4499ddc5c35482e,low,False
SS-00709,animal_sound_0108.wav,audio data/animal_sound/animal_sound_0108.wav,animal_sound,Animal Sound,3.0,16000,1,PCM_16,96044,WAV,outdoor,digital microphone / synthetic,2-20m,original,validation,2026-09-27 12:06:14,c745e83a370fc2acd8c4cd819b98247dd62693293eb87fb791a51be5585bf73c,low,False
SS-00710,animal_sound_0109.wav,audio data/animal_sound/animal_sound_0109.wav,animal_sound,Animal Sound,3.0,16000,1,PCM_16,96044,WAV,outdoor,digital microphone / synthetic,2-20m,original,train,2026-09-27 12:06:14,21c7394cb830f1e20e0948f71921633c8b97f2c937b245aa9695c3b1e44c5247,low,False
SS-00711,animal_sound_0110.wav,audio data/animal_sound/animal_sound_0110.wav,animal_sound,Animal Sound,3.0,16000,1,PCM_16,96044,WAV,outdoor,digital microphone / synthetic,2-20m,original,test,2026-09-27 12:06:14,8cbf1ac06c036965d9d99c3f354597768ff9ccef1131105f9d99c3a32acde682,low,False
SS-00712,animal_sound_0111.wav,audio data/animal_sound/animal_sound_0111.wav,animal_sound,Animal Sound,3.0,16000,1,PCM_16,96044,WAV,outdoor,digital microphone / synthetic,2-20m,original,train,2026-09-27 12:06:14,5665b7226442923a8d0ab789e06b50e7a9f063e1e382b75207cf52e19aaee327,low,False
SS-00713,animal_sound_0112.wav,audio data/animal_sound/animal_sound_0112.wav,animal_sound,Animal Sound,3.0,16000,1,PCM_16,96044,WAV,outdoor,digital microphone / synthetic,2-20m,original,validation,2026-09-27 12:06:14,bb4382a6d5c60550bafbe568f01d3ceed710a1a2048e5e0e81d42f3b82552bcd,low,False
SS-00714,animal_sound_0113.wav,audio data/animal_sound/animal_sound_0113.wav,animal_sound,Animal Sound,3.0,16000,1,PCM_16,96044,WAV,outdoor,digital microphone / synthetic,2-20m,original,train,2026-09-27 12:06:14,af220ed62d66171e3e75288a2fe528fe2474e0e197738595be4ac70b580964e6,low,False
SS-00715,animal_sound_0114.wav,audio data/animal_sound/animal_sound_0114.wav,animal_sound,Animal Sound,3.0,16000,1,PCM_16,96044,WAV,outdoor,digital microphone / synthetic,2-20m,original,train,2026-09-27 12:06:14,dde19eb7492dbbce1d3126b5f65d1b678fcb3be2b65a4712d033bc76c5d12f7c,low,False
SS-00716,animal_sound_0115.wav,audio data/animal_sound/animal_sound_0115.wav,animal_sound,Animal Sound,3.0,16000,1,PCM_16,96044,WAV,outdoor,digital microphone / synthetic,2-20m,original,train,2026-09-27 12:06:14,dcf758589db928624b0893f918add78682176882a76c9a93c219b43cbf52bd19,low,False
SS-00717,animal_sound_0116.wav,audio data/animal_sound/animal_sound_0116.wav,animal_sound,Animal Sound,3.0,16000,1,PCM_16,96044,WAV,outdoor,digital microphone / synthetic,2-20m,original,train,2026-09-27 12:06:14,bec9ea28188a192e180641fc41006f259ec3f4db391482df7c463f8176b97c35,low,False
SS-00718,animal_sound_0117.wav,audio data/animal_sound/animal_sound_0117.wav,animal_sound,Animal Sound,3.0,16000,1,PCM_16,96044,WAV,outdoor,digital microphone / synthetic,2-20m,original,train,2026-09-27 12:06:14,0ab8f09ebd749f1cc44a9237441a981862fe4a4b1049277a07e5df550e907797,low,False
SS-00719,animal_sound_0118.wav,audio data/animal_sound/animal_sound_0118.wav,animal_sound,Animal Sound,3.0,16000,1,PCM_16,96044,WAV,outdoor,digital microphone / synthetic,2-20m,original,train,2026-09-27 12:06:14,2c64582cd603ba56b65da741812e303cedad5f5d86a6851ac685b5466688ca66,low,False
SS-00720,animal_sound_0119.wav,audio data/animal_sound/animal_sound_0119.wav,animal_sound,Animal Sound,3.0,16000,1,PCM_16,96044,WAV,outdoor,digital microphone / synthetic,2-20m,original,test,2026-09-27 12:06:14,fdef6bee45c1a36b6ac195ebf2c7368f36b06676bd538db636c04160ade7adc3,low,False
SS-00721,animal_sound_0120.wav,audio data/animal_sound/animal_sound_0120.wav,animal_sound,Animal Sound,3.0,16000,1,PCM_16,96044,WAV,outdoor,digital microphone / synthetic,2-20m,original,validation,2026-09-27 12:06:14,c74e4e7009016903b53041ab38d44610adbe60aa2dfc4f498bf615a923d37b67,low,False
SS-00722,animal_sound_0121.wav,audio data/animal_sound/animal_sound_0121.wav,animal_sound,Animal Sound,3.0,16000,1,PCM_16,96044,WAV,outdoor,digital microphone / synthetic,2-20m,original,test,2026-09-27 12:06:14,3788d9a77ff117a21c128294131d205e76efcb6177a6f1d7e660f7ff819a1be6,low,False
SS-00723,animal_sound_0122.wav,audio data/animal_sound/animal_sound_0122.wav,animal_sound,Animal Sound,3.0,16000,1,PCM_16,96044,WAV,outdoor,digital microphone / synthetic,2-20m,original,train,2026-09-27 12:06:14,7971554af19975815b85d394e0facb8d930a5ea354433f1473697bf640c57ac4,low,False
SS-00724,animal_sound_0123.wav,audio data/animal_sound/animal_sound_0123.wav,animal_sound,Animal Sound,3.0,16000,1,PCM_16,96044,WAV,outdoor,digital microphone / synthetic,2-20m,original,test,2026-09-27 12:06:14,3c730064681b17a5a130c73c800d9fc421e60b76e48af7a645cf8b04938e61f7,low,False
SS-00725,animal_sound_0124.wav,audio data/animal_sound/animal_sound_0124.wav,animal_sound,Animal Sound,3.0,16000,1,PCM_16,96044,WAV,outdoor,digital microphone / synthetic,2-20m,original,train,2026-09-27 12:06:14,173f229c39e1166ce7b942e4b3b9f485820e9ef0e4d22b8c2542c718df4465c6,low,False
SS-00726,animal_sound_0125.wav,audio data/animal_sound/animal_sound_0125.wav,animal_sound,Animal Sound,3.0,16000,1,PCM_16,96044,WAV,outdoor,digital microphone / synthetic,2-20m,original,validation,2026-09-27 12:06:14,de1f6aafc70b466884a20dcebd810321961b5942cd57925a0dfd264ec7a4aaae,low,False
SS-00727,animal_sound_0126.wav,audio data/animal_sound/animal_sound_0126.wav,animal_sound,Animal Sound,3.0,16000,1,PCM_16,96044,WAV,outdoor,digital microphone / synthetic,2-20m,original,train,2026-09-27 12:06:14,57e5db0871efce4a4c21b76346c84639e0aa37a380b8c097e693b57339648a10,low,False
SS-00728,animal_sound_0127.wav,audio data/animal_sound/animal_sound_0127.wav,animal_sound,Animal Sound,3.0,16000,1,PCM_16,96044,WAV,outdoor,digital microphone / synthetic,2-20m,original,test,2026-09-27 12:06:14,f036d8997f7ee913faeecefc2f3b5aab8fad4b9a23437731047bf9c768744ab2,low,False
SS-00729,animal_sound_0128.wav,audio data/animal_sound/animal_sound_0128.wav,animal_sound,Animal Sound,3.0,16000,1,PCM_16,96044,WAV,outdoor,digital microphone / synthetic,2-20m,original,train,2026-09-27 12:06:14,7aa7abb293e76fa49904af6ae2e97271010ae406dae3954dc56f3155f9ba4eac,low,False
SS-00730,animal_sound_0129.wav,audio data/animal_sound/animal_sound_0129.wav,animal_sound,Animal Sound,3.0,16000,1,PCM_16,96044,WAV,outdoor,digital microphone / synthetic,2-20m,original,train,2026-09-27 12:06:14,c6079d25367ef000bbf21d6ddce4c107eccaa760ac5f3edc87393b8fa11d05da,low,False
SS-00731,animal_sound_0130.wav,audio data/animal_sound/animal_sound_0130.wav,animal_sound,Animal Sound,3.0,16000,1,PCM_16,96044,WAV,outdoor,digital microphone / synthetic,2-20m,original,train,2026-09-27 12:06:14,c27c45b6fd79681beab76248685db091ea49bfb85836e1f385df68b9efeac0ad,low,False
SS-00732,animal_sound_0131.wav,audio data/animal_sound/animal_sound_0131.wav,animal_sound,Animal Sound,3.0,16000,1,PCM_16,96044,WAV,outdoor,digital microphone / synthetic,2-20m,original,train,2026-09-27 12:06:14,71fdf3c7dd098aa923f77cfa04a9377da51f75bcefdecd583d404248a2bb045c,low,False
SS-00733,animal_sound_0132.wav,audio data/animal_sound/animal_sound_0132.wav,animal_sound,Animal Sound,3.0,16000,1,PCM_16,96044,WAV,outdoor,digital microphone / synthetic,2-20m,original,train,2026-09-27 12:06:14,0adde058bc6469fe4c1512e0b946f17d8eaf0322b02375da0de2b1b41a2cf99e,low,False
SS-00734,animal_sound_0133.wav,audio data/animal_sound/animal_sound_0133.wav,animal_sound,Animal Sound,3.0,16000,1,PCM_16,96044,WAV,outdoor,digital microphone / synthetic,2-20m,original,test,2026-09-27 12:06:14,4fb764d0cb81c9efd1d7a431462f36a409fc84cc1810e837f323da2cfef5faaf,low,False
SS-00735,animal_sound_0134.wav,audio data/animal_sound/animal_sound_0134.wav,animal_sound,Animal Sound,3.0,16000,1,PCM_16,96044,WAV,outdoor,digital microphone / synthetic,2-20m,original,train,2026-09-27 12:06:14,a47c80d274a71bba8455c6dfb0f20cb4b5b8da21490bb5782371126ff9b75dd7,low,False
SS-00736,animal_sound_0135.wav,audio data/animal_sound/animal_sound_0135.wav,animal_sound,Animal Sound,3.0,16000,1,PCM_16,96044,WAV,outdoor,digital microphone / synthetic,2-20m,original,train,2026-09-27 12:06:14,16361b3b5d53cbf0f2f8131acbb418081a822684d93e13e8c4e72848f44ff349,low,False
SS-00737,animal_sound_0136.wav,audio data/animal_sound/animal_sound_0136.wav,animal_sound,Animal Sound,3.0,16000,1,PCM_16,96044,WAV,outdoor,digital microphone / synthetic,2-20m,original,train,2026-09-27 12:06:14,3b4da6447d1a1081b5bcf5207c394fbe84a2eb26dc69398560909804a544922f,low,False
SS-00738,animal_sound_0137.wav,audio data/animal_sound/animal_sound_0137.wav,animal_sound,Animal Sound,3.0,16000,1,PCM_16,96044,WAV,outdoor,digital microphone / synthetic,2-20m,original,validation,2026-09-27 12:06:14,b5a89a5a646b6c94d5637d30d747cfbe3cd8e2393f5671ba105cf91f9031ce52,low,False
SS-00739,animal_sound_0138.wav,audio data/animal_sound/animal_sound_0138.wav,animal_sound,Animal Sound,3.0,16000,1,PCM_16,96044,WAV,outdoor,digital microphone / synthetic,2-20m,original,validation,2026-09-27 12:06:14,402e354a5ea75c68a8cdc081dd20d03a1db361c917f35775ae8209aab8353d47,low,False
SS-00740,animal_sound_0139.wav,audio data/animal_sound/animal_sound_0139.wav,animal_sound,Animal Sound,3.0,16000,1,PCM_16,96044,WAV,outdoor,digital microphone / synthetic,2-20m,original,train,2026-09-27 12:06:14,ae5d4c4e1bcf07f93a4a946593c35dbb44e81c4e2b39529fa2db77634df662e4,low,False
SS-00741,animal_sound_0140.wav,audio data/animal_sound/animal_sound_0140.wav,animal_sound,Animal Sound,3.0,16000,1,PCM_16,96044,WAV,outdoor,digital microphone / synthetic,2-20m,original,test,2026-09-27 12:06:14,05bd6f44829e95e48875ca22d9f29ac86274d229e53101656372fd452605acc0,low,False
SS-00742,animal_sound_0141.wav,audio data/animal_sound/animal_sound_0141.wav,animal_sound,Animal Sound,3.0,16000,1,PCM_16,96044,WAV,outdoor,digital microphone / synthetic,2-20m,original,test,2026-09-27 12:06:14,813223a7bdf015375dfedd487ddcdb9d8a7c794e0f11ab77d8f283affb4b395f,low,False
SS-00743,animal_sound_0142.wav,audio data/animal_sound/animal_sound_0142.wav,animal_sound,Animal Sound,3.0,16000,1,PCM_16,96044,WAV,outdoor,digital microphone / synthetic,2-20m,original,test,2026-09-27 12:06:14,f29aac20390ac771a697ae0a7c0d409ee95b50debba002babc1e58342d60e9f5,low,False
SS-00744,animal_sound_0143.wav,audio data/animal_sound/animal_sound_0143.wav,animal_sound,Animal Sound,3.0,16000,1,PCM_16,96044,WAV,outdoor,digital microphone / synthetic,2-20m,original,train,2026-09-27 12:06:14,237d8dac7dda9b2baa2daca709d7ee6eb3f30924cc1072c578edf4fe71861efc,low,False
SS-00745,animal_sound_0144.wav,audio data/animal_sound/animal_sound_0144.wav,animal_sound,Animal Sound,3.0,16000,1,PCM_16,96044,WAV,outdoor,digital microphone / synthetic,2-20m,original,train,2026-09-27 12:06:14,aae5eb973d098d7c4e7437006addf222d5dd791f30752f9abb77683ef633590d,low,False
SS-00746,animal_sound_0145.wav,audio data/animal_sound/animal_sound_0145.wav,animal_sound,Animal Sound,3.0,16000,1,PCM_16,96044,WAV,outdoor,digital microphone / synthetic,2-20m,original,validation,2026-09-27 12:06:14,9c3bbcdbe660d46b6a04431122ac0ca7190eb85275165ee3b1946579c8f3e773,low,False
SS-00747,animal_sound_0146.wav,audio data/animal_sound/animal_sound_0146.wav,animal_sound,Animal Sound,3.0,16000,1,PCM_16,96044,WAV,outdoor,digital microphone / synthetic,2-20m,original,train,2026-09-27 12:06:14,a690ece30d4f4df4a294395a3a5b4df25f40134d237e04d3d51008ba3e4788ca,low,False
SS-00748,animal_sound_0147.wav,audio data/animal_sound/animal_sound_0147.wav,animal_sound,Animal Sound,3.0,16000,1,PCM_16,96044,WAV,outdoor,digital microphone / synthetic,2-20m,original,test,2026-09-27 12:06:14,b90cad6bd1ffd4b5c816cddccdf6509e2b6b38167567b2ec3323b1ab06dbbc94,low,False
SS-00749,animal_sound_0148.wav,audio data/animal_sound/animal_sound_0148.wav,animal_sound,Animal Sound,3.0,16000,1,PCM_16,96044,WAV,outdoor,digital microphone / synthetic,2-20m,original,train,2026-09-27 12:06:14,ee0923d370903ff911543b72859674391e433e4ba1bc2a99ba1ec59064394185,low,False
SS-00750,animal_sound_0149.wav,audio data/animal_sound/animal_sound_0149.wav,animal_sound,Animal Sound,3.0,16000,1,PCM_16,96044,WAV,outdoor,digital microphone / synthetic,2-20m,original,train,2026-09-27 12:06:14,8e2b221eeef8923bd282df85301eda614c0ad0dcd4ee3d19c55652478c4b2b7b,low,False
SS-00751,animal_sound_0150.wav,audio data/animal_sound/animal_sound_0150.wav,animal_sound,Animal Sound,3.0,16000,1,PCM_16,96044,WAV,outdoor,digital microphone / synthetic,2-20m,original,train,2026-09-27 12:06:14,e1902205e61cf79baed59fc4fcae2d2df04198f271e5c3cb2d6dedd5e0e452e0,low,False
SS-00752,animal_sound_0151.wav,audio data/animal_sound/animal_sound_0151.wav,animal_sound,Animal Sound,3.0,16000,1,PCM_16,96044,WAV,outdoor,digital microphone / synthetic,2-20m,original,train,2026-09-27 12:06:14,4c6a2e9cbe75d03c0fa082588b5e1a18a6f99e96645668bafddb2adc3f63c426,low,False
SS-00753,animal_sound_0152.wav,audio data/animal_sound/animal_sound_0152.wav,animal_sound,Animal Sound,3.0,16000,1,PCM_16,96044,WAV,outdoor,digital microphone / synthetic,2-20m,original,validation,2026-09-27 12:06:14,0c6a57b75f2efd67ab9db9560998635f822d3973ed9c3c530fcd5ccd33d98e37,low,False
SS-00754,animal_sound_0153.wav,audio data/animal_sound/animal_sound_0153.wav,animal_sound,Animal Sound,3.0,16000,1,PCM_16,96044,WAV,outdoor,digital microphone / synthetic,2-20m,original,train,2026-09-27 12:06:14,1bb9d298cf0c28fff2ea7766f021f9734d3566b31ec671dc77bbb6fff61c3267,low,False
SS-00755,animal_sound_0154.wav,audio data/animal_sound/animal_sound_0154.wav,animal_sound,Animal Sound,3.0,16000,1,PCM_16,96044,WAV,outdoor,digital microphone / synthetic,2-20m,original,train,2026-09-27 12:06:14,7eb1ba177e86cf8280c5eb8d1d8547f8275aeb03e9f541c22ff1394b7b708f86,low,False
SS-00756,animal_sound_0155.wav,audio data/animal_sound/animal_sound_0155.wav,animal_sound,Animal Sound,3.0,16000,1,PCM_16,96044,WAV,outdoor,digital microphone / synthetic,2-20m,original,validation,2026-09-27 12:06:14,5b08c9972de6b92459db8c10d175a042d36e9bcc1fccaa0ef74cf8a580214b7b,low,False
SS-00757,animal_sound_0156.wav,audio data/animal_sound/animal_sound_0156.wav,animal_sound,Animal Sound,3.0,16000,1,PCM_16,96044,WAV,outdoor,digital microphone / synthetic,2-20m,original,train,2026-09-27 12:06:14,3fe1ded31ae37ea7a1f0968527601561e92da51c186e56b765e0f6b0ce790072,low,False
SS-00758,animal_sound_0157.wav,audio data/animal_sound/animal_sound_0157.wav,animal_sound,Animal Sound,3.0,16000,1,PCM_16,96044,WAV,outdoor,digital microphone / synthetic,2-20m,original,train,2026-09-27 12:06:14,c84bba0141b739e69a3a19b2a114049840c058442b8505d7a702bb3c9af2d1c4,low,False
SS-00759,animal_sound_0158.wav,audio data/animal_sound/animal_sound_0158.wav,animal_sound,Animal Sound,3.0,16000,1,PCM_16,96044,WAV,outdoor,digital microphone / synthetic,2-20m,original,train,2026-09-27 12:06:14,34b68f941ee09dd6ee717b289d604edf8872ac473b243f24b4654a138ed9ddc4,low,False
SS-00760,animal_sound_0159.wav,audio data/animal_sound/animal_sound_0159.wav,animal_sound,Animal Sound,3.0,16000,1,PCM_16,96044,WAV,outdoor,digital microphone / synthetic,2-20m,original,train,2026-09-27 12:06:14,46cc7accda7418f4932745aeabce42c682f20e2d39e26fa9a0cfddb11713c06f,low,False
SS-00761,animal_sound_0160.wav,audio data/animal_sound/animal_sound_0160.wav,animal_sound,Animal Sound,3.0,16000,1,PCM_16,96044,WAV,outdoor,digital microphone / synthetic,2-20m,original,validation,2026-09-27 12:06:14,31c7c6e96ff2c6b9d81648710232cef105c180125cc46edb3634d5fe499eebcd,low,False
SS-00762,animal_sound_0161.wav,audio data/animal_sound/animal_sound_0161.wav,animal_sound,Animal Sound,3.0,16000,1,PCM_16,96044,WAV,outdoor,digital microphone / synthetic,2-20m,original,train,2026-09-27 12:06:14,3f6ad0c1f7c8b1a2fafe1baf1b181e59345e98069a50f11622430be98bbed2fd,low,False
SS-00763,animal_sound_0162.wav,audio data/animal_sound/animal_sound_0162.wav,animal_sound,Animal Sound,3.0,16000,1,PCM_16,96044,WAV,outdoor,digital microphone / synthetic,2-20m,original,train,2026-09-27 12:06:14,c8bbaf67ff2d9d9038d0cac26f242d12edbf6db73e61f791f1a51774ab803a70,low,False
SS-00764,animal_sound_0163.wav,audio data/animal_sound/animal_sound_0163.wav,animal_sound,Animal Sound,3.0,16000,1,PCM_16,96044,WAV,outdoor,digital microphone / synthetic,2-20m,original,test,2026-09-27 12:06:14,01bbc7aad44b1ab039053d401ce634f2bc7253baf0b0d5620996f36e64b9fdf2,low,False
SS-00765,animal_sound_0164.wav,audio data/animal_sound/animal_sound_0164.wav,animal_sound,Animal Sound,3.0,16000,1,PCM_16,96044,WAV,outdoor,digital microphone / synthetic,2-20m,original,test,2026-09-27 12:06:14,ff3501fbb9be7184ee53edc9c101e840c1ce9930837f5cd54be2666e6456e854,low,False
SS-00766,animal_sound_0165.wav,audio data/animal_sound/animal_sound_0165.wav,animal_sound,Animal Sound,3.0,16000,1,PCM_16,96044,WAV,outdoor,digital microphone / synthetic,2-20m,original,train,2026-09-27 12:06:14,57304edcda642517f63f8107a1e40b4cc03597dd2731fee72f2213b47c790b83,low,False
SS-00767,animal_sound_0166.wav,audio data/animal_sound/animal_sound_0166.wav,animal_sound,Animal Sound,3.0,16000,1,PCM_16,96044,WAV,outdoor,digital microphone / synthetic,2-20m,original,train,2026-09-27 12:06:14,8d693a23f5e6aa8ba37429dd22b6da327031a8c71e37aef7083c1145a3aa7270,low,False
SS-00768,animal_sound_0167.wav,audio data/animal_sound/animal_sound_0167.wav,animal_sound,Animal Sound,3.0,16000,1,PCM_16,96044,WAV,outdoor,digital microphone / synthetic,2-20m,original,train,2026-09-27 12:06:14,f14fbc3756a87468b60d11712464d771b3e65ec23ad96d2e1f489fc565be1cde,low,False
SS-00769,animal_sound_0168.wav,audio data/animal_sound/animal_sound_0168.wav,animal_sound,Animal Sound,3.0,16000,1,PCM_16,96044,WAV,outdoor,digital microphone / synthetic,2-20m,original,train,2026-09-27 12:06:14,01a990964b9eb93b86740c97d93ec03c14ae3072389190eea76435e1363b1da7,low,False
SS-00770,animal_sound_0169.wav,audio data/animal_sound/animal_sound_0169.wav,animal_sound,Animal Sound,3.0,16000,1,PCM_16,96044,WAV,outdoor,digital microphone / synthetic,2-20m,original,train,2026-09-27 12:06:14,1962b3c42e4fbaf33f871500d4e3218cec660d95c3cf2b4e222683670237771b,low,False
SS-00771,animal_sound_0170.wav,audio data/animal_sound/animal_sound_0170.wav,animal_sound,Animal Sound,3.0,16000,1,PCM_16,96044,WAV,outdoor,digital microphone / synthetic,2-20m,original,test,2026-09-27 12:06:14,494889a59c0943ca601a90af21dbcde852221bf0988fe680ca24e04be8cb57ac,low,False
SS-00772,animal_sound_0171.wav,audio data/animal_sound/animal_sound_0171.wav,animal_sound,Animal Sound,3.0,16000,1,PCM_16,96044,WAV,outdoor,digital microphone / synthetic,2-20m,original,train,2026-09-27 12:06:14,b841f0d7753c288babcda11ea06d32389e82c1e91a59000b4c318f684dca46a2,low,False
SS-00773,animal_sound_0172.wav,audio data/animal_sound/animal_sound_0172.wav,animal_sound,Animal Sound,3.0,16000,1,PCM_16,96044,WAV,outdoor,digital microphone / synthetic,2-20m,original,test,2026-09-27 12:06:14,483454bdb40343eed4ae2d3b137ab93e98529c029023d6201fad2d3296133b7d,low,False
SS-00774,animal_sound_0173.wav,audio data/animal_sound/animal_sound_0173.wav,animal_sound,Animal Sound,3.0,16000,1,PCM_16,96044,WAV,outdoor,digital microphone / synthetic,2-20m,original,train,2026-09-27 12:06:14,cfcf03f5e9910a4e8d7bae9235839d8621146959e02cd21752cb4ad0ad71f40d,low,False
SS-00775,animal_sound_0174.wav,audio data/animal_sound/animal_sound_0174.wav,animal_sound,Animal Sound,3.0,16000,1,PCM_16,96044,WAV,outdoor,digital microphone / synthetic,2-20m,original,validation,2026-09-27 12:06:14,1ea1ae03b9cf6f6ee994c0e30002a3ea98392fb3e61ff38ec26b87d63b73f74c,low,False
SS-00776,animal_sound_0175.wav,audio data/animal_sound/animal_sound_0175.wav,animal_sound,Animal Sound,3.0,16000,1,PCM_16,96044,WAV,outdoor,digital microphone / synthetic,2-20m,original,train,2026-09-27 12:06:14,824cd5187e0636dc457edbac0347f217b252fb1b7eae541142c3e72ea2f0ff10,low,False
SS-00777,animal_sound_0176.wav,audio data/animal_sound/animal_sound_0176.wav,animal_sound,Animal Sound,3.0,16000,1,PCM_16,96044,WAV,outdoor,digital microphone / synthetic,2-20m,original,train,2026-09-27 12:06:14,e629a7e93d7878ec029d2748c7c9d46c0974eef744c604d8ffdb23184ab6fb69,low,False
SS-00778,animal_sound_0177.wav,audio data/animal_sound/animal_sound_0177.wav,animal_sound,Animal Sound,3.0,16000,1,PCM_16,96044,WAV,outdoor,digital microphone / synthetic,2-20m,original,train,2026-09-27 12:06:14,5f4130822e91ba860e432233736453ee317bf2ace4298bccf774f426dd9d0691,low,False
SS-00779,animal_sound_0178.wav,audio data/animal_sound/animal_sound_0178.wav,animal_sound,Animal Sound,3.0,16000,1,PCM_16,96044,WAV,outdoor,digital microphone / synthetic,2-20m,original,train,2026-09-27 12:06:14,87c5affd9f98aeb57ba27a12a6120d57b6705c22b0f5b82483b668a1b33380d0,low,False
SS-00780,animal_sound_0179.wav,audio data/animal_sound/animal_sound_0179.wav,animal_sound,Animal Sound,3.0,16000,1,PCM_16,96044,WAV,outdoor,digital microphone / synthetic,2-20m,original,train,2026-09-27 12:06:14,9d62a004d01c6b1bbb1b68751378257b3ea9eb82b001212745ea3ab4629709cb,low,False
SS-00781,animal_sound_0180.wav,audio data/animal_sound/animal_sound_0180.wav,animal_sound,Animal Sound,3.0,16000,1,PCM_16,96044,WAV,outdoor,digital microphone / synthetic,2-20m,original,train,2026-09-27 12:06:14,c268c3e382a5667db31e48cf5995a70c6e1034202344e6319b8778bf7fda33aa,low,False
SS-00782,animal_sound_0181.wav,audio data/animal_sound/animal_sound_0181.wav,animal_sound,Animal Sound,3.0,16000,1,PCM_16,96044,WAV,outdoor,digital microphone / synthetic,2-20m,original,train,2026-09-27 12:06:14,f79bea4617a0721ffc1c37cf1c488aa8c3bc21ebccec93a039d81f2c59c4fcd5,low,False
SS-00783,animal_sound_0182.wav,audio data/animal_sound/animal_sound_0182.wav,animal_sound,Animal Sound,3.0,16000,1,PCM_16,96044,WAV,outdoor,digital microphone / synthetic,2-20m,original,train,2026-09-27 12:06:14,34479521a73f0dcd29082b94f27282fc6114832c1a2da67b72a0a5443669895d,low,False
SS-00784,animal_sound_0183.wav,audio data/animal_sound/animal_sound_0183.wav,animal_sound,Animal Sound,3.0,16000,1,PCM_16,96044,WAV,outdoor,digital microphone / synthetic,2-20m,original,train,2026-09-27 12:06:14,8f81e1a5dfad2297520a26acc83cb905ac788d7a62c533738808fb4df1ac6275,low,False
SS-00785,animal_sound_0184.wav,audio data/animal_sound/animal_sound_0184.wav,animal_sound,Animal Sound,3.0,16000,1,PCM_16,96044,WAV,outdoor,digital microphone / synthetic,2-20m,original,train,2026-09-27 12:06:14,92198e6313b7929a920717088baaa0ed044aba778de2d5e28ce617fe9f762f30,low,False
SS-00786,animal_sound_0185.wav,audio data/animal_sound/animal_sound_0185.wav,animal_sound,Animal Sound,3.0,16000,1,PCM_16,96044,WAV,outdoor,digital microphone / synthetic,2-20m,original,train,2026-09-27 12:06:14,37946eba9099851dfa355a0cd35281644985048d867b950343a0e52dcb84cb14,low,False
SS-00787,animal_sound_0186.wav,audio data/animal_sound/animal_sound_0186.wav,animal_sound,Animal Sound,3.0,16000,1,PCM_16,96044,WAV,outdoor,digital microphone / synthetic,2-20m,original,validation,2026-09-27 12:06:14,c1eaab59aa0ab871fe021a5ad464a9898b832cf310b7ade7cb4ac5fc1af935cd,low,False
SS-00788,animal_sound_0187.wav,audio data/animal_sound/animal_sound_0187.wav,animal_sound,Animal Sound,3.0,16000,1,PCM_16,96044,WAV,outdoor,digital microphone / synthetic,2-20m,original,train,2026-09-27 12:06:14,d6ef177a93f312a9de177dc6f116712fb5ed51dd60803f7339d91ee50a503bff,low,False
SS-00789,animal_sound_0188.wav,audio data/animal_sound/animal_sound_0188.wav,animal_sound,Animal Sound,3.0,16000,1,PCM_16,96044,WAV,outdoor,digital microphone / synthetic,2-20m,original,train,2026-09-27 12:06:14,781e17c34a89f7095a637f3c2978f225045def5b6ca41a6d7201dde235ebc1f2,low,False
SS-00790,animal_sound_0189.wav,audio data/animal_sound/animal_sound_0189.wav,animal_sound,Animal Sound,3.0,16000,1,PCM_16,96044,WAV,outdoor,digital microphone / synthetic,2-20m,original,validation,2026-09-27 12:06:14,dbdb628ac96eff8d63a8e64c88afba47fb856ef1e4f2908a59f0f61a2cbb9f76,low,False
SS-00791,animal_sound_0190.wav,audio data/animal_sound/animal_sound_0190.wav,animal_sound,Animal Sound,3.0,16000,1,PCM_16,96044,WAV,outdoor,digital microphone / synthetic,2-20m,original,train,2026-09-27 12:06:14,e09fc90e9227e7822d7a4ee046912e4a383249cfbb9110d42cd42346e7372fe0,low,False
SS-00792,animal_sound_0191.wav,audio data/animal_sound/animal_sound_0191.wav,animal_sound,Animal Sound,3.0,16000,1,PCM_16,96044,WAV,outdoor,digital microphone / synthetic,2-20m,original,train,2026-09-27 12:06:14,943a3fc7b21efbdf32c215fa7f71cc0929edc8be7690b8bba872d9b129fbb89a,low,False
SS-00793,animal_sound_0192.wav,audio data/animal_sound/animal_sound_0192.wav,animal_sound,Animal Sound,3.0,16000,1,PCM_16,96044,WAV,outdoor,digital microphone / synthetic,2-20m,original,validation,2026-09-27 12:06:14,fb94950aefc5bc999e025775f05f1ac973b37874adfcf54f7eacbaa82dffcfe9,low,False
SS-00794,animal_sound_0193.wav,audio data/animal_sound/animal_sound_0193.wav,animal_sound,Animal Sound,3.0,16000,1,PCM_16,96044,WAV,outdoor,digital microphone / synthetic,2-20m,original,validation,2026-09-27 12:06:14,390fe6721d2642311db7825fd4a935d7d65dccea2307defa5baa85bf782c70ed,low,False
SS-00795,animal_sound_0194.wav,audio data/animal_sound/animal_sound_0194.wav,animal_sound,Animal Sound,3.0,16000,1,PCM_16,96044,WAV,outdoor,digital microphone / synthetic,2-20m,original,train,2026-09-27 12:06:14,4272d5e2cf5542e6da835ac1e1066502e031af06ab78c46ffe8a07a0cc285895,low,False
SS-00796,animal_sound_0195.wav,audio data/animal_sound/animal_sound_0195.wav,animal_sound,Animal Sound,3.0,16000,1,PCM_16,96044,WAV,outdoor,digital microphone / synthetic,2-20m,original,test,2026-09-27 12:06:14,87503b4d73982a4beedd02028e6e9f491860dd2ecba5d6881c3663378c9fe71a,low,False
SS-00797,animal_sound_0196.wav,audio data/animal_sound/animal_sound_0196.wav,animal_sound,Animal Sound,3.0,16000,1,PCM_16,96044,WAV,outdoor,digital microphone / synthetic,2-20m,original,train,2026-09-27 12:06:14,765cfbd00677491e0c7c0d790145f60bbede28c8c948321ef9df04bf9bb870c2,low,False
SS-00798,animal_sound_0197.wav,audio data/animal_sound/animal_sound_0197.wav,animal_sound,Animal Sound,3.0,16000,1,PCM_16,96044,WAV,outdoor,digital microphone / synthetic,2-20m,original,test,2026-09-27 12:06:14,05b1584a2c034118c6f66103dc4faf86ef1f29720e27100b97c7233f18d5a1da,low,False
SS-00799,animal_sound_0198.wav,audio data/animal_sound/animal_sound_0198.wav,animal_sound,Animal Sound,3.0,16000,1,PCM_16,96044,WAV,outdoor,digital microphone / synthetic,2-20m,original,train,2026-09-27 12:06:14,15e8f45ceb30743b6b5796fef9f55b9bcb64d6dd9705db1515cd6956b4af0d88,low,False
SS-00800,animal_sound_0199.wav,audio data/animal_sound/animal_sound_0199.wav,animal_sound,Animal Sound,3.0,16000,1,PCM_16,96044,WAV,outdoor,digital microphone / synthetic,2-20m,original,train,2026-09-27 12:06:14,26a14de0501a67a1e09a4a2184344d2c9dee068b949abc4a715d5f3100f39406,low,False
SS-00801,animal_sound_0200.wav,audio data/animal_sound/animal_sound_0200.wav,animal_sound,Animal Sound,3.0,16000,1,PCM_16,96044,WAV,outdoor,digital microphone / synthetic,2-20m,original,test,2026-09-27 12:06:14,ab8fb91fe8aa2b555227b0900795c8cff8f19b47e62662be0f59cfbea54db678,low,False
SS-00802,animal_sound_0201.wav,audio data/animal_sound/animal_sound_0201.wav,animal_sound,Animal Sound,3.0,16000,1,PCM_16,96044,WAV,outdoor,digital microphone / synthetic,2-20m,original,train,2026-09-27 12:06:14,b408c2228a3c60e8212f25e3a80c8f981912b028164f79dd0b20a32a6509e73c,low,False
SS-00803,animal_sound_0202.wav,audio data/animal_sound/animal_sound_0202.wav,animal_sound,Animal Sound,3.0,16000,1,PCM_16,96044,WAV,outdoor,digital microphone / synthetic,2-20m,original,train,2026-09-27 12:06:14,a9d2f7cf8218ba1a7a83fab602074281fe507c05eb3d1288af6e085beeef5b17,low,False
SS-00804,animal_sound_0203.wav,audio data/animal_sound/animal_sound_0203.wav,animal_sound,Animal Sound,3.0,16000,1,PCM_16,96044,WAV,outdoor,digital microphone / synthetic,2-20m,original,train,2026-09-27 12:06:14,73c0ca8d2440ce83b511ed06212ef14baa57ec6718cfe8ec95ddf5ee15fd8093,low,False
SS-00805,animal_sound_0204.wav,audio data/animal_sound/animal_sound_0204.wav,animal_sound,Animal Sound,3.0,16000,1,PCM_16,96044,WAV,outdoor,digital microphone / synthetic,2-20m,original,train,2026-09-27 12:06:14,39a450b5f695131e3a4eb7b077c19d023d10f9ea1ca30ea1acfa01e458e961a3,low,False
SS-00806,animal_sound_0205.wav,audio data/animal_sound/animal_sound_0205.wav,animal_sound,Animal Sound,3.0,16000,1,PCM_16,96044,WAV,outdoor,digital microphone / synthetic,2-20m,original,validation,2026-09-27 12:06:14,d60a03746fb8a4531f3d01031746da4d8a2a48e48b8e3c5d9f694ea3ce4ac174,low,False
SS-00807,animal_sound_0206.wav,audio data/animal_sound/animal_sound_0206.wav,animal_sound,Animal Sound,3.0,16000,1,PCM_16,96044,WAV,outdoor,digital microphone / synthetic,2-20m,original,train,2026-09-27 12:06:14,e48eaa9ff10fdc32e550fb0196760f3de096cfbcd24e83dd77339c9ef13c2615,low,False
SS-00808,animal_sound_0207.wav,audio data/animal_sound/animal_sound_0207.wav,animal_sound,Animal Sound,3.0,16000,1,PCM_16,96044,WAV,outdoor,digital microphone / synthetic,2-20m,original,train,2026-09-27 12:06:14,7ca22a0cf9784a01d04f62b6b301247c5ad9bf9507238fe74cf659cb78d7f1fa,low,False
SS-00809,animal_sound_0208.wav,audio data/animal_sound/animal_sound_0208.wav,animal_sound,Animal Sound,3.0,16000,1,PCM_16,96044,WAV,outdoor,digital microphone / synthetic,2-20m,original,train,2026-09-27 12:06:14,0da22acec5e9b68729ffc6678f41b392597e106402ef566e3260a40581d4e5ff,low,False
SS-00810,animal_sound_0209.wav,audio data/animal_sound/animal_sound_0209.wav,animal_sound,Animal Sound,3.0,16000,1,PCM_16,96044,WAV,outdoor,digital microphone / synthetic,2-20m,original,test,2026-09-27 12:06:14,657be2afc2d8dd87cf876c16c9aeae3bda0d8be24c44a6792bfd98b6fe0b1570,low,False
SS-00811,animal_sound_0210.wav,audio data/animal_sound/animal_sound_0210.wav,animal_sound,Animal Sound,3.0,16000,1,PCM_16,96044,WAV,outdoor,digital microphone / synthetic,2-20m,original,train,2026-09-27 12:06:14,194f47a09737214971734b552cea2fe7e8088950550bea862d7dd1ec69a0c5a0,low,False
SS-00812,animal_sound_0211.wav,audio data/animal_sound/animal_sound_0211.wav,animal_sound,Animal Sound,3.0,16000,1,PCM_16,96044,WAV,outdoor,digital microphone / synthetic,2-20m,original,train,2026-09-27 12:06:14,d9da8f3c8aa2fd8ece62e52133ae01720a8be279e8f62fc3b7cb0046fae3eabe,low,False
SS-00813,animal_sound_0212.wav,audio data/animal_sound/animal_sound_0212.wav,animal_sound,Animal Sound,3.0,16000,1,PCM_16,96044,WAV,outdoor,digital microphone / synthetic,2-20m,original,train,2026-09-27 12:06:14,22b5a45630760ca884b8edce14fe1e298c606bef26885b002209fb88cf22f39b,low,False
SS-00814,animal_sound_0213.wav,audio data/animal_sound/animal_sound_0213.wav,animal_sound,Animal Sound,3.0,16000,1,PCM_16,96044,WAV,outdoor,digital microphone / synthetic,2-20m,original,test,2026-09-27 12:06:14,293b78f293a4446cad7e991ab135ccfb00f85da2814c8d571a4c5c0a77dd0d22,low,False
SS-00815,animal_sound_0214.wav,audio data/animal_sound/animal_sound_0214.wav,animal_sound,Animal Sound,3.0,16000,1,PCM_16,96044,WAV,outdoor,digital microphone / synthetic,2-20m,original,validation,2026-09-27 12:06:14,18c13979cf568706ccffa2f16246aab5f3b03e210e75a50acacb49dc60161625,low,False
SS-00816,animal_sound_0215.wav,audio data/animal_sound/animal_sound_0215.wav,animal_sound,Animal Sound,3.0,16000,1,PCM_16,96044,WAV,outdoor,digital microphone / synthetic,2-20m,original,train,2026-09-27 12:06:14,1a4bd2976368997ccfaac90d81cc68ab7a545bbe6a479041e7f00d4c419c7131,low,False
SS-00817,animal_sound_0216.wav,audio data/animal_sound/animal_sound_0216.wav,animal_sound,Animal Sound,3.0,16000,1,PCM_16,96044,WAV,outdoor,digital microphone / synthetic,2-20m,original,test,2026-09-27 12:06:14,77c432ec75139e107735acfccbb05d2fe5cbcb21aa132bea5fc56b1f013f0757,low,False
SS-00818,animal_sound_0217.wav,audio data/animal_sound/animal_sound_0217.wav,animal_sound,Animal Sound,3.0,16000,1,PCM_16,96044,WAV,outdoor,digital microphone / synthetic,2-20m,original,train,2026-09-27 12:06:14,57a0984f0fb98641e4f652b7a32d58f45059d4be6b423ce89973cc3fd383f6f0,low,False
SS-00819,animal_sound_0218.wav,audio data/animal_sound/animal_sound_0218.wav,animal_sound,Animal Sound,3.0,16000,1,PCM_16,96044,WAV,outdoor,digital microphone / synthetic,2-20m,original,train,2026-09-27 12:06:14,96fc79868e29b034ed3fbfd4b08b5747e631aa42ba150d1a9910144c67e7de18,low,False
SS-00820,animal_sound_0219.wav,audio data/animal_sound/animal_sound_0219.wav,animal_sound,Animal Sound,3.0,16000,1,PCM_16,96044,WAV,outdoor,digital microphone / synthetic,2-20m,original,test,2026-09-27 12:06:14,bdda748d5c98d17d3b896ad121034cc7166c6acaa2aa35517711559f31ffa8f1,low,False
SS-00821,animal_sound_0220.wav,audio data/animal_sound/animal_sound_0220.wav,animal_sound,Animal Sound,3.0,16000,1,PCM_16,96044,WAV,outdoor,digital microphone / synthetic,2-20m,original,train,2026-09-27 12:06:14,8184d47695489589eff0ec936dec3a0aea53d0b863019a66cbe8850b0ab12f71,low,False
SS-00822,animal_sound_0221.wav,audio data/animal_sound/animal_sound_0221.wav,animal_sound,Animal Sound,3.0,16000,1,PCM_16,96044,WAV,outdoor,digital microphone / synthetic,2-20m,original,validation,2026-09-27 12:06:14,188e3c945f036f33a5c4d9d8c22fb16b84caa42d2a10cb76e33a93e0f222ed52,low,False
SS-00823,animal_sound_0222.wav,audio data/animal_sound/animal_sound_0222.wav,animal_sound,Animal Sound,3.0,16000,1,PCM_16,96044,WAV,outdoor,digital microphone / synthetic,2-20m,original,train,2026-09-27 12:06:14,e8900381951a14f9d170d847658493c16c2ff9d736f70300204c7402b66f2248,low,False
SS-00824,animal_sound_0223.wav,audio data/animal_sound/animal_sound_0223.wav,animal_sound,Animal Sound,3.0,16000,1,PCM_16,96044,WAV,outdoor,digital microphone / synthetic,2-20m,original,train,2026-09-27 12:06:14,f962dd8a4f9be6c9540dc927d4dda9ffb78738158a11418a9ca30a07089916b0,low,False
SS-00825,animal_sound_0224.wav,audio data/animal_sound/animal_sound_0224.wav,animal_sound,Animal Sound,3.0,16000,1,PCM_16,96044,WAV,outdoor,digital microphone / synthetic,2-20m,original,train,2026-09-27 12:06:14,e06db7743132263f79258b52df1ebe9b699a27ed62c986524a12fce2e048a4d7,low,False
SS-00826,animal_sound_0225.wav,audio data/animal_sound/animal_sound_0225.wav,animal_sound,Animal Sound,3.0,16000,1,PCM_16,96044,WAV,outdoor,digital microphone / synthetic,2-20m,original,train,2026-09-27 12:06:14,386b67f1e4f125056adb06b6a087171ab4caae6c7fb759ca110bd6a213bc7cf7,low,False
SS-00827,animal_sound_0226.wav,audio data/animal_sound/animal_sound_0226.wav,animal_sound,Animal Sound,3.0,16000,1,PCM_16,96044,WAV,outdoor,digital microphone / synthetic,2-20m,original,test,2026-09-27 12:06:14,b6e73c2446ba661edaa372d1213da6bb28d0ba4695766286b33b112a6e86d9d3,low,False
SS-00828,animal_sound_0227.wav,audio data/animal_sound/animal_sound_0227.wav,animal_sound,Animal Sound,3.0,16000,1,PCM_16,96044,WAV,outdoor,digital microphone / synthetic,2-20m,original,test,2026-09-27 12:06:14,f20fac743049793c60d1b8f905abe6b9c596826270377f1438717f708379ae80,low,False
SS-00829,animal_sound_0228.wav,audio data/animal_sound/animal_sound_0228.wav,animal_sound,Animal Sound,3.0,16000,1,PCM_16,96044,WAV,outdoor,digital microphone / synthetic,2-20m,original,train,2026-09-27 12:06:14,d794eb88120c5ace3bc84d9bcdb123371439e36a6c6dfb2f8da5c685fca55677,low,False
SS-00830,animal_sound_0229.wav,audio data/animal_sound/animal_sound_0229.wav,animal_sound,Animal Sound,3.0,16000,1,PCM_16,96044,WAV,outdoor,digital microphone / synthetic,2-20m,original,test,2026-09-27 12:06:14,237ecf69df84f3baadd1053246e4abd2ae54d5a4cea2f4643a6c8dd538e61157,low,False
SS-00831,animal_sound_0230.wav,audio data/animal_sound/animal_sound_0230.wav,animal_sound,Animal Sound,3.0,16000,1,PCM_16,96044,WAV,outdoor,digital microphone / synthetic,2-20m,original,validation,2026-09-27 12:06:14,8f7d6e42e64f459d1ae0ec16aace6eff19e7af1236285ed564eb04bcb736d011,low,False
SS-00832,animal_sound_0231.wav,audio data/animal_sound/animal_sound_0231.wav,animal_sound,Animal Sound,3.0,16000,1,PCM_16,96044,WAV,outdoor,digital microphone / synthetic,2-20m,original,test,2026-09-27 12:06:14,8ca9bfd6827dd2329e18323ea9245528c468ab570bc2b88e4b7f2fced042aa2d,low,False
SS-00833,animal_sound_0232.wav,audio data/animal_sound/animal_sound_0232.wav,animal_sound,Animal Sound,3.0,16000,1,PCM_16,96044,WAV,outdoor,digital microphone / synthetic,2-20m,original,train,2026-09-27 12:06:14,ebdf2d71490576d3aa953567d2400fac12bd72cf3997b907da60936a42f64232,low,False
SS-00834,animal_sound_0233.wav,audio data/animal_sound/animal_sound_0233.wav,animal_sound,Animal Sound,3.0,16000,1,PCM_16,96044,WAV,outdoor,digital microphone / synthetic,2-20m,original,train,2026-09-27 12:06:14,e815bc1a45a2a926d9942c083448c8f76c103193c8b2303641af9ef5c9d2f3b3,low,False
SS-00835,animal_sound_0234.wav,audio data/animal_sound/animal_sound_0234.wav,animal_sound,Animal Sound,3.0,16000,1,PCM_16,96044,WAV,outdoor,digital microphone / synthetic,2-20m,original,train,2026-09-27 12:06:14,90ed847817f3b43ff0da3b0a467e98d398fdc095f79edd7b3b72b0302dc1ebcb,low,False
SS-00836,animal_sound_0235.wav,audio data/animal_sound/animal_sound_0235.wav,animal_sound,Animal Sound,3.0,16000,1,PCM_16,96044,WAV,outdoor,digital microphone / synthetic,2-20m,original,validation,2026-09-27 12:06:14,d63beef44d4d194bdef95479bc941eece768090b8d418bd6e703602862b5443b,low,False
SS-00837,animal_sound_0236.wav,audio data/animal_sound/animal_sound_0236.wav,animal_sound,Animal Sound,3.0,16000,1,PCM_16,96044,WAV,outdoor,digital microphone / synthetic,2-20m,original,validation,2026-09-27 12:06:14,fd80147b4e8d7498f06fd3b2ce085ff608261c5dc104751214facf97d9cdd716,low,False
SS-00838,animal_sound_0237.wav,audio data/animal_sound/animal_sound_0237.wav,animal_sound,Animal Sound,3.0,16000,1,PCM_16,96044,WAV,outdoor,digital microphone / synthetic,2-20m,original,train,2026-09-27 12:06:14,aecb5bb18d242aa67200d9b0106eee6b49f4ab5a9e819d03d35317fbf92103a1,low,False
SS-00839,animal_sound_0238.wav,audio data/animal_sound/animal_sound_0238.wav,animal_sound,Animal Sound,3.0,16000,1,PCM_16,96044,WAV,outdoor,digital microphone / synthetic,2-20m,original,test,2026-09-27 12:06:14,771f96843c0022582ce168f2a91b5b54caaf95dd7e0a92c387f92fc4d100e474,low,False
SS-00840,animal_sound_0239.wav,audio data/animal_sound/animal_sound_0239.wav,animal_sound,Animal Sound,3.0,16000,1,PCM_16,96044,WAV,outdoor,digital microphone / synthetic,2-20m,original,test,2026-09-27 12:06:14,a07f4e4b3c1e149ddd0353e45dac5975b5435bb35a2d970e219868d870154347,low,False
SS-00841,animal_sound_0240.wav,audio data/animal_sound/animal_sound_0240.wav,animal_sound,Animal Sound,3.0,16000,1,PCM_16,96044,WAV,outdoor,digital microphone / synthetic,2-20m,original,train,2026-09-27 12:06:14,a82ec3e97ff01f8573767bfd66fe5b328abedbb8875b3c0335e5e546c62b91c1,low,False
SS-00842,animal_sound_0241.wav,audio data/animal_sound/animal_sound_0241.wav,animal_sound,Animal Sound,3.0,16000,1,PCM_16,96044,WAV,outdoor,digital microphone / synthetic,2-20m,original,train,2026-09-27 12:06:14,91b3592443894a5959df6efa14d9c94c1a1cc093b3595caed520675ae94c1b8f,low,False
SS-00843,animal_sound_0242.wav,audio data/animal_sound/animal_sound_0242.wav,animal_sound,Animal Sound,3.0,16000,1,PCM_16,96044,WAV,outdoor,digital microphone / synthetic,2-20m,original,validation,2026-09-27 12:06:14,878febacd2f81aeb4da792c3b6eec242e92d599d61bc8ef2c5681b16e986bd9c,low,False
SS-00844,animal_sound_0243.wav,audio data/animal_sound/animal_sound_0243.wav,animal_sound,Animal Sound,3.0,16000,1,PCM_16,96044,WAV,outdoor,digital microphone / synthetic,2-20m,original,train,2026-09-27 12:06:14,466b25df14fefb8a738ac1ece96959c14a35391716a33f2dc882b6409aea8d65,low,False
SS-00845,animal_sound_0244.wav,audio data/animal_sound/animal_sound_0244.wav,animal_sound,Animal Sound,3.0,16000,1,PCM_16,96044,WAV,outdoor,digital microphone / synthetic,2-20m,original,test,2026-09-27 12:06:14,f9d6fa29eb79393f56a1991be271d90b3a3db9dc74e2a6ef5fc87527c0457036,low,False
SS-00846,animal_sound_0245.wav,audio data/animal_sound/animal_sound_0245.wav,animal_sound,Animal Sound,3.0,16000,1,PCM_16,96044,WAV,outdoor,digital microphone / synthetic,2-20m,original,validation,2026-09-27 12:06:14,de8a49726a822ad8e8d4d8531f102eb01b22454adccb02081016f86e166876a9,low,False
SS-00847,animal_sound_0246.wav,audio data/animal_sound/animal_sound_0246.wav,animal_sound,Animal Sound,3.0,16000,1,PCM_16,96044,WAV,outdoor,digital microphone / synthetic,2-20m,original,train,2026-09-27 12:06:14,ed430d6c1d1fe91fef8198ab6e2f19733eb2ecf72802047cd0c63505e233d4cb,low,False
SS-00848,animal_sound_0247.wav,audio data/animal_sound/animal_sound_0247.wav,animal_sound,Animal Sound,3.0,16000,1,PCM_16,96044,WAV,outdoor,digital microphone / synthetic,2-20m,original,train,2026-09-27 12:06:14,3bf09660c4fcb950455d0158c897bbd59768285a28a8f872dc7b268a5bd0cd71,low,False
SS-00849,animal_sound_0248.wav,audio data/animal_sound/animal_sound_0248.wav,animal_sound,Animal Sound,3.0,16000,1,PCM_16,96044,WAV,outdoor,digital microphone / synthetic,2-20m,original,train,2026-09-27 12:06:14,e4889f0511a21a63653ebe2cdc5d55c37be53925e5f10ed8631f8a3d4b984012,low,False
SS-00850,animal_sound_0249.wav,audio data/animal_sound/animal_sound_0249.wav,animal_sound,Animal Sound,3.0,16000,1,PCM_16,96044,WAV,outdoor,digital microphone / synthetic,2-20m,original,test,2026-09-27 12:06:14,df48dead6988e1c6d42f5106571abbe2c13cee016ccaaf493b94b4d42faeb172,low,False
SS-00851,animal_sound_0250.wav,audio data/animal_sound/animal_sound_0250.wav,animal_sound,Animal Sound,3.0,16000,1,PCM_16,96044,WAV,outdoor,digital microphone / synthetic,2-20m,original,train,2026-09-27 12:06:14,3c746d1826600403d2af18e10a4628392478cbc884250544b1de767c453f1496,low,False
SS-00852,animal_sound_0251.wav,audio data/animal_sound/animal_sound_0251.wav,animal_sound,Animal Sound,3.0,16000,1,PCM_16,96044,WAV,outdoor,digital microphone / synthetic,2-20m,original,train,2026-09-27 12:06:14,36bc68e0a843ad47e58e0040a41bab565c9189f15d674eca1fe26268bd718124,low,False
SS-00853,animal_sound_0252.wav,audio data/animal_sound/animal_sound_0252.wav,animal_sound,Animal Sound,3.0,16000,1,PCM_16,96044,WAV,outdoor,digital microphone / synthetic,2-20m,original,train,2026-09-27 12:06:14,3041007724be57a5db0607ddbec98d40f2cbbc5947a980c8d086630225043c42,low,False
SS-00854,animal_sound_0253.wav,audio data/animal_sound/animal_sound_0253.wav,animal_sound,Animal Sound,3.0,16000,1,PCM_16,96044,WAV,outdoor,digital microphone / synthetic,2-20m,original,train,2026-09-27 12:06:14,e57e1334bcc4ab4ee3b8735bb873bcb758df8594d3ee42c5b860c227ca38c357,low,False
SS-00855,animal_sound_0254.wav,audio data/animal_sound/animal_sound_0254.wav,animal_sound,Animal Sound,3.0,16000,1,PCM_16,96044,WAV,outdoor,digital microphone / synthetic,2-20m,original,train,2026-09-27 12:06:14,e85e66c61c24bacc3e4067a863b581d212c5c21866f73f7257b91f72fb40836a,low,False
SS-00856,animal_sound_0255.wav,audio data/animal_sound/animal_sound_0255.wav,animal_sound,Animal Sound,3.0,16000,1,PCM_16,96044,WAV,outdoor,digital microphone / synthetic,2-20m,original,train,2026-09-27 12:06:14,b6fddb22637dc9e024648011da8d0e486f1ba74c5e60c503d39c227d6eac41c9,low,False
SS-00857,animal_sound_0256.wav,audio data/animal_sound/animal_sound_0256.wav,animal_sound,Animal Sound,3.0,16000,1,PCM_16,96044,WAV,outdoor,digital microphone / synthetic,2-20m,original,train,2026-09-27 12:06:14,47ec921e86a57fc09dbe9aef4c81b1eb58dfc4c9baa1258bb20427b15497f9ae,low,False
SS-00858,animal_sound_0257.wav,audio data/animal_sound/animal_sound_0257.wav,animal_sound,Animal Sound,3.0,16000,1,PCM_16,96044,WAV,outdoor,digital microphone / synthetic,2-20m,original,train,2026-09-27 12:06:14,874ae7d4b422980a4f110baa2716d82391b14bd2a833c8493b982b1fd8574b65,low,False
SS-00859,animal_sound_0258.wav,audio data/animal_sound/animal_sound_0258.wav,animal_sound,Animal Sound,3.0,16000,1,PCM_16,96044,WAV,outdoor,digital microphone / synthetic,2-20m,original,train,2026-09-27 12:06:14,952ea53cb81113c296f68b86365856a2684d346321c14e226d1ebbde664dc960,low,False
SS-00860,animal_sound_0259.wav,audio data/animal_sound/animal_sound_0259.wav,animal_sound,Animal Sound,3.0,16000,1,PCM_16,96044,WAV,outdoor,digital microphone / synthetic,2-20m,original,test,2026-09-27 12:06:14,cee880e25dc12d3fff7583de0f038d2e9d41c335db6f5041bc28dcea479de0fc,low,False
SS-00861,animal_sound_0260.wav,audio data/animal_sound/animal_sound_0260.wav,animal_sound,Animal Sound,3.0,16000,1,PCM_16,96044,WAV,outdoor,digital microphone / synthetic,2-20m,original,train,2026-09-27 12:06:14,1d309d915cd356d1a59f2ee91cd15827ae8a3e91f672de0452c1e4b3e2220faf,low,False
SS-00862,animal_sound_0261.wav,audio data/animal_sound/animal_sound_0261.wav,animal_sound,Animal Sound,3.0,16000,1,PCM_16,96044,WAV,outdoor,digital microphone / synthetic,2-20m,original,train,2026-09-27 12:06:14,8c95a9d0c968cf75a955c20dc30b78eff6c758889d9b52c8d7017fce179bb985,low,False
SS-00863,animal_sound_0262.wav,audio data/animal_sound/animal_sound_0262.wav,animal_sound,Animal Sound,3.0,16000,1,PCM_16,96044,WAV,outdoor,digital microphone / synthetic,2-20m,original,train,2026-09-27 12:06:14,5da0db1835639dbb2919893d3cbc69a92a3764697026cda8be421a4c8528059b,low,False
SS-00864,animal_sound_0263.wav,audio data/animal_sound/animal_sound_0263.wav,animal_sound,Animal Sound,3.0,16000,1,PCM_16,96044,WAV,outdoor,digital microphone / synthetic,2-20m,original,validation,2026-09-27 12:06:14,e5c7c8104338646c47244fbdc316a47d1094c62ed3c12882c2ec80d905459387,low,False
SS-00865,animal_sound_0264.wav,audio data/animal_sound/animal_sound_0264.wav,animal_sound,Animal Sound,3.0,16000,1,PCM_16,96044,WAV,outdoor,digital microphone / synthetic,2-20m,original,validation,2026-09-27 12:06:14,1de3d23c4c09dfbb168b22767dfcc558b23128a2ef7d098d006ec3fdb6974b3e,low,False
SS-00866,animal_sound_0265.wav,audio data/animal_sound/animal_sound_0265.wav,animal_sound,Animal Sound,3.0,16000,1,PCM_16,96044,WAV,outdoor,digital microphone / synthetic,2-20m,original,train,2026-09-27 12:06:14,83a9cee1274620e90d4c462ba7c6f1acfb67ae94588af4016bc7ca1edcaeb780,low,False
SS-00867,animal_sound_0266.wav,audio data/animal_sound/animal_sound_0266.wav,animal_sound,Animal Sound,3.0,16000,1,PCM_16,96044,WAV,outdoor,digital microphone / synthetic,2-20m,original,test,2026-09-27 12:06:14,cbd518ba98a6a2752102b9fce0c19b171b756b053ba29627ac685d1903e169fd,low,False
SS-00868,animal_sound_0267.wav,audio data/animal_sound/animal_sound_0267.wav,animal_sound,Animal Sound,3.0,16000,1,PCM_16,96044,WAV,outdoor,digital microphone / synthetic,2-20m,original,test,2026-09-27 12:06:14,38032388637b0da1f429f45c45a91b25bdf3ee7ded12169ac4df26dd8ac21466,low,False
SS-00869,animal_sound_0268.wav,audio data/animal_sound/animal_sound_0268.wav,animal_sound,Animal Sound,3.0,16000,1,PCM_16,96044,WAV,outdoor,digital microphone / synthetic,2-20m,original,train,2026-09-27 12:06:14,54ed8aad714c113c2d513c69b9f36ea85f9dfe0928d77c32279326aaf5b26382,low,False
SS-00870,animal_sound_0269.wav,audio data/animal_sound/animal_sound_0269.wav,animal_sound,Animal Sound,3.0,16000,1,PCM_16,96044,WAV,outdoor,digital microphone / synthetic,2-20m,original,train,2026-09-27 12:06:14,70a2d2e4fbf3e421545ed4fd1314f55758e584a28f31b2110acbc3ceef412648,low,False
SS-00871,animal_sound_0270.wav,audio data/animal_sound/animal_sound_0270.wav,animal_sound,Animal Sound,3.0,16000,1,PCM_16,96044,WAV,outdoor,digital microphone / synthetic,2-20m,original,train,2026-09-27 12:06:14,c9db0e94e9cd46fd8eef0dc1f342922887e82cd0b381408f7cb7f444c7de9dad,low,False
SS-00872,animal_sound_0271.wav,audio data/animal_sound/animal_sound_0271.wav,animal_sound,Animal Sound,3.0,16000,1,PCM_16,96044,WAV,outdoor,digital microphone / synthetic,2-20m,original,train,2026-09-27 12:06:14,5e16e6392aaba301beaf66808329734db48964c6f893d43b441c3efc6e1e26b2,low,False
SS-00873,animal_sound_0272.wav,audio data/animal_sound/animal_sound_0272.wav,animal_sound,Animal Sound,3.0,16000,1,PCM_16,96044,WAV,outdoor,digital microphone / synthetic,2-20m,original,test,2026-09-27 12:06:14,e910b6792332c182b71222e62fc58bbc309ab63367a90ac0bdee820b4a30c1c5,low,False
SS-00874,animal_sound_0273.wav,audio data/animal_sound/animal_sound_0273.wav,animal_sound,Animal Sound,3.0,16000,1,PCM_16,96044,WAV,outdoor,digital microphone / synthetic,2-20m,original,train,2026-09-27 12:06:14,30a411341564705945c12415455adfed6baeac1d15a523af758e274ac9f2bd06,low,False
SS-00875,animal_sound_0274.wav,audio data/animal_sound/animal_sound_0274.wav,animal_sound,Animal Sound,3.0,16000,1,PCM_16,96044,WAV,outdoor,digital microphone / synthetic,2-20m,original,train,2026-09-27 12:06:14,d82b150756e1b96b30440a30aafd85c2eb82bcd0870790849a7859c9de5c4015,low,False
SS-00876,animal_sound_0275.wav,audio data/animal_sound/animal_sound_0275.wav,animal_sound,Animal Sound,3.0,16000,1,PCM_16,96044,WAV,outdoor,digital microphone / synthetic,2-20m,original,train,2026-09-27 12:06:14,c0c514d1fd8f6edc55735f032c249f06185cea037cb2c5aec84b80fe2b1a64a1,low,False
SS-00877,animal_sound_0276.wav,audio data/animal_sound/animal_sound_0276.wav,animal_sound,Animal Sound,3.0,16000,1,PCM_16,96044,WAV,outdoor,digital microphone / synthetic,2-20m,original,validation,2026-09-27 12:06:14,c70aa34482f9c04b8065e3ad24e09a5f3d95c684d857ca3dd192f7c434cb91dd,low,False
SS-00878,animal_sound_0277.wav,audio data/animal_sound/animal_sound_0277.wav,animal_sound,Animal Sound,3.0,16000,1,PCM_16,96044,WAV,outdoor,digital microphone / synthetic,2-20m,original,validation,2026-09-27 12:06:14,efe79255a1ef0f4fdc8363a76db145dd3a9f7f60cc4a7752a4637bd34b5073fb,low,False
SS-00879,animal_sound_0278.wav,audio data/animal_sound/animal_sound_0278.wav,animal_sound,Animal Sound,3.0,16000,1,PCM_16,96044,WAV,outdoor,digital microphone / synthetic,2-20m,original,train,2026-09-27 12:06:14,b4c47c15270a243153cf7bd92144891981aa8e215670a9ca96c4370a80b02b10,low,False
SS-00880,animal_sound_0279.wav,audio data/animal_sound/animal_sound_0279.wav,animal_sound,Animal Sound,3.0,16000,1,PCM_16,96044,WAV,outdoor,digital microphone / synthetic,2-20m,original,train,2026-09-27 12:06:14,8ffc9cafb805b25dc41f48eaf66f53c287900d03f032ea66ffca6bcad8de9bba,low,False
SS-00881,animal_sound_0280.wav,audio data/animal_sound/animal_sound_0280.wav,animal_sound,Animal Sound,3.0,16000,1,PCM_16,96044,WAV,outdoor,digital microphone / synthetic,2-20m,original,train,2026-09-27 12:06:14,d305501595c65f751bfa0a3e06ab54a84729f710ea0f1e39d004821acdc66532,low,False
SS-00882,animal_sound_0281.wav,audio data/animal_sound/animal_sound_0281.wav,animal_sound,Animal Sound,3.0,16000,1,PCM_16,96044,WAV,outdoor,digital microphone / synthetic,2-20m,original,test,2026-09-27 12:06:14,81253b021ac4659ef3da63448524f76644b8260d4ffd0c265df852f3a163d250,low,False
SS-00883,animal_sound_0282.wav,audio data/animal_sound/animal_sound_0282.wav,animal_sound,Animal Sound,3.0,16000,1,PCM_16,96044,WAV,outdoor,digital microphone / synthetic,2-20m,original,train,2026-09-27 12:06:14,01339793eea11f9b5088e00f9ad0f70136ca74e6f55baf55dec792dee713b82b,low,False
SS-00884,animal_sound_0283.wav,audio data/animal_sound/animal_sound_0283.wav,animal_sound,Animal Sound,3.0,16000,1,PCM_16,96044,WAV,outdoor,digital microphone / synthetic,2-20m,original,validation,2026-09-27 12:06:14,4ada55aa3d833f8cdbee772ceab8d6dcf62aa642e35aa7565181a145e883516a,low,False
SS-00885,animal_sound_0284.wav,audio data/animal_sound/animal_sound_0284.wav,animal_sound,Animal Sound,3.0,16000,1,PCM_16,96044,WAV,outdoor,digital microphone / synthetic,2-20m,original,validation,2026-09-27 12:06:14,afb1fd2639d746d8d0d43d9bd8eed98cbf1771227efb842363de41d1e1bbbc63,low,False
SS-00886,animal_sound_0285.wav,audio data/animal_sound/animal_sound_0285.wav,animal_sound,Animal Sound,3.0,16000,1,PCM_16,96044,WAV,outdoor,digital microphone / synthetic,2-20m,original,validation,2026-09-27 12:06:14,a8f0d367e2ecc611828f7f03473701d0c715ba1d0300667e7e84b5082d43f496,low,False
SS-00887,animal_sound_0286.wav,audio data/animal_sound/animal_sound_0286.wav,animal_sound,Animal Sound,3.0,16000,1,PCM_16,96044,WAV,outdoor,digital microphone / synthetic,2-20m,original,train,2026-09-27 12:06:14,d3aed2d0f984d250ab8fb4c2cbae7c470dd60510fe33757f006c02a91d29b1ea,low,False
SS-00888,animal_sound_0287.wav,audio data/animal_sound/animal_sound_0287.wav,animal_sound,Animal Sound,3.0,16000,1,PCM_16,96044,WAV,outdoor,digital microphone / synthetic,2-20m,original,test,2026-09-27 12:06:14,7caf92f92ac9c7435cd31688427dda783419c6f9ea29e7c881137078308514ed,low,False
SS-00889,animal_sound_0288.wav,audio data/animal_sound/animal_sound_0288.wav,animal_sound,Animal Sound,3.0,16000,1,PCM_16,96044,WAV,outdoor,digital microphone / synthetic,2-20m,original,train,2026-09-27 12:06:14,35903c08c1371776708c973510f60544a426fe012ae059ab03f387d7fcb9340d,low,False
SS-00890,animal_sound_0289.wav,audio data/animal_sound/animal_sound_0289.wav,animal_sound,Animal Sound,3.0,16000,1,PCM_16,96044,WAV,outdoor,digital microphone / synthetic,2-20m,original,train,2026-09-27 12:06:14,34c2de28a06473ae23636beca2916faed4336baf8400c146e45b119ab005fa73,low,False
SS-00891,animal_sound_0290.wav,audio data/animal_sound/animal_sound_0290.wav,animal_sound,Animal Sound,3.0,16000,1,PCM_16,96044,WAV,outdoor,digital microphone / synthetic,2-20m,original,train,2026-09-27 12:06:14,bae36ef272f79c4fb7ff602759da086565dd8e28a445a02ee58b21581c080db7,low,False
SS-00892,animal_sound_0291.wav,audio data/animal_sound/animal_sound_0291.wav,animal_sound,Animal Sound,3.0,16000,1,PCM_16,96044,WAV,outdoor,digital microphone / synthetic,2-20m,original,train,2026-09-27 12:06:14,c3e71c6d3d81474f148df5b724b377b82c9b1d8fb114ebc41bd0ffab23f95d8c,low,False
SS-00893,animal_sound_0292.wav,audio data/animal_sound/animal_sound_0292.wav,animal_sound,Animal Sound,3.0,16000,1,PCM_16,96044,WAV,outdoor,digital microphone / synthetic,2-20m,original,validation,2026-09-27 12:06:14,7992baa045acc8c06b34ff0eb960e983b34a71f19c4b47dd9f8cc274aeb9a012,low,False
SS-00894,animal_sound_0293.wav,audio data/animal_sound/animal_sound_0293.wav,animal_sound,Animal Sound,3.0,16000,1,PCM_16,96044,WAV,outdoor,digital microphone / synthetic,2-20m,original,train,2026-09-27 12:06:14,0c9b7bf667efc8405329cac10dbbd0a665fe8f4c6e0c787301de9028108043cc,low,False
SS-00895,animal_sound_0294.wav,audio data/animal_sound/animal_sound_0294.wav,animal_sound,Animal Sound,3.0,16000,1,PCM_16,96044,WAV,outdoor,digital microphone / synthetic,2-20m,original,validation,2026-09-27 12:06:14,2aca7d61858e61628192d210e1f99994c669462c49e29f4d516fbc7a1440fbfd,low,False
SS-00896,animal_sound_0295.wav,audio data/animal_sound/animal_sound_0295.wav,animal_sound,Animal Sound,3.0,16000,1,PCM_16,96044,WAV,outdoor,digital microphone / synthetic,2-20m,original,validation,2026-09-27 12:06:14,b4be693661c4a7035420d4605b4d1a7c628899e1343d0fc5def64ee0f3ee8e28,low,False
SS-00897,animal_sound_0296.wav,audio data/animal_sound/animal_sound_0296.wav,animal_sound,Animal Sound,3.0,16000,1,PCM_16,96044,WAV,outdoor,digital microphone / synthetic,2-20m,original,train,2026-09-27 12:06:14,851019272c79bd28d71210efc2ba9eb67d2c33cf4e7eb5dbf1274a515fbf542a,low,False
SS-00898,animal_sound_0297.wav,audio data/animal_sound/animal_sound_0297.wav,animal_sound,Animal Sound,3.0,16000,1,PCM_16,96044,WAV,outdoor,digital microphone / synthetic,2-20m,original,train,2026-09-27 12:06:14,10fb67a312c6410f4c017a7418b66acde4a0ccd4a2b7f79c9c25f8b1e646f11f,low,False
SS-00899,animal_sound_0298.wav,audio data/animal_sound/animal_sound_0298.wav,animal_sound,Animal Sound,3.0,16000,1,PCM_16,96044,WAV,outdoor,digital microphone / synthetic,2-20m,original,train,2026-09-27 12:06:14,a70530056329718d96107c3040dc10db631301f67d6b5abb593aef11a2338e7f,low,False
SS-00900,animal_sound_0299.wav,audio data/animal_sound/animal_sound_0299.wav,animal_sound,Animal Sound,3.0,16000,1,PCM_16,96044,WAV,outdoor,digital microphone / synthetic,2-20m,original,train,2026-09-27 12:06:14,00a1011a7c563f54f377297492b14a7828ea3c2190c2e3a95d8837b7fca7db88,low,False
SS-00901,animal_sound_0300.wav,audio data/animal_sound/animal_sound_0300.wav,animal_sound,Animal Sound,3.0,16000,1,PCM_16,96044,WAV,outdoor,digital microphone / synthetic,2-20m,original,train,2026-09-27 12:06:14,4983f044773cd59b65ce2c369fde32208c586438a0b7be15fb3c515aacf885a9,low,False
SS-00902,background_noise_0001.wav,audio data/background_noise/background_noise_0001.wav,background_noise,Background Noise,3.0,16000,1,PCM_16,96044,WAV,mixed,digital microphone / synthetic,variable,original,train,2026-09-27 12:06:14,4ac6d2a7cb5bbbbfb64be16f780848bf48265e60ebb5777026d0ea8e75c75a82,informational,False
SS-00903,background_noise_0002.wav,audio data/background_noise/background_noise_0002.wav,background_noise,Background Noise,3.0,16000,1,PCM_16,96044,WAV,mixed,digital microphone / synthetic,variable,original,test,2026-09-27 12:06:14,e3c644fb21ad2224d2a99c00a3effdec93de0d63881dd670691c3bbf8dec7cf6,informational,False
SS-00904,background_noise_0003.wav,audio data/background_noise/background_noise_0003.wav,background_noise,Background Noise,3.0,16000,1,PCM_16,96044,WAV,mixed,digital microphone / synthetic,variable,original,train,2026-09-27 12:06:14,0cb011e529191ac835f3db9095d957f99259957ff927593233050309d5c55811,informational,False
SS-00905,background_noise_0004.wav,audio data/background_noise/background_noise_0004.wav,background_noise,Background Noise,3.0,16000,1,PCM_16,96044,WAV,mixed,digital microphone / synthetic,variable,original,train,2026-09-27 12:06:14,7ca70f43c6058f678e67b153bbc44b7ea7494e31aaa256a5e0d000695c27c776,informational,False
SS-00906,background_noise_0005.wav,audio data/background_noise/background_noise_0005.wav,background_noise,Background Noise,3.0,16000,1,PCM_16,96044,WAV,mixed,digital microphone / synthetic,variable,original,train,2026-09-27 12:06:14,ea68d3e1086aacdaba3ec8c36f287423b01ddd8d4de4ba0fc3f80cf609812e9d,informational,False
SS-00907,background_noise_0006.wav,audio data/background_noise/background_noise_0006.wav,background_noise,Background Noise,3.0,16000,1,PCM_16,96044,WAV,mixed,digital microphone / synthetic,variable,original,train,2026-09-27 12:06:14,5469f202a5437c32beddecd3655410bd12674d65ee7f2f786edc0fd22363d0c1,informational,False
SS-00908,background_noise_0007.wav,audio data/background_noise/background_noise_0007.wav,background_noise,Background Noise,3.0,16000,1,PCM_16,96044,WAV,mixed,digital microphone / synthetic,variable,original,train,2026-09-27 12:06:14,3356643518536ffa18c0c82fd19ab15c3c06e03fa9aa1d2da34faa2ecbab1e43,informational,False
SS-00909,background_noise_0008.wav,audio data/background_noise/background_noise_0008.wav,background_noise,Background Noise,3.0,16000,1,PCM_16,96044,WAV,mixed,digital microphone / synthetic,variable,original,train,2026-09-27 12:06:14,b88381dbec1a054fbb99b928fcf4925019ba20f02667f9f86ab3932ef4c5259a,informational,False
SS-00910,background_noise_0009.wav,audio data/background_noise/background_noise_0009.wav,background_noise,Background Noise,3.0,16000,1,PCM_16,96044,WAV,mixed,digital microphone / synthetic,variable,original,train,2026-09-27 12:06:14,28bbaa5ebcca370d941ba95599a7e418c06e8953b070d54c2e043041812334b2,informational,False
SS-00911,background_noise_0010.wav,audio data/background_noise/background_noise_0010.wav,background_noise,Background Noise,3.0,16000,1,PCM_16,96044,WAV,mixed,digital microphone / synthetic,variable,original,train,2026-09-27 12:06:14,d55027e7973e666ad6f6840ac13aa6ef0a3721e0f3b3a6cbb0f3fe54d4008135,informational,False
SS-00912,background_noise_0011.wav,audio data/background_noise/background_noise_0011.wav,background_noise,Background Noise,3.0,16000,1,PCM_16,96044,WAV,mixed,digital microphone / synthetic,variable,original,train,2026-09-27 12:06:14,5f9d4462629a5edfeb5ed6abe1c73d6a486b8a63613300c69e61f2c205315ff6,informational,False
SS-00913,background_noise_0012.wav,audio data/background_noise/background_noise_0012.wav,background_noise,Background Noise,3.0,16000,1,PCM_16,96044,WAV,mixed,digital microphone / synthetic,variable,original,train,2026-09-27 12:06:14,f342004d651249e933be36072acfe6b5753907d2b92ff32f200f24e1ef6cd76c,informational,False
SS-00914,background_noise_0013.wav,audio data/background_noise/background_noise_0013.wav,background_noise,Background Noise,3.0,16000,1,PCM_16,96044,WAV,mixed,digital microphone / synthetic,variable,original,train,2026-09-27 12:06:14,c1903ecd22a890b299f1dc9e5488494ba9ffda3861d2933ccf14346098643520,informational,False
SS-00915,background_noise_0014.wav,audio data/background_noise/background_noise_0014.wav,background_noise,Background Noise,3.0,16000,1,PCM_16,96044,WAV,mixed,digital microphone / synthetic,variable,original,train,2026-09-27 12:06:14,86ad1ab17304fc5e26d3e1d89027d130f6d01e7cc1d37e0f8fd3791bf39c782c,informational,False
SS-00916,background_noise_0015.wav,audio data/background_noise/background_noise_0015.wav,background_noise,Background Noise,3.0,16000,1,PCM_16,96044,WAV,mixed,digital microphone / synthetic,variable,original,train,2026-09-27 12:06:14,ef09392ab0a6a0e2e834de41f880364d89eb71334f80fa2ae2a85760981e486c,informational,False
SS-00917,background_noise_0016.wav,audio data/background_noise/background_noise_0016.wav,background_noise,Background Noise,3.0,16000,1,PCM_16,96044,WAV,mixed,digital microphone / synthetic,variable,original,validation,2026-09-27 12:06:14,fbbbfbb677653c12225e9a9d5c5fe695ed35df49057107ed02cda7a466c6005c,informational,False
SS-00918,background_noise_0017.wav,audio data/background_noise/background_noise_0017.wav,background_noise,Background Noise,3.0,16000,1,PCM_16,96044,WAV,mixed,digital microphone / synthetic,variable,original,test,2026-09-27 12:06:14,9d901724e8091a098acc5e0fb77d676d0c8b666cf9cdfbd87f32af6d4d2dc132,informational,False
SS-00919,background_noise_0018.wav,audio data/background_noise/background_noise_0018.wav,background_noise,Background Noise,3.0,16000,1,PCM_16,96044,WAV,mixed,digital microphone / synthetic,variable,original,train,2026-09-27 12:06:14,d15c4e4f17c51cde88910dafdf3b7665a898756ea1b48b20f8cf396d2ec9a590,informational,False
SS-00920,background_noise_0019.wav,audio data/background_noise/background_noise_0019.wav,background_noise,Background Noise,3.0,16000,1,PCM_16,96044,WAV,mixed,digital microphone / synthetic,variable,original,validation,2026-09-27 12:06:14,45f4c8bb2c6f5d348434ede92cefc3a26be8b705ab2121873402fa477c335254,informational,False
SS-00921,background_noise_0020.wav,audio data/background_noise/background_noise_0020.wav,background_noise,Background Noise,3.0,16000,1,PCM_16,96044,WAV,mixed,digital microphone / synthetic,variable,original,train,2026-09-27 12:06:14,de0619e197cb2044bbf4dc8e33e36353ad87b2c56d3636ee06ba20dbc123307c,informational,False
SS-00922,background_noise_0021.wav,audio data/background_noise/background_noise_0021.wav,background_noise,Background Noise,3.0,16000,1,PCM_16,96044,WAV,mixed,digital microphone / synthetic,variable,original,validation,2026-09-27 12:06:14,db483e4bc7caf4c67b9ff79904a40229f58f4cb6ead2681f2ad89a167c5f421b,informational,False
SS-00923,background_noise_0022.wav,audio data/background_noise/background_noise_0022.wav,background_noise,Background Noise,3.0,16000,1,PCM_16,96044,WAV,mixed,digital microphone / synthetic,variable,original,train,2026-09-27 12:06:14,e0a801619ff5a889890bffe8413ab253063d6002df763f44ce9e00c038cbc148,informational,False
SS-00924,background_noise_0023.wav,audio data/background_noise/background_noise_0023.wav,background_noise,Background Noise,3.0,16000,1,PCM_16,96044,WAV,mixed,digital microphone / synthetic,variable,original,train,2026-09-27 12:06:14,eb1c0c83d52fdbee03355cd96af6b83f2d3f194019bc5654eba52dc60c1388f9,informational,False
SS-00925,background_noise_0024.wav,audio data/background_noise/background_noise_0024.wav,background_noise,Background Noise,3.0,16000,1,PCM_16,96044,WAV,mixed,digital microphone / synthetic,variable,original,train,2026-09-27 12:06:14,9c121c88c7225fa0aa4ac29bcd1b96c3af710fdc8909d857bf59dcd4e151cfd5,informational,False
SS-00926,background_noise_0025.wav,audio data/background_noise/background_noise_0025.wav,background_noise,Background Noise,3.0,16000,1,PCM_16,96044,WAV,mixed,digital microphone / synthetic,variable,original,train,2026-09-27 12:06:14,442ac37ad17610d600a044405e05343d1e21fc4c319fdf525c9adde732651784,informational,False
SS-00927,background_noise_0026.wav,audio data/background_noise/background_noise_0026.wav,background_noise,Background Noise,3.0,16000,1,PCM_16,96044,WAV,mixed,digital microphone / synthetic,variable,original,train,2026-09-27 12:06:14,c8fdcde968f2e262049447ffe58d1a7cb5f61c1ba66f1e5212c55bb446082d91,informational,False
SS-00928,background_noise_0027.wav,audio data/background_noise/background_noise_0027.wav,background_noise,Background Noise,3.0,16000,1,PCM_16,96044,WAV,mixed,digital microphone / synthetic,variable,original,train,2026-09-27 12:06:14,922c7520493c41e46deaac365f9c0ba5e225738fbe6dd0e7723c0caf4dd60120,informational,False
SS-00929,background_noise_0028.wav,audio data/background_noise/background_noise_0028.wav,background_noise,Background Noise,3.0,16000,1,PCM_16,96044,WAV,mixed,digital microphone / synthetic,variable,original,test,2026-09-27 12:06:14,6175f016b1663704fd1aab2d4fa4c004b3a7724d8506efe4e2d91975b6dc7fda,informational,False
SS-00930,background_noise_0029.wav,audio data/background_noise/background_noise_0029.wav,background_noise,Background Noise,3.0,16000,1,PCM_16,96044,WAV,mixed,digital microphone / synthetic,variable,original,train,2026-09-27 12:06:14,fd57dacbd09221cf56e3b497f6824db64145b1a80486f835b6e6363d60e73908,informational,False
SS-00931,background_noise_0030.wav,audio data/background_noise/background_noise_0030.wav,background_noise,Background Noise,3.0,16000,1,PCM_16,96044,WAV,mixed,digital microphone / synthetic,variable,original,validation,2026-09-27 12:06:14,216b0e3d7e2aaf1e3608e8ad5d8211d7bc1bdea2440ec3babe02690e2825932e,informational,False
SS-00932,background_noise_0031.wav,audio data/background_noise/background_noise_0031.wav,background_noise,Background Noise,3.0,16000,1,PCM_16,96044,WAV,mixed,digital microphone / synthetic,variable,original,test,2026-09-27 12:06:14,1de7e05a71a83ef6f937f4d290f4331fd24f462e09338ba04c8e9770b72c24e7,informational,False
SS-00933,background_noise_0032.wav,audio data/background_noise/background_noise_0032.wav,background_noise,Background Noise,3.0,16000,1,PCM_16,96044,WAV,mixed,digital microphone / synthetic,variable,original,validation,2026-09-27 12:06:14,dfbd5f9252ddf95ca577a00d9808461e6e782e15288a03e6c9c92d249c828719,informational,False
SS-00934,background_noise_0033.wav,audio data/background_noise/background_noise_0033.wav,background_noise,Background Noise,3.0,16000,1,PCM_16,96044,WAV,mixed,digital microphone / synthetic,variable,original,train,2026-09-27 12:06:14,659be7f71464f75b47739ce97657a9245bab745a3ad48db59792ae9b290e64ec,informational,False
SS-00935,background_noise_0034.wav,audio data/background_noise/background_noise_0034.wav,background_noise,Background Noise,3.0,16000,1,PCM_16,96044,WAV,mixed,digital microphone / synthetic,variable,original,test,2026-09-27 12:06:14,baa1921e91bb55713a1434174fd0567dba4100f978a1c0f3cba644715563e3b0,informational,False
SS-00936,background_noise_0035.wav,audio data/background_noise/background_noise_0035.wav,background_noise,Background Noise,3.0,16000,1,PCM_16,96044,WAV,mixed,digital microphone / synthetic,variable,original,train,2026-09-27 12:06:14,54567a35e9e90f4297df29e6eb05af049c4af59808e50e95ffe17c249b9f5246,informational,False
SS-00937,background_noise_0036.wav,audio data/background_noise/background_noise_0036.wav,background_noise,Background Noise,3.0,16000,1,PCM_16,96044,WAV,mixed,digital microphone / synthetic,variable,original,train,2026-09-27 12:06:14,0514ad8cd203447cf1c7f6c64cafb16779b96a4d99e16a195712fb081b99f166,informational,False
SS-00938,background_noise_0037.wav,audio data/background_noise/background_noise_0037.wav,background_noise,Background Noise,3.0,16000,1,PCM_16,96044,WAV,mixed,digital microphone / synthetic,variable,original,test,2026-09-27 12:06:14,a5676554d445725818ea27073a34784cdec13b569cd72bb49cbbfc55ff02a192,informational,False
SS-00939,background_noise_0038.wav,audio data/background_noise/background_noise_0038.wav,background_noise,Background Noise,3.0,16000,1,PCM_16,96044,WAV,mixed,digital microphone / synthetic,variable,original,test,2026-09-27 12:06:14,d5943546214c6ab86ded649b34dda57652467c40f87f2551fceaddcccbbcb445,informational,False
SS-00940,background_noise_0039.wav,audio data/background_noise/background_noise_0039.wav,background_noise,Background Noise,3.0,16000,1,PCM_16,96044,WAV,mixed,digital microphone / synthetic,variable,original,test,2026-09-27 12:06:14,4ee581ec350d04bc63ccc94d4d7d923a1c943a8c7429cd15f25af3449caab7b3,informational,False
SS-00941,background_noise_0040.wav,audio data/background_noise/background_noise_0040.wav,background_noise,Background Noise,3.0,16000,1,PCM_16,96044,WAV,mixed,digital microphone / synthetic,variable,original,train,2026-09-27 12:06:14,fba6d91a9ffdfe8d3dc4f4030c986516388cbcaa4b468e0e7bd04b1f71817e67,informational,False
SS-00942,background_noise_0041.wav,audio data/background_noise/background_noise_0041.wav,background_noise,Background Noise,3.0,16000,1,PCM_16,96044,WAV,mixed,digital microphone / synthetic,variable,original,train,2026-09-27 12:06:14,14a2b900fa35fe12246492b49ca0585da07f71519ac67ec4ecc054ab2e2c7e82,informational,False
SS-00943,background_noise_0042.wav,audio data/background_noise/background_noise_0042.wav,background_noise,Background Noise,3.0,16000,1,PCM_16,96044,WAV,mixed,digital microphone / synthetic,variable,original,test,2026-09-27 12:06:14,17af01247ba509b6122880baf4ca04e8439b8024370a3c753daa56987a42306c,informational,False
SS-00944,background_noise_0043.wav,audio data/background_noise/background_noise_0043.wav,background_noise,Background Noise,3.0,16000,1,PCM_16,96044,WAV,mixed,digital microphone / synthetic,variable,original,validation,2026-09-27 12:06:14,2d9c784ed876883bbe0d78bb0d76d1b8a0378c46d8e36ab725c59f1f7bb0f1f2,informational,False
SS-00945,background_noise_0044.wav,audio data/background_noise/background_noise_0044.wav,background_noise,Background Noise,3.0,16000,1,PCM_16,96044,WAV,mixed,digital microphone / synthetic,variable,original,test,2026-09-27 12:06:14,961d756e8b9998e665b7cbfeb30d91126a0cf8298f979ae0f043a0be9eaeadfc,informational,False
SS-00946,background_noise_0045.wav,audio data/background_noise/background_noise_0045.wav,background_noise,Background Noise,3.0,16000,1,PCM_16,96044,WAV,mixed,digital microphone / synthetic,variable,original,train,2026-09-27 12:06:14,f16f5142fcec98235c230bcf72db04ec289a0605477bb9b2ead321d83e5b341f,informational,False
SS-00947,background_noise_0046.wav,audio data/background_noise/background_noise_0046.wav,background_noise,Background Noise,3.0,16000,1,PCM_16,96044,WAV,mixed,digital microphone / synthetic,variable,original,train,2026-09-27 12:06:14,bfa66aefa468727feea9ffa334a17f210de525dc306256815b6a674fac6a1141,informational,False
SS-00948,background_noise_0047.wav,audio data/background_noise/background_noise_0047.wav,background_noise,Background Noise,3.0,16000,1,PCM_16,96044,WAV,mixed,digital microphone / synthetic,variable,original,train,2026-09-27 12:06:14,42e9ad0284ddc032c5d1742f71774270e3bc40522fa3277261381d6d5be7385e,informational,False
SS-00949,background_noise_0048.wav,audio data/background_noise/background_noise_0048.wav,background_noise,Background Noise,3.0,16000,1,PCM_16,96044,WAV,mixed,digital microphone / synthetic,variable,original,train,2026-09-27 12:06:14,ff3ac7244fedd50132ca2780f2b4d1a90a40ff273ef7de76fb8c9c3232532a0e,informational,False
SS-00950,background_noise_0049.wav,audio data/background_noise/background_noise_0049.wav,background_noise,Background Noise,3.0,16000,1,PCM_16,96044,WAV,mixed,digital microphone / synthetic,variable,original,train,2026-09-27 12:06:14,03ac1d6dd1fb8021ca313575d83bb45bc185887896de006dd40d1e2f6d24214a,informational,False
SS-00951,background_noise_0050.wav,audio data/background_noise/background_noise_0050.wav,background_noise,Background Noise,3.0,16000,1,PCM_16,96044,WAV,mixed,digital microphone / synthetic,variable,original,train,2026-09-27 12:06:14,9353a778bb818f896c48df110d68dc0bd6a22f07cb553bd733d9fc1c4a9a7d83,informational,False
SS-00952,background_noise_0051.wav,audio data/background_noise/background_noise_0051.wav,background_noise,Background Noise,3.0,16000,1,PCM_16,96044,WAV,mixed,digital microphone / synthetic,variable,original,test,2026-09-27 12:06:14,ddef27540c95e0196bb091468efe124df7dedb51649e773a5a067c53f2c4fab1,informational,False
SS-00953,background_noise_0052.wav,audio data/background_noise/background_noise_0052.wav,background_noise,Background Noise,3.0,16000,1,PCM_16,96044,WAV,mixed,digital microphone / synthetic,variable,original,train,2026-09-27 12:06:14,d984f6d30045e2550ce66ada4c41645c1be024a17ac3fa5f25ec779b56bf1501,informational,False
SS-00954,background_noise_0053.wav,audio data/background_noise/background_noise_0053.wav,background_noise,Background Noise,3.0,16000,1,PCM_16,96044,WAV,mixed,digital microphone / synthetic,variable,original,train,2026-09-27 12:06:14,9d9f0fd1638b5bb0f07640c050193ce6f5e94f966a3668edec0424ca2abaa44c,informational,False
SS-00955,background_noise_0054.wav,audio data/background_noise/background_noise_0054.wav,background_noise,Background Noise,3.0,16000,1,PCM_16,96044,WAV,mixed,digital microphone / synthetic,variable,original,train,2026-09-27 12:06:14,0216c505cfbbb3a2f2a4016ccf241920db3a18438939c04352cb4a7a3f9c75d6,informational,False
SS-00956,background_noise_0055.wav,audio data/background_noise/background_noise_0055.wav,background_noise,Background Noise,3.0,16000,1,PCM_16,96044,WAV,mixed,digital microphone / synthetic,variable,original,train,2026-09-27 12:06:14,74b57913e983e9f68d58627c52dd406af4866e0447dde05084fd26e0bb1c2170,informational,False
SS-00957,background_noise_0056.wav,audio data/background_noise/background_noise_0056.wav,background_noise,Background Noise,3.0,16000,1,PCM_16,96044,WAV,mixed,digital microphone / synthetic,variable,original,train,2026-09-27 12:06:14,382765d8e320349441e4c68a08d80449b427e71f54e2142465db672a9726e123,informational,False
SS-00958,background_noise_0057.wav,audio data/background_noise/background_noise_0057.wav,background_noise,Background Noise,3.0,16000,1,PCM_16,96044,WAV,mixed,digital microphone / synthetic,variable,original,train,2026-09-27 12:06:14,45e45fadacdb794815ddce34db4d3668a85ba45f15590f7a1971906019a837bf,informational,False
SS-00959,background_noise_0058.wav,audio data/background_noise/background_noise_0058.wav,background_noise,Background Noise,3.0,16000,1,PCM_16,96044,WAV,mixed,digital microphone / synthetic,variable,original,validation,2026-09-27 12:06:14,ee2caa08361d2aacf4e1b5e7c024f91be73e7d0c505a0d805c65d153dbdfe4a8,informational,False
SS-00960,background_noise_0059.wav,audio data/background_noise/background_noise_0059.wav,background_noise,Background Noise,3.0,16000,1,PCM_16,96044,WAV,mixed,digital microphone / synthetic,variable,original,train,2026-09-27 12:06:14,ac4e3572a77610df710904eeb7403512a76dc6d5183cc74016c348981b2eac71,informational,False
SS-00961,background_noise_0060.wav,audio data/background_noise/background_noise_0060.wav,background_noise,Background Noise,3.0,16000,1,PCM_16,96044,WAV,mixed,digital microphone / synthetic,variable,original,validation,2026-09-27 12:06:14,d6303a0503910b32b58d23b0ebff7b26469197283e97e6616ef52e622610c51d,informational,False
SS-00962,background_noise_0061.wav,audio data/background_noise/background_noise_0061.wav,background_noise,Background Noise,3.0,16000,1,PCM_16,96044,WAV,mixed,digital microphone / synthetic,variable,original,test,2026-09-27 12:06:14,aa7dec8d41b31c0f69d4fd1d549c9df2d0dc5e8a8ff6b6c99caa02cd3d9e53d9,informational,False
SS-00963,background_noise_0062.wav,audio data/background_noise/background_noise_0062.wav,background_noise,Background Noise,3.0,16000,1,PCM_16,96044,WAV,mixed,digital microphone / synthetic,variable,original,train,2026-09-27 12:06:14,575bb7d9adfb8502e82b0d81725a9d67d7ca9188b717f5aea9bea20cb0bcc152,informational,False
SS-00964,background_noise_0063.wav,audio data/background_noise/background_noise_0063.wav,background_noise,Background Noise,3.0,16000,1,PCM_16,96044,WAV,mixed,digital microphone / synthetic,variable,original,train,2026-09-27 12:06:14,912ed29b61e67b0119cb677ad3ee2363b1caab30b1c3c4474768db00dc643048,informational,False
SS-00965,background_noise_0064.wav,audio data/background_noise/background_noise_0064.wav,background_noise,Background Noise,3.0,16000,1,PCM_16,96044,WAV,mixed,digital microphone / synthetic,variable,original,train,2026-09-27 12:06:14,cc575aef6edb7d5b0b32f694182daf4fc42a48b188b92886e18af58b60bcd781,informational,False
SS-00966,background_noise_0065.wav,audio data/background_noise/background_noise_0065.wav,background_noise,Background Noise,3.0,16000,1,PCM_16,96044,WAV,mixed,digital microphone / synthetic,variable,original,train,2026-09-27 12:06:14,4862d5e78d1b1b51424565ea5638280ce875660ebbefb2041f8616e0bb704bc6,informational,False
SS-00967,background_noise_0066.wav,audio data/background_noise/background_noise_0066.wav,background_noise,Background Noise,3.0,16000,1,PCM_16,96044,WAV,mixed,digital microphone / synthetic,variable,original,train,2026-09-27 12:06:14,fc700d14982ca6c03a1583cb94c5adb5283de66ce13ef514c8cd62a2472607d1,informational,False
SS-00968,background_noise_0067.wav,audio data/background_noise/background_noise_0067.wav,background_noise,Background Noise,3.0,16000,1,PCM_16,96044,WAV,mixed,digital microphone / synthetic,variable,original,train,2026-09-27 12:06:14,7ca85c4edc0bdea310065c83cec2d5f9a547ebea1a9dd41a917d51e236f70fa6,informational,False
SS-00969,background_noise_0068.wav,audio data/background_noise/background_noise_0068.wav,background_noise,Background Noise,3.0,16000,1,PCM_16,96044,WAV,mixed,digital microphone / synthetic,variable,original,validation,2026-09-27 12:06:14,40343641f39324ba3d1c70ab38f18cc2a9e8447fe1504ce3af188598f68e5aa9,informational,False
SS-00970,background_noise_0069.wav,audio data/background_noise/background_noise_0069.wav,background_noise,Background Noise,3.0,16000,1,PCM_16,96044,WAV,mixed,digital microphone / synthetic,variable,original,validation,2026-09-27 12:06:14,2d35e3e8c7e25a3cee463631d2dab9f506f308dee5727396ea21daf95b522166,informational,False
SS-00971,background_noise_0070.wav,audio data/background_noise/background_noise_0070.wav,background_noise,Background Noise,3.0,16000,1,PCM_16,96044,WAV,mixed,digital microphone / synthetic,variable,original,validation,2026-09-27 12:06:14,7587c0da38867b278f70c0f5d7ca86fdf6208b264f8fc685f776aeda0350e5d9,informational,False
SS-00972,background_noise_0071.wav,audio data/background_noise/background_noise_0071.wav,background_noise,Background Noise,3.0,16000,1,PCM_16,96044,WAV,mixed,digital microphone / synthetic,variable,original,train,2026-09-27 12:06:14,331e0f1aa660465ec00dc5ce050b75afb0fb2245b910c1a14de76a17ca50e4ba,informational,False
SS-00973,background_noise_0072.wav,audio data/background_noise/background_noise_0072.wav,background_noise,Background Noise,3.0,16000,1,PCM_16,96044,WAV,mixed,digital microphone / synthetic,variable,original,train,2026-09-27 12:06:14,83f886409d4d7840c005b671c8b970321aba8818131678ba9d5413770fdaf0c2,informational,False
SS-00974,background_noise_0073.wav,audio data/background_noise/background_noise_0073.wav,background_noise,Background Noise,3.0,16000,1,PCM_16,96044,WAV,mixed,digital microphone / synthetic,variable,original,train,2026-09-27 12:06:14,915614e404c6444c49f6535c2def2a3996101fbc60a1c9c7aae407f0e4d725d6,informational,False
SS-00975,background_noise_0074.wav,audio data/background_noise/background_noise_0074.wav,background_noise,Background Noise,3.0,16000,1,PCM_16,96044,WAV,mixed,digital microphone / synthetic,variable,original,validation,2026-09-27 12:06:14,4bcf3686af25a9ef794e54b544066c84b69514b5e5cde00ea26a625d77b7d706,informational,False
SS-00976,background_noise_0075.wav,audio data/background_noise/background_noise_0075.wav,background_noise,Background Noise,3.0,16000,1,PCM_16,96044,WAV,mixed,digital microphone / synthetic,variable,original,train,2026-09-27 12:06:14,0200cd86cd29d1dc811341acef1789952ea5d10b4ccfaa4178513d09e286bffd,informational,False
SS-00977,background_noise_0076.wav,audio data/background_noise/background_noise_0076.wav,background_noise,Background Noise,3.0,16000,1,PCM_16,96044,WAV,mixed,digital microphone / synthetic,variable,original,train,2026-09-27 12:06:14,4a6755321323295ca6ad0b801e3f3f9804da1d267de04c8d7f8c4570a0fb5a15,informational,False
SS-00978,background_noise_0077.wav,audio data/background_noise/background_noise_0077.wav,background_noise,Background Noise,3.0,16000,1,PCM_16,96044,WAV,mixed,digital microphone / synthetic,variable,original,test,2026-09-27 12:06:14,9d6724d0e83d56e77b41e47b5d598ffe4eb1e438978da0190ff15d53026d60f1,informational,False
SS-00979,background_noise_0078.wav,audio data/background_noise/background_noise_0078.wav,background_noise,Background Noise,3.0,16000,1,PCM_16,96044,WAV,mixed,digital microphone / synthetic,variable,original,test,2026-09-27 12:06:14,8060948ac4b5f5d5a426e9a19750992d4f6c58d911ce8bd9d2a90908405eb363,informational,False
SS-00980,background_noise_0079.wav,audio data/background_noise/background_noise_0079.wav,background_noise,Background Noise,3.0,16000,1,PCM_16,96044,WAV,mixed,digital microphone / synthetic,variable,original,validation,2026-09-27 12:06:14,202d6b704c906c928ded8c11c66cced787e75f94d933f6a9bd7f80521b09f9e2,informational,False
SS-00981,background_noise_0080.wav,audio data/background_noise/background_noise_0080.wav,background_noise,Background Noise,3.0,16000,1,PCM_16,96044,WAV,mixed,digital microphone / synthetic,variable,original,train,2026-09-27 12:06:14,45ebf323e33811696957d19d01b956f73988c0f2b77b341e88f910fe25e4c8d7,informational,False
SS-00982,background_noise_0081.wav,audio data/background_noise/background_noise_0081.wav,background_noise,Background Noise,3.0,16000,1,PCM_16,96044,WAV,mixed,digital microphone / synthetic,variable,original,test,2026-09-27 12:06:14,30c93d53c8dd64d94f39c4f9f0a9566dcddcc5ab96c374533bf2c62e73700b0b,informational,False
SS-00983,background_noise_0082.wav,audio data/background_noise/background_noise_0082.wav,background_noise,Background Noise,3.0,16000,1,PCM_16,96044,WAV,mixed,digital microphone / synthetic,variable,original,train,2026-09-27 12:06:14,e1ed3bd839f8fe6ab39ba65376bf8b7206660f6eca0a0edb5f166c64fd8e3993,informational,False
SS-00984,background_noise_0083.wav,audio data/background_noise/background_noise_0083.wav,background_noise,Background Noise,3.0,16000,1,PCM_16,96044,WAV,mixed,digital microphone / synthetic,variable,original,train,2026-09-27 12:06:14,bde930d7b532c7f0981d237af14efd80fc7a7eb071dfee129974d7f7be2ff467,informational,False
SS-00985,background_noise_0084.wav,audio data/background_noise/background_noise_0084.wav,background_noise,Background Noise,3.0,16000,1,PCM_16,96044,WAV,mixed,digital microphone / synthetic,variable,original,train,2026-09-27 12:06:14,804b47c7af3f547404b90ba594ac287ed51a68bd86b40c1ee0973c0cefdeade2,informational,False
SS-00986,background_noise_0085.wav,audio data/background_noise/background_noise_0085.wav,background_noise,Background Noise,3.0,16000,1,PCM_16,96044,WAV,mixed,digital microphone / synthetic,variable,original,train,2026-09-27 12:06:14,1cd3e18bf3cdf8cec4e6f1e8e991b6a3525724eea915e93e179eaac738756aa7,informational,False
SS-00987,background_noise_0086.wav,audio data/background_noise/background_noise_0086.wav,background_noise,Background Noise,3.0,16000,1,PCM_16,96044,WAV,mixed,digital microphone / synthetic,variable,original,train,2026-09-27 12:06:14,aa69c9d6b74ce2a913a7fbf1f82291222b79a3921ee6b8b958ec60c955e169a1,informational,False
SS-00988,background_noise_0087.wav,audio data/background_noise/background_noise_0087.wav,background_noise,Background Noise,3.0,16000,1,PCM_16,96044,WAV,mixed,digital microphone / synthetic,variable,original,train,2026-09-27 12:06:14,e4a51772aad27c1c2c34680a200d7eeb991d6eb863a8426d8ff1aa244b8a4716,informational,False
SS-00989,background_noise_0088.wav,audio data/background_noise/background_noise_0088.wav,background_noise,Background Noise,3.0,16000,1,PCM_16,96044,WAV,mixed,digital microphone / synthetic,variable,original,train,2026-09-27 12:06:14,90d0307fde7c7baec13e4a2fbff223b406833836f7d6766353ce22d5a9a844d9,informational,False
SS-00990,background_noise_0089.wav,audio data/background_noise/background_noise_0089.wav,background_noise,Background Noise,3.0,16000,1,PCM_16,96044,WAV,mixed,digital microphone / synthetic,variable,original,test,2026-09-27 12:06:14,4b4e63f7f82c507f309a1a08223fddd6581cd9ade59cea2c493e9d1ffd9ea187,informational,False
SS-00991,background_noise_0090.wav,audio data/background_noise/background_noise_0090.wav,background_noise,Background Noise,3.0,16000,1,PCM_16,96044,WAV,mixed,digital microphone / synthetic,variable,original,train,2026-09-27 12:06:14,0116825b15a36aa90eb588945a10af06868ea671859a73348b563b3f47ac4aa2,informational,False
SS-00992,background_noise_0091.wav,audio data/background_noise/background_noise_0091.wav,background_noise,Background Noise,3.0,16000,1,PCM_16,96044,WAV,mixed,digital microphone / synthetic,variable,original,train,2026-09-27 12:06:14,fd2493a8cd84ae06c61487ec05cbe292e1fed13fa60e03dc0736dd8d0abde516,informational,False
SS-00993,background_noise_0092.wav,audio data/background_noise/background_noise_0092.wav,background_noise,Background Noise,3.0,16000,1,PCM_16,96044,WAV,mixed,digital microphone / synthetic,variable,original,train,2026-09-27 12:06:14,a61f6ec694b2f6750720f1233bc40a862d31f230549095fb27545d1c76cb2343,informational,False
SS-00994,background_noise_0093.wav,audio data/background_noise/background_noise_0093.wav,background_noise,Background Noise,3.0,16000,1,PCM_16,96044,WAV,mixed,digital microphone / synthetic,variable,original,train,2026-09-27 12:06:14,933dd32aeff706e756c39510d50b63ec564bb9df6d711304c6854e60096da2e5,informational,False
SS-00995,background_noise_0094.wav,audio data/background_noise/background_noise_0094.wav,background_noise,Background Noise,3.0,16000,1,PCM_16,96044,WAV,mixed,digital microphone / synthetic,variable,original,train,2026-09-27 12:06:14,f6554ba034466bbaf95306774f5b423fe4ca8ad6041650059f6f61f5058afc9e,informational,False
SS-00996,background_noise_0095.wav,audio data/background_noise/background_noise_0095.wav,background_noise,Background Noise,3.0,16000,1,PCM_16,96044,WAV,mixed,digital microphone / synthetic,variable,original,train,2026-09-27 12:06:14,43e1c1d1281f7a9e8ae7ea45b6007093df3ad8446759010dd788c513b29b32a2,informational,False
SS-00997,background_noise_0096.wav,audio data/background_noise/background_noise_0096.wav,background_noise,Background Noise,3.0,16000,1,PCM_16,96044,WAV,mixed,digital microphone / synthetic,variable,original,train,2026-09-27 12:06:14,aa78b47e00b19d7476e06a92445d3c95becd66f84da6662e4002a6fcb9251b3a,informational,False
SS-00998,background_noise_0097.wav,audio data/background_noise/background_noise_0097.wav,background_noise,Background Noise,3.0,16000,1,PCM_16,96044,WAV,mixed,digital microphone / synthetic,variable,original,train,2026-09-27 12:06:14,861644de4b8f2e3be8586df193b61f51efd1649545fc4e4d2f92cba7921efdea,informational,False
SS-00999,background_noise_0098.wav,audio data/background_noise/background_noise_0098.wav,background_noise,Background Noise,3.0,16000,1,PCM_16,96044,WAV,mixed,digital microphone / synthetic,variable,original,train,2026-09-27 12:06:14,c109253e58012f2823991f72b9b13b994046a677bb9bd79ebb1ae62def4a2e38,informational,False
SS-01000,background_noise_0099.wav,audio data/background_noise/background_noise_0099.wav,background_noise,Background Noise,3.0,16000,1,PCM_16,96044,WAV,mixed,digital microphone / synthetic,variable,original,train,2026-09-27 12:06:14,9b78ebe1d1bdb4deeee5b60f1985feebd9bcb0e86fa198138a0c2bee6a1f4b71,informational,False
SS-01001,background_noise_0100.wav,audio data/background_noise/background_noise_0100.wav,background_noise,Background Noise,3.0,16000,1,PCM_16,96044,WAV,mixed,digital microphone / synthetic,variable,original,train,2026-09-27 12:06:14,117d972807cb1ae5290543845fc35b5f576ab046e1c365ad3d74afdb6a0b5c29,informational,False
SS-01002,background_noise_0101.wav,audio data/background_noise/background_noise_0101.wav,background_noise,Background Noise,3.0,16000,1,PCM_16,96044,WAV,mixed,digital microphone / synthetic,variable,original,train,2026-09-27 12:06:14,d8500c829d02883310cf0edd112ab0e2de922f2b8f7cb43e785f55ce7efda2a0,informational,False
SS-01003,background_noise_0102.wav,audio data/background_noise/background_noise_0102.wav,background_noise,Background Noise,3.0,16000,1,PCM_16,96044,WAV,mixed,digital microphone / synthetic,variable,original,train,2026-09-27 12:06:14,1fc4fa3d5dce12bef20357774ed7bbad68c08ae72699abdcf5a380d0062e8479,informational,False
SS-01004,background_noise_0103.wav,audio data/background_noise/background_noise_0103.wav,background_noise,Background Noise,3.0,16000,1,PCM_16,96044,WAV,mixed,digital microphone / synthetic,variable,original,train,2026-09-27 12:06:14,0cee930a606defeb508b22165678fee94bf243b5da4447f0da1d4750ad4dba62,informational,False
SS-01005,background_noise_0104.wav,audio data/background_noise/background_noise_0104.wav,background_noise,Background Noise,3.0,16000,1,PCM_16,96044,WAV,mixed,digital microphone / synthetic,variable,original,validation,2026-09-27 12:06:14,7adbf396558a8c3110e391b9967a349c72c85b60b46deba16c75119160f8817e,informational,False
SS-01006,background_noise_0105.wav,audio data/background_noise/background_noise_0105.wav,background_noise,Background Noise,3.0,16000,1,PCM_16,96044,WAV,mixed,digital microphone / synthetic,variable,original,train,2026-09-27 12:06:14,40fe8c244f3ae55e3c471ec4e2f91482229219828a6db92fbca7553fd8ae077c,informational,False
SS-01007,background_noise_0106.wav,audio data/background_noise/background_noise_0106.wav,background_noise,Background Noise,3.0,16000,1,PCM_16,96044,WAV,mixed,digital microphone / synthetic,variable,original,train,2026-09-27 12:06:14,5351b7ca3c0ef26299a219813869abcc2c155ea816caa9cec3f457a2af2c69e0,informational,False
SS-01008,background_noise_0107.wav,audio data/background_noise/background_noise_0107.wav,background_noise,Background Noise,3.0,16000,1,PCM_16,96044,WAV,mixed,digital microphone / synthetic,variable,original,test,2026-09-27 12:06:14,b646bcc4ff362b6215a42d07390114fe3afba8c6528591340f5f6ec091ed69eb,informational,False
SS-01009,background_noise_0108.wav,audio data/background_noise/background_noise_0108.wav,background_noise,Background Noise,3.0,16000,1,PCM_16,96044,WAV,mixed,digital microphone / synthetic,variable,original,train,2026-09-27 12:06:14,e6ca9d4f3ef6232f0b914bbf55c591cf59ae4b0bdd0e4d02525fbbaed334aa45,informational,False
SS-01010,background_noise_0109.wav,audio data/background_noise/background_noise_0109.wav,background_noise,Background Noise,3.0,16000,1,PCM_16,96044,WAV,mixed,digital microphone / synthetic,variable,original,test,2026-09-27 12:06:14,6d5ba0ba665f727c60d75d2c9ca12d79ed85ea88d984164e9895d7229bba1f80,informational,False
SS-01011,background_noise_0110.wav,audio data/background_noise/background_noise_0110.wav,background_noise,Background Noise,3.0,16000,1,PCM_16,96044,WAV,mixed,digital microphone / synthetic,variable,original,train,2026-09-27 12:06:14,b93d73ad9471b3b67e416568f76fccd6258b2a6f5c054239df24a07b6b8a99a6,informational,False
SS-01012,background_noise_0111.wav,audio data/background_noise/background_noise_0111.wav,background_noise,Background Noise,3.0,16000,1,PCM_16,96044,WAV,mixed,digital microphone / synthetic,variable,original,train,2026-09-27 12:06:14,6705fb3bf4151b8e5d94bfb9b6bf9769d52b606e13f18b9248cf40a639a58f77,informational,False
SS-01013,background_noise_0112.wav,audio data/background_noise/background_noise_0112.wav,background_noise,Background Noise,3.0,16000,1,PCM_16,96044,WAV,mixed,digital microphone / synthetic,variable,original,train,2026-09-27 12:06:14,1499f698a3691d63b9393b57949c1fbd9ab50d17d833a8b281be78def7745a21,informational,False
SS-01014,background_noise_0113.wav,audio data/background_noise/background_noise_0113.wav,background_noise,Background Noise,3.0,16000,1,PCM_16,96044,WAV,mixed,digital microphone / synthetic,variable,original,validation,2026-09-27 12:06:14,d5256a591d5e93c7a72fbb64b534a72e06fc2c5e142d5ce59bc8d744919b8c12,informational,False
SS-01015,background_noise_0114.wav,audio data/background_noise/background_noise_0114.wav,background_noise,Background Noise,3.0,16000,1,PCM_16,96044,WAV,mixed,digital microphone / synthetic,variable,original,train,2026-09-27 12:06:14,58b2979daf8b6cd87ac66cccf0c3f402e72b0fb5149a1bf43f51b620cb2dba0e,informational,False
SS-01016,background_noise_0115.wav,audio data/background_noise/background_noise_0115.wav,background_noise,Background Noise,3.0,16000,1,PCM_16,96044,WAV,mixed,digital microphone / synthetic,variable,original,train,2026-09-27 12:06:14,e68bd81917536117a9e1f514c968588fdd03042a988bc806cb9312883df804d1,informational,False
SS-01017,background_noise_0116.wav,audio data/background_noise/background_noise_0116.wav,background_noise,Background Noise,3.0,16000,1,PCM_16,96044,WAV,mixed,digital microphone / synthetic,variable,original,test,2026-09-27 12:06:14,4ab81f0c0e093837380179866bdc0cf63f4516b919fc173647203ee5722fa41e,informational,False
SS-01018,background_noise_0117.wav,audio data/background_noise/background_noise_0117.wav,background_noise,Background Noise,3.0,16000,1,PCM_16,96044,WAV,mixed,digital microphone / synthetic,variable,original,train,2026-09-27 12:06:14,da9711d1aacea802f3703132eafd2f1beb5150c80f6069589335084a1dee0d09,informational,False
SS-01019,background_noise_0118.wav,audio data/background_noise/background_noise_0118.wav,background_noise,Background Noise,3.0,16000,1,PCM_16,96044,WAV,mixed,digital microphone / synthetic,variable,original,train,2026-09-27 12:06:14,0d9f3e2b5927d5d79502af97f04669a68c6f62fde8b6e8c94f97b49a2af1caae,informational,False
SS-01020,background_noise_0119.wav,audio data/background_noise/background_noise_0119.wav,background_noise,Background Noise,3.0,16000,1,PCM_16,96044,WAV,mixed,digital microphone / synthetic,variable,original,test,2026-09-27 12:06:14,f2427c46d065acf14af88001f7fc1a5fb86818477625565a1ebac42f6ca7fe20,informational,False
SS-01021,background_noise_0120.wav,audio data/background_noise/background_noise_0120.wav,background_noise,Background Noise,3.0,16000,1,PCM_16,96044,WAV,mixed,digital microphone / synthetic,variable,original,validation,2026-09-27 12:06:14,22440734c9af946254024749ed160c85ced72b282cc6a40205dcd2657df3d994,informational,False
SS-01022,background_noise_0121.wav,audio data/background_noise/background_noise_0121.wav,background_noise,Background Noise,3.0,16000,1,PCM_16,96044,WAV,mixed,digital microphone / synthetic,variable,original,train,2026-09-27 12:06:14,a61e181563bc550d9e610fe4edd247242b60756f3784f370f315b44befc566f2,informational,False
SS-01023,background_noise_0122.wav,audio data/background_noise/background_noise_0122.wav,background_noise,Background Noise,3.0,16000,1,PCM_16,96044,WAV,mixed,digital microphone / synthetic,variable,original,train,2026-09-27 12:06:14,a5189e0794f93ede3ce46fc34c4c56fdc0e5a2cedf53fb8280f0b6fca098e653,informational,False
SS-01024,background_noise_0123.wav,audio data/background_noise/background_noise_0123.wav,background_noise,Background Noise,3.0,16000,1,PCM_16,96044,WAV,mixed,digital microphone / synthetic,variable,original,test,2026-09-27 12:06:14,405c76ff5c43d79dbfd250cc3398efeb5f93033cd313004fc0d758060cd9ebac,informational,False
SS-01025,background_noise_0124.wav,audio data/background_noise/background_noise_0124.wav,background_noise,Background Noise,3.0,16000,1,PCM_16,96044,WAV,mixed,digital microphone / synthetic,variable,original,train,2026-09-27 12:06:14,63ea176305e5e513c3c7f8d63e960da7201da7fe1318ab3c25a790ea8ffd7666,informational,False
SS-01026,background_noise_0125.wav,audio data/background_noise/background_noise_0125.wav,background_noise,Background Noise,3.0,16000,1,PCM_16,96044,WAV,mixed,digital microphone / synthetic,variable,original,train,2026-09-27 12:06:14,1a843dc4415f5cbc442dc45a9d7b18e8b6bab38dc876cb89ea080084e5030f60,informational,False
SS-01027,background_noise_0126.wav,audio data/background_noise/background_noise_0126.wav,background_noise,Background Noise,3.0,16000,1,PCM_16,96044,WAV,mixed,digital microphone / synthetic,variable,original,train,2026-09-27 12:06:14,8fdf4bb9693fdd959e63d9eb3629e4afbc78a30929d1a27e336ec8d7035544d9,informational,False
SS-01028,background_noise_0127.wav,audio data/background_noise/background_noise_0127.wav,background_noise,Background Noise,3.0,16000,1,PCM_16,96044,WAV,mixed,digital microphone / synthetic,variable,original,validation,2026-09-27 12:06:14,6a9adb88dcad0a624bba5804f199c753ae3d49dcf5143bd5ec75f2cd41b1cd1b,informational,False
SS-01029,background_noise_0128.wav,audio data/background_noise/background_noise_0128.wav,background_noise,Background Noise,3.0,16000,1,PCM_16,96044,WAV,mixed,digital microphone / synthetic,variable,original,test,2026-09-27 12:06:14,5f279814d276144d57bd258d149727e61cd6d3187394f0359753405f8ca812b4,informational,False
SS-01030,background_noise_0129.wav,audio data/background_noise/background_noise_0129.wav,background_noise,Background Noise,3.0,16000,1,PCM_16,96044,WAV,mixed,digital microphone / synthetic,variable,original,validation,2026-09-27 12:06:14,602db7614a9e06f5c83506e304464da5a0204208ed5b63531129c969496f594a,informational,False
SS-01031,background_noise_0130.wav,audio data/background_noise/background_noise_0130.wav,background_noise,Background Noise,3.0,16000,1,PCM_16,96044,WAV,mixed,digital microphone / synthetic,variable,original,train,2026-09-27 12:06:14,8037e0df6e06eb3f7e01150165b08d26d50149feae851cbc7c28a44911dd316a,informational,False
SS-01032,background_noise_0131.wav,audio data/background_noise/background_noise_0131.wav,background_noise,Background Noise,3.0,16000,1,PCM_16,96044,WAV,mixed,digital microphone / synthetic,variable,original,train,2026-09-27 12:06:14,fc7fb05c7204b95a3d47318bd68241cd2677df66c9fc4ea2e106c5449dc9c5f7,informational,False
SS-01033,background_noise_0132.wav,audio data/background_noise/background_noise_0132.wav,background_noise,Background Noise,3.0,16000,1,PCM_16,96044,WAV,mixed,digital microphone / synthetic,variable,original,train,2026-09-27 12:06:14,09ee6fbde2988534b8355210ea1edd4f169a0776563edcdcbb2f1d1ffc7f223d,informational,False
SS-01034,background_noise_0133.wav,audio data/background_noise/background_noise_0133.wav,background_noise,Background Noise,3.0,16000,1,PCM_16,96044,WAV,mixed,digital microphone / synthetic,variable,original,train,2026-09-27 12:06:14,b081bb5b187c7fd641f417d9a959bf8621aae14b6745123924d21ac2ba800f6a,informational,False
SS-01035,background_noise_0134.wav,audio data/background_noise/background_noise_0134.wav,background_noise,Background Noise,3.0,16000,1,PCM_16,96044,WAV,mixed,digital microphone / synthetic,variable,original,train,2026-09-27 12:06:14,6d8f60f1f4aa28046ad38bef9e3b15cbaccf4430393b273567485442efc43902,informational,False
SS-01036,background_noise_0135.wav,audio data/background_noise/background_noise_0135.wav,background_noise,Background Noise,3.0,16000,1,PCM_16,96044,WAV,mixed,digital microphone / synthetic,variable,original,train,2026-09-27 12:06:14,ee575c53d4cb9b5440d3b17d98b8731c79fc608f8e64a73c619eb86e7d883c7f,informational,False
SS-01037,background_noise_0136.wav,audio data/background_noise/background_noise_0136.wav,background_noise,Background Noise,3.0,16000,1,PCM_16,96044,WAV,mixed,digital microphone / synthetic,variable,original,test,2026-09-27 12:06:14,29fa5d43c946ece2cbd64adf83349aecf4d5ea41508c6f93fe912490201fc1ad,informational,False
SS-01038,background_noise_0137.wav,audio data/background_noise/background_noise_0137.wav,background_noise,Background Noise,3.0,16000,1,PCM_16,96044,WAV,mixed,digital microphone / synthetic,variable,original,train,2026-09-27 12:06:14,7982df72c666a6ef6d66def9c3333d542a9fe6152fe3d4441d28ca9f78156011,informational,False
SS-01039,background_noise_0138.wav,audio data/background_noise/background_noise_0138.wav,background_noise,Background Noise,3.0,16000,1,PCM_16,96044,WAV,mixed,digital microphone / synthetic,variable,original,train,2026-09-27 12:06:14,70f77cb48673209a5aabf457b1b325b0fdc58362b347df0c7e8a9bd36be9b9b3,informational,False
SS-01040,background_noise_0139.wav,audio data/background_noise/background_noise_0139.wav,background_noise,Background Noise,3.0,16000,1,PCM_16,96044,WAV,mixed,digital microphone / synthetic,variable,original,validation,2026-09-27 12:06:14,686912093416be51dbb641cc95f1bf5b4d2da4504c752d74a2b72aceb178f8f7,informational,False
SS-01041,background_noise_0140.wav,audio data/background_noise/background_noise_0140.wav,background_noise,Background Noise,3.0,16000,1,PCM_16,96044,WAV,mixed,digital microphone / synthetic,variable,original,validation,2026-09-27 12:06:14,f3a1e7f5ae37c3b234e7b0e32aabdf966c0fc36a8faf84d834a507fb6d630106,informational,False
SS-01042,background_noise_0141.wav,audio data/background_noise/background_noise_0141.wav,background_noise,Background Noise,3.0,16000,1,PCM_16,96044,WAV,mixed,digital microphone / synthetic,variable,original,train,2026-09-27 12:06:14,40f1d2299900d653893be2a769b1fd20332f48766bcf4ee66734a41c52f0e6df,informational,False
SS-01043,background_noise_0142.wav,audio data/background_noise/background_noise_0142.wav,background_noise,Background Noise,3.0,16000,1,PCM_16,96044,WAV,mixed,digital microphone / synthetic,variable,original,train,2026-09-27 12:06:14,228299fa8bed303f1daca1ec86314df6c9946a8f14e552d32a4db172ba090786,informational,False
SS-01044,background_noise_0143.wav,audio data/background_noise/background_noise_0143.wav,background_noise,Background Noise,3.0,16000,1,PCM_16,96044,WAV,mixed,digital microphone / synthetic,variable,original,train,2026-09-27 12:06:14,65ab989719712dc877847446d08711dfa7e918b557b0d29c2002708d342eaabc,informational,False
SS-01045,background_noise_0144.wav,audio data/background_noise/background_noise_0144.wav,background_noise,Background Noise,3.0,16000,1,PCM_16,96044,WAV,mixed,digital microphone / synthetic,variable,original,train,2026-09-27 12:06:14,78a32a9f689e2fe75916284c77e7d2397e142f29b13bd824df117d9d31e380d4,informational,False
SS-01046,background_noise_0145.wav,audio data/background_noise/background_noise_0145.wav,background_noise,Background Noise,3.0,16000,1,PCM_16,96044,WAV,mixed,digital microphone / synthetic,variable,original,test,2026-09-27 12:06:14,0e237eb5d7b48b52020de2696de74c16016d385c0b253c4852843d1b700ae8a2,informational,False
SS-01047,background_noise_0146.wav,audio data/background_noise/background_noise_0146.wav,background_noise,Background Noise,3.0,16000,1,PCM_16,96044,WAV,mixed,digital microphone / synthetic,variable,original,validation,2026-09-27 12:06:14,9dcd795960912192c33b8a2f088c11776ba61e3f4861a2d97beaf6203680a57e,informational,False
SS-01048,background_noise_0147.wav,audio data/background_noise/background_noise_0147.wav,background_noise,Background Noise,3.0,16000,1,PCM_16,96044,WAV,mixed,digital microphone / synthetic,variable,original,train,2026-09-27 12:06:14,0b0670101eded5d79110117fa9c90261e1f6a1bbb8bbd00e2170b0154daba5af,informational,False
SS-01049,background_noise_0148.wav,audio data/background_noise/background_noise_0148.wav,background_noise,Background Noise,3.0,16000,1,PCM_16,96044,WAV,mixed,digital microphone / synthetic,variable,original,test,2026-09-27 12:06:14,30f3389db578078cd55430db0fac75b318a4279b4c495e023f73cb9b9236f5d2,informational,False
SS-01050,background_noise_0149.wav,audio data/background_noise/background_noise_0149.wav,background_noise,Background Noise,3.0,16000,1,PCM_16,96044,WAV,mixed,digital microphone / synthetic,variable,original,train,2026-09-27 12:06:14,99bba226b412159cfee34d7d4efe5a09dc930d9ce52f8477a0b47eb6980774b1,informational,False
SS-01051,background_noise_0150.wav,audio data/background_noise/background_noise_0150.wav,background_noise,Background Noise,3.0,16000,1,PCM_16,96044,WAV,mixed,digital microphone / synthetic,variable,original,test,2026-09-27 12:06:14,18579b38f432d89b630c7ad8a37dba7e6b79ed1ee008d4e7a489624ac5c15c59,informational,False
SS-01052,background_noise_0151.wav,audio data/background_noise/background_noise_0151.wav,background_noise,Background Noise,3.0,16000,1,PCM_16,96044,WAV,mixed,digital microphone / synthetic,variable,original,validation,2026-09-27 12:06:14,1f927e29c5a8fa16e89f9e677149e812bbcce48051889c05120df53b32e04795,informational,False
SS-01053,background_noise_0152.wav,audio data/background_noise/background_noise_0152.wav,background_noise,Background Noise,3.0,16000,1,PCM_16,96044,WAV,mixed,digital microphone / synthetic,variable,original,train,2026-09-27 12:06:14,947e433de034d33cff55b5b9701d27c24098c3a2dde3fc0a02662e3341116523,informational,False
SS-01054,background_noise_0153.wav,audio data/background_noise/background_noise_0153.wav,background_noise,Background Noise,3.0,16000,1,PCM_16,96044,WAV,mixed,digital microphone / synthetic,variable,original,test,2026-09-27 12:06:14,af1684f6fabe4ba40e308ea0189f0f074ce3fc282bde0210f72d76a346b9d804,informational,False
SS-01055,background_noise_0154.wav,audio data/background_noise/background_noise_0154.wav,background_noise,Background Noise,3.0,16000,1,PCM_16,96044,WAV,mixed,digital microphone / synthetic,variable,original,train,2026-09-27 12:06:14,c9814d20a6a147fb5c40dd91b3ff5ffdf4c1fe8609b6cc00abdb3e777b8a4f06,informational,False
SS-01056,background_noise_0155.wav,audio data/background_noise/background_noise_0155.wav,background_noise,Background Noise,3.0,16000,1,PCM_16,96044,WAV,mixed,digital microphone / synthetic,variable,original,train,2026-09-27 12:06:14,3267ff35f6b8a88dd9a6b3ac4081fb7caced3cb2e78ff00296030ae708ab7e27,informational,False
SS-01057,background_noise_0156.wav,audio data/background_noise/background_noise_0156.wav,background_noise,Background Noise,3.0,16000,1,PCM_16,96044,WAV,mixed,digital microphone / synthetic,variable,original,test,2026-09-27 12:06:14,bb7ee080402c045befac70c38c65d1e39ab481424caf8c5a135f7f543b263b7a,informational,False
SS-01058,background_noise_0157.wav,audio data/background_noise/background_noise_0157.wav,background_noise,Background Noise,3.0,16000,1,PCM_16,96044,WAV,mixed,digital microphone / synthetic,variable,original,test,2026-09-27 12:06:14,6ea2811070d2c161ce8910a80bf7fb8b20c6d62df4331d8daf0f510ccda28a5f,informational,False
SS-01059,background_noise_0158.wav,audio data/background_noise/background_noise_0158.wav,background_noise,Background Noise,3.0,16000,1,PCM_16,96044,WAV,mixed,digital microphone / synthetic,variable,original,train,2026-09-27 12:06:14,bf668a0a752a3b0a72f1bcba18252d6f855992f1c59b467277a8ee4627c60eda,informational,False
SS-01060,background_noise_0159.wav,audio data/background_noise/background_noise_0159.wav,background_noise,Background Noise,3.0,16000,1,PCM_16,96044,WAV,mixed,digital microphone / synthetic,variable,original,train,2026-09-27 12:06:14,eef7414e0433e2057e013ade8fd267f366c21aea8a2c36110d9dc54bd4057a1d,informational,False
SS-01061,background_noise_0160.wav,audio data/background_noise/background_noise_0160.wav,background_noise,Background Noise,3.0,16000,1,PCM_16,96044,WAV,mixed,digital microphone / synthetic,variable,original,train,2026-09-27 12:06:14,2aee4507d9e0881b255bfdce5ed29418bb06e15da18345cf0a8f0c1a7fcfb90a,informational,False
SS-01062,background_noise_0161.wav,audio data/background_noise/background_noise_0161.wav,background_noise,Background Noise,3.0,16000,1,PCM_16,96044,WAV,mixed,digital microphone / synthetic,variable,original,validation,2026-09-27 12:06:14,4e69609ba15d5a63ec00459c4a93cbb84f060ca7d6c2f41c974023e66e357824,informational,False
SS-01063,background_noise_0162.wav,audio data/background_noise/background_noise_0162.wav,background_noise,Background Noise,3.0,16000,1,PCM_16,96044,WAV,mixed,digital microphone / synthetic,variable,original,train,2026-09-27 12:06:14,b554d347b00f9884192960e0c851ac05f0660ad5848a3188af93fee70adafb9a,informational,False
SS-01064,background_noise_0163.wav,audio data/background_noise/background_noise_0163.wav,background_noise,Background Noise,3.0,16000,1,PCM_16,96044,WAV,mixed,digital microphone / synthetic,variable,original,train,2026-09-27 12:06:14,9981c05ca20f70d2ce8bd141773ad685ec6eb17215c531b53e4be3e5c97b7827,informational,False
SS-01065,background_noise_0164.wav,audio data/background_noise/background_noise_0164.wav,background_noise,Background Noise,3.0,16000,1,PCM_16,96044,WAV,mixed,digital microphone / synthetic,variable,original,train,2026-09-27 12:06:14,4b82eca6abc374d6efdb94e26bc50716be342654ace519fbed0d687e33530313,informational,False
SS-01066,background_noise_0165.wav,audio data/background_noise/background_noise_0165.wav,background_noise,Background Noise,3.0,16000,1,PCM_16,96044,WAV,mixed,digital microphone / synthetic,variable,original,train,2026-09-27 12:06:14,61e22c9056604af8ac795bcb718d4c4c44d3eac412c551d35b819108a8a495a9,informational,False
SS-01067,background_noise_0166.wav,audio data/background_noise/background_noise_0166.wav,background_noise,Background Noise,3.0,16000,1,PCM_16,96044,WAV,mixed,digital microphone / synthetic,variable,original,validation,2026-09-27 12:06:14,73b51c07e3a5895bdb19200cb712514ceb7b90b473babc66484b99082f5c7421,informational,False
SS-01068,background_noise_0167.wav,audio data/background_noise/background_noise_0167.wav,background_noise,Background Noise,3.0,16000,1,PCM_16,96044,WAV,mixed,digital microphone / synthetic,variable,original,train,2026-09-27 12:06:14,0db2039295ee16d68b5b9ba4f31db30c459946a51ab7d7ea231678a4769737c2,informational,False
SS-01069,background_noise_0168.wav,audio data/background_noise/background_noise_0168.wav,background_noise,Background Noise,3.0,16000,1,PCM_16,96044,WAV,mixed,digital microphone / synthetic,variable,original,train,2026-09-27 12:06:14,1001a2bbbbec97785927d1fc2779e3c036da346f8513af2a43375dd370c2858c,informational,False
SS-01070,background_noise_0169.wav,audio data/background_noise/background_noise_0169.wav,background_noise,Background Noise,3.0,16000,1,PCM_16,96044,WAV,mixed,digital microphone / synthetic,variable,original,train,2026-09-27 12:06:14,f20a7c9c5c5f1298e81ffc275e207b54e2a360cd14f40533b13efea9ef4a81d5,informational,False
SS-01071,background_noise_0170.wav,audio data/background_noise/background_noise_0170.wav,background_noise,Background Noise,3.0,16000,1,PCM_16,96044,WAV,mixed,digital microphone / synthetic,variable,original,validation,2026-09-27 12:06:14,d32444e5102c3bd8782e196a5ec1478dcedd20ee0942e18eeb41b7b56d76848a,informational,False
SS-01072,background_noise_0171.wav,audio data/background_noise/background_noise_0171.wav,background_noise,Background Noise,3.0,16000,1,PCM_16,96044,WAV,mixed,digital microphone / synthetic,variable,original,train,2026-09-27 12:06:14,1bd58b732aa4eb1048860e74dafac9da6039c1447b49146671df096eb9317ac5,informational,False
SS-01073,background_noise_0172.wav,audio data/background_noise/background_noise_0172.wav,background_noise,Background Noise,3.0,16000,1,PCM_16,96044,WAV,mixed,digital microphone / synthetic,variable,original,train,2026-09-27 12:06:14,4b698ea916fb08508c0973b55347432ab82e575fa7d1b205506c5a2fcee668d1,informational,False
SS-01074,background_noise_0173.wav,audio data/background_noise/background_noise_0173.wav,background_noise,Background Noise,3.0,16000,1,PCM_16,96044,WAV,mixed,digital microphone / synthetic,variable,original,train,2026-09-27 12:06:14,befc1fb707647077e652320f8895ec44fea5d668d14058446c1c3a9a6444cd46,informational,False
SS-01075,background_noise_0174.wav,audio data/background_noise/background_noise_0174.wav,background_noise,Background Noise,3.0,16000,1,PCM_16,96044,WAV,mixed,digital microphone / synthetic,variable,original,train,2026-09-27 12:06:14,412d777a4f24accdae222fc3ae7ee22db098c08f38888c83a8fba3e248775056,informational,False
SS-01076,background_noise_0175.wav,audio data/background_noise/background_noise_0175.wav,background_noise,Background Noise,3.0,16000,1,PCM_16,96044,WAV,mixed,digital microphone / synthetic,variable,original,train,2026-09-27 12:06:14,77313e880a2aea3771e4f6625d42ebf1e7598bb5462bcd6854a8d638271527ca,informational,False
SS-01077,background_noise_0176.wav,audio data/background_noise/background_noise_0176.wav,background_noise,Background Noise,3.0,16000,1,PCM_16,96044,WAV,mixed,digital microphone / synthetic,variable,original,validation,2026-09-27 12:06:14,9aa2e1cdb0830894ecb79b01805586d952b43064b102c075f6623e0bf489f61b,informational,False
SS-01078,background_noise_0177.wav,audio data/background_noise/background_noise_0177.wav,background_noise,Background Noise,3.0,16000,1,PCM_16,96044,WAV,mixed,digital microphone / synthetic,variable,original,validation,2026-09-27 12:06:14,9034c0013970b832e7c2f7bfea806657f8eceb4b20d039545e6c6bacc709e72d,informational,False
SS-01079,background_noise_0178.wav,audio data/background_noise/background_noise_0178.wav,background_noise,Background Noise,3.0,16000,1,PCM_16,96044,WAV,mixed,digital microphone / synthetic,variable,original,train,2026-09-27 12:06:14,f101db9acb8406e4abc76c7e91fc32c77f7d9af982d50b32d8af325c8a372ada,informational,False
SS-01080,background_noise_0179.wav,audio data/background_noise/background_noise_0179.wav,background_noise,Background Noise,3.0,16000,1,PCM_16,96044,WAV,mixed,digital microphone / synthetic,variable,original,train,2026-09-27 12:06:14,5ff9d88bb6a1e65d951d1b661e33bfdea4da8304321792817e56115095237865,informational,False
SS-01081,background_noise_0180.wav,audio data/background_noise/background_noise_0180.wav,background_noise,Background Noise,3.0,16000,1,PCM_16,96044,WAV,mixed,digital microphone / synthetic,variable,original,validation,2026-09-27 12:06:14,f2c13021182cb4c5dbdb450386825592a680148d08681e2696f648d70b381fe8,informational,False
SS-01082,background_noise_0181.wav,audio data/background_noise/background_noise_0181.wav,background_noise,Background Noise,3.0,16000,1,PCM_16,96044,WAV,mixed,digital microphone / synthetic,variable,original,train,2026-09-27 12:06:14,3277dedf5ebb76b472ac753b823062717d20c42486b69549ba913344bf22c401,informational,False
SS-01083,background_noise_0182.wav,audio data/background_noise/background_noise_0182.wav,background_noise,Background Noise,3.0,16000,1,PCM_16,96044,WAV,mixed,digital microphone / synthetic,variable,original,train,2026-09-27 12:06:14,685c1cf7e849b17a59785d19ad7de42597ac5cbcc8250b35043b357ba28aef0d,informational,False
SS-01084,background_noise_0183.wav,audio data/background_noise/background_noise_0183.wav,background_noise,Background Noise,3.0,16000,1,PCM_16,96044,WAV,mixed,digital microphone / synthetic,variable,original,train,2026-09-27 12:06:14,ac469d16af18cfef0c7a086e6a133a530a9a2c76b6ea29ff780a9893f82b17ab,informational,False
SS-01085,background_noise_0184.wav,audio data/background_noise/background_noise_0184.wav,background_noise,Background Noise,3.0,16000,1,PCM_16,96044,WAV,mixed,digital microphone / synthetic,variable,original,train,2026-09-27 12:06:14,54ad6264df966a5db15527ee03e0413abba713a90d1c8e8c955761152b990c5e,informational,False
SS-01086,background_noise_0185.wav,audio data/background_noise/background_noise_0185.wav,background_noise,Background Noise,3.0,16000,1,PCM_16,96044,WAV,mixed,digital microphone / synthetic,variable,original,train,2026-09-27 12:06:14,03c405413fdc0fbfd3fe6c730fb757a3b8337c9b886f8c829c85ef3a5ec6209b,informational,False
SS-01087,background_noise_0186.wav,audio data/background_noise/background_noise_0186.wav,background_noise,Background Noise,3.0,16000,1,PCM_16,96044,WAV,mixed,digital microphone / synthetic,variable,original,train,2026-09-27 12:06:14,960f23b2f6c78342af79b6ae751a6a9ae52fe5048cca031313b8217fdf693a83,informational,False
SS-01088,background_noise_0187.wav,audio data/background_noise/background_noise_0187.wav,background_noise,Background Noise,3.0,16000,1,PCM_16,96044,WAV,mixed,digital microphone / synthetic,variable,original,train,2026-09-27 12:06:14,1eac5283d557c2695251ffb22edbde9ae662cb97e042b98de6619868d0c0c466,informational,False
SS-01089,background_noise_0188.wav,audio data/background_noise/background_noise_0188.wav,background_noise,Background Noise,3.0,16000,1,PCM_16,96044,WAV,mixed,digital microphone / synthetic,variable,original,train,2026-09-27 12:06:14,df81ba15a66fbf3cedd0b8c177a0fa9f71c4e6709b77f89100b2a58007edd883,informational,False
SS-01090,background_noise_0189.wav,audio data/background_noise/background_noise_0189.wav,background_noise,Background Noise,3.0,16000,1,PCM_16,96044,WAV,mixed,digital microphone / synthetic,variable,original,train,2026-09-27 12:06:14,180e5f6a18bbd1305192a0c549c98ae52d1c1c9530e02b83c62114880c7029d8,informational,False
SS-01091,background_noise_0190.wav,audio data/background_noise/background_noise_0190.wav,background_noise,Background Noise,3.0,16000,1,PCM_16,96044,WAV,mixed,digital microphone / synthetic,variable,original,train,2026-09-27 12:06:14,2b9e184c0c2429af2226052c2362d51584d1dfdf247737e4eefc548250adb243,informational,False
SS-01092,background_noise_0191.wav,audio data/background_noise/background_noise_0191.wav,background_noise,Background Noise,3.0,16000,1,PCM_16,96044,WAV,mixed,digital microphone / synthetic,variable,original,train,2026-09-27 12:06:14,1df96b094bd81a813980cbd28d8d6d319dcf90ef88df782c3e321ac8eec5b756,informational,False
SS-01093,background_noise_0192.wav,audio data/background_noise/background_noise_0192.wav,background_noise,Background Noise,3.0,16000,1,PCM_16,96044,WAV,mixed,digital microphone / synthetic,variable,original,validation,2026-09-27 12:06:14,5349e2366dbb808edfa1b3d280f6a4f6ccaa2e38d4af570839ce706e81c09711,informational,False
SS-01094,background_noise_0193.wav,audio data/background_noise/background_noise_0193.wav,background_noise,Background Noise,3.0,16000,1,PCM_16,96044,WAV,mixed,digital microphone / synthetic,variable,original,train,2026-09-27 12:06:14,767f529318f265fc4039172373f0078a55b5e6ccd7321cb2bd2875f4dcfa6434,informational,False
SS-01095,background_noise_0194.wav,audio data/background_noise/background_noise_0194.wav,background_noise,Background Noise,3.0,16000,1,PCM_16,96044,WAV,mixed,digital microphone / synthetic,variable,original,train,2026-09-27 12:06:14,965c6553970558c1f239d61b7ec2ec79778f3b1eceab5c66f662fea1d5ab9ace,informational,False
SS-01096,background_noise_0195.wav,audio data/background_noise/background_noise_0195.wav,background_noise,Background Noise,3.0,16000,1,PCM_16,96044,WAV,mixed,digital microphone / synthetic,variable,original,test,2026-09-27 12:06:14,32a2a9c6ff179c7b820be19cf458f693fd4f812afab900bc2e73ab4fc2737ddc,informational,False
SS-01097,background_noise_0196.wav,audio data/background_noise/background_noise_0196.wav,background_noise,Background Noise,3.0,16000,1,PCM_16,96044,WAV,mixed,digital microphone / synthetic,variable,original,train,2026-09-27 12:06:14,b5d9fb85c62e9deadfb711534f0b6cde1b209946d2fc8d0a11f373927f46d343,informational,False
SS-01098,background_noise_0197.wav,audio data/background_noise/background_noise_0197.wav,background_noise,Background Noise,3.0,16000,1,PCM_16,96044,WAV,mixed,digital microphone / synthetic,variable,original,train,2026-09-27 12:06:14,f684a89c55f36589bc6294a45500d69b2ec6b8eef11818e7384d81345f8fa83c,informational,False
SS-01099,background_noise_0198.wav,audio data/background_noise/background_noise_0198.wav,background_noise,Background Noise,3.0,16000,1,PCM_16,96044,WAV,mixed,digital microphone / synthetic,variable,original,train,2026-09-27 12:06:14,ce9a82e71449f956604f7aff4fd75aa53edec7cf7d940cd60b25af4b944a17f8,informational,False
SS-01100,background_noise_0199.wav,audio data/background_noise/background_noise_0199.wav,background_noise,Background Noise,3.0,16000,1,PCM_16,96044,WAV,mixed,digital microphone / synthetic,variable,original,train,2026-09-27 12:06:14,351e93a706d19312218b45220d4da79b3d85884352d628fa1ebd5313085b76e5,informational,False
SS-01101,background_noise_0200.wav,audio data/background_noise/background_noise_0200.wav,background_noise,Background Noise,3.0,16000,1,PCM_16,96044,WAV,mixed,digital microphone / synthetic,variable,original,train,2026-09-27 12:06:14,3de40ac63d27cb0bf3132935d728be1b0220eac670631019f3d8e18a54efb0a2,informational,False
SS-01102,background_noise_0201.wav,audio data/background_noise/background_noise_0201.wav,background_noise,Background Noise,3.0,16000,1,PCM_16,96044,WAV,mixed,digital microphone / synthetic,variable,original,train,2026-09-27 12:06:14,be956f68ef7424807b846306fe43d8cdd39ee3c41b0186a47ffa123ddf65959b,informational,False
SS-01103,background_noise_0202.wav,audio data/background_noise/background_noise_0202.wav,background_noise,Background Noise,3.0,16000,1,PCM_16,96044,WAV,mixed,digital microphone / synthetic,variable,original,validation,2026-09-27 12:06:14,9f4d7bd55ffa38152b37360f4a2c289e23033a7c6c4b22f379f1aa3d40724d47,informational,False
SS-01104,background_noise_0203.wav,audio data/background_noise/background_noise_0203.wav,background_noise,Background Noise,3.0,16000,1,PCM_16,96044,WAV,mixed,digital microphone / synthetic,variable,original,validation,2026-09-27 12:06:14,622725c8e1286e8167538e32fe70190474658141f953238532dc552921314381,informational,False
SS-01105,background_noise_0204.wav,audio data/background_noise/background_noise_0204.wav,background_noise,Background Noise,3.0,16000,1,PCM_16,96044,WAV,mixed,digital microphone / synthetic,variable,original,train,2026-09-27 12:06:14,8e3630c29b8c7e21e32391c9052c1ea40c146dd29d05908700f394565022482c,informational,False
SS-01106,background_noise_0205.wav,audio data/background_noise/background_noise_0205.wav,background_noise,Background Noise,3.0,16000,1,PCM_16,96044,WAV,mixed,digital microphone / synthetic,variable,original,train,2026-09-27 12:06:14,3d79713e0fb13df5e90f6e20c8c2ae898f2d0c9d63098b4867b42ff93a89ddd5,informational,False
SS-01107,background_noise_0206.wav,audio data/background_noise/background_noise_0206.wav,background_noise,Background Noise,3.0,16000,1,PCM_16,96044,WAV,mixed,digital microphone / synthetic,variable,original,test,2026-09-27 12:06:14,42a431e871cd13b0e30d2102b1d8a384be19c43e44b5a00bb11cbe981aeef3ba,informational,False
SS-01108,background_noise_0207.wav,audio data/background_noise/background_noise_0207.wav,background_noise,Background Noise,3.0,16000,1,PCM_16,96044,WAV,mixed,digital microphone / synthetic,variable,original,train,2026-09-27 12:06:14,20fa7942e8eb7316bf0525cac448070c9ed7184e93e4014dcb24081581f6d651,informational,False
SS-01109,background_noise_0208.wav,audio data/background_noise/background_noise_0208.wav,background_noise,Background Noise,3.0,16000,1,PCM_16,96044,WAV,mixed,digital microphone / synthetic,variable,original,train,2026-09-27 12:06:14,3a0550beaf617a37b34246ad865993462a5b21f5fb8d0a197a5ea549e09695a9,informational,False
SS-01110,background_noise_0209.wav,audio data/background_noise/background_noise_0209.wav,background_noise,Background Noise,3.0,16000,1,PCM_16,96044,WAV,mixed,digital microphone / synthetic,variable,original,train,2026-09-27 12:06:14,50530079b16592a1b45022454024a6f5be2d0c19bd0c69ed7aa61992883ae870,informational,False
SS-01111,background_noise_0210.wav,audio data/background_noise/background_noise_0210.wav,background_noise,Background Noise,3.0,16000,1,PCM_16,96044,WAV,mixed,digital microphone / synthetic,variable,original,test,2026-09-27 12:06:14,104cf9d4275292703628a0a77d5d877071cf3f056112c8422caad969f7776ea1,informational,False
SS-01112,background_noise_0211.wav,audio data/background_noise/background_noise_0211.wav,background_noise,Background Noise,3.0,16000,1,PCM_16,96044,WAV,mixed,digital microphone / synthetic,variable,original,train,2026-09-27 12:06:14,e5f4227324d0b2462791c713a5093223ef6432d844cf4d7a375b35b7097a21d3,informational,False
SS-01113,background_noise_0212.wav,audio data/background_noise/background_noise_0212.wav,background_noise,Background Noise,3.0,16000,1,PCM_16,96044,WAV,mixed,digital microphone / synthetic,variable,original,validation,2026-09-27 12:06:14,880c3f4141a9a8f4f2de6d1d691f15f0df30d4d263b559d6643bfba3704ce135,informational,False
SS-01114,background_noise_0213.wav,audio data/background_noise/background_noise_0213.wav,background_noise,Background Noise,3.0,16000,1,PCM_16,96044,WAV,mixed,digital microphone / synthetic,variable,original,train,2026-09-27 12:06:14,7f36deef0c1bcfe916d9353f0d53475e54e551a5104cc980a317061fe59c4793,informational,False
SS-01115,background_noise_0214.wav,audio data/background_noise/background_noise_0214.wav,background_noise,Background Noise,3.0,16000,1,PCM_16,96044,WAV,mixed,digital microphone / synthetic,variable,original,test,2026-09-27 12:06:14,dec82780d61589ee1eb5f42f2a894ae0c5955ca484a2051f2a507d51fc4b252d,informational,False
SS-01116,background_noise_0215.wav,audio data/background_noise/background_noise_0215.wav,background_noise,Background Noise,3.0,16000,1,PCM_16,96044,WAV,mixed,digital microphone / synthetic,variable,original,train,2026-09-27 12:06:14,1f4811160d39cc06e0ca2457dd8666d04e2c6f1f401451232270b3f7c5fda40d,informational,False
SS-01117,background_noise_0216.wav,audio data/background_noise/background_noise_0216.wav,background_noise,Background Noise,3.0,16000,1,PCM_16,96044,WAV,mixed,digital microphone / synthetic,variable,original,train,2026-09-27 12:06:14,723ca2962d3fdf6b138fb49a67846c1def290dc48943ae1d370bbe4dc36b8929,informational,False
SS-01118,background_noise_0217.wav,audio data/background_noise/background_noise_0217.wav,background_noise,Background Noise,3.0,16000,1,PCM_16,96044,WAV,mixed,digital microphone / synthetic,variable,original,train,2026-09-27 12:06:14,5f0e40758b3bc87d6f0dcf4ab54c5ce004a9a31db5a7426f2aef389dc25fe41e,informational,False
SS-01119,background_noise_0218.wav,audio data/background_noise/background_noise_0218.wav,background_noise,Background Noise,3.0,16000,1,PCM_16,96044,WAV,mixed,digital microphone / synthetic,variable,original,train,2026-09-27 12:06:14,e064d5acf30914a009ee4cfff4f8be741a0e48337a4bdbe9ac1c13a735bce530,informational,False
SS-01120,background_noise_0219.wav,audio data/background_noise/background_noise_0219.wav,background_noise,Background Noise,3.0,16000,1,PCM_16,96044,WAV,mixed,digital microphone / synthetic,variable,original,train,2026-09-27 12:06:14,11570d98f5f61c25d3c14743ee75a2631158c942a566f6de3b8179b710fe2a67,informational,False
SS-01121,background_noise_0220.wav,audio data/background_noise/background_noise_0220.wav,background_noise,Background Noise,3.0,16000,1,PCM_16,96044,WAV,mixed,digital microphone / synthetic,variable,original,test,2026-09-27 12:06:14,7db122402e835deda0b421f2c23fe064df982605abee291bac9871b1f6fa98f7,informational,False
SS-01122,background_noise_0221.wav,audio data/background_noise/background_noise_0221.wav,background_noise,Background Noise,3.0,16000,1,PCM_16,96044,WAV,mixed,digital microphone / synthetic,variable,original,train,2026-09-27 12:06:14,2d0d50b15cb28777301019536f8efe68ac57dac647ec6b6571458b71bfe80e04,informational,False
SS-01123,background_noise_0222.wav,audio data/background_noise/background_noise_0222.wav,background_noise,Background Noise,3.0,16000,1,PCM_16,96044,WAV,mixed,digital microphone / synthetic,variable,original,train,2026-09-27 12:06:14,c67e520bfdb1dd9c8730215b137a06ca564e960fdc94c97593be5c75fd223709,informational,False
SS-01124,background_noise_0223.wav,audio data/background_noise/background_noise_0223.wav,background_noise,Background Noise,3.0,16000,1,PCM_16,96044,WAV,mixed,digital microphone / synthetic,variable,original,validation,2026-09-27 12:06:14,ada9032b6903e4233c91a21f6ff31b87311ae7c755fa7dd344fade8f62d98d92,informational,False
SS-01125,background_noise_0224.wav,audio data/background_noise/background_noise_0224.wav,background_noise,Background Noise,3.0,16000,1,PCM_16,96044,WAV,mixed,digital microphone / synthetic,variable,original,train,2026-09-27 12:06:14,5d613af9aa49004be935a3f82a85538389b9d2efb236b06411175c000240eb34,informational,False
SS-01126,background_noise_0225.wav,audio data/background_noise/background_noise_0225.wav,background_noise,Background Noise,3.0,16000,1,PCM_16,96044,WAV,mixed,digital microphone / synthetic,variable,original,train,2026-09-27 12:06:14,fc9196f4333a8efa6ebe66617f68f4ee0a7c72d9a11bc222f12907172aae2ee0,informational,False
SS-01127,background_noise_0226.wav,audio data/background_noise/background_noise_0226.wav,background_noise,Background Noise,3.0,16000,1,PCM_16,96044,WAV,mixed,digital microphone / synthetic,variable,original,train,2026-09-27 12:06:14,e6b87a639c1f49161b0a17b74f1a803643f9b6618f3033fbe87fc51695b4ddc9,informational,False
SS-01128,background_noise_0227.wav,audio data/background_noise/background_noise_0227.wav,background_noise,Background Noise,3.0,16000,1,PCM_16,96044,WAV,mixed,digital microphone / synthetic,variable,original,test,2026-09-27 12:06:14,681a1b3b7ad9925aa7ec9c27ed207713c73b8502ddaaa717eb0d152de9414d4f,informational,False
SS-01129,background_noise_0228.wav,audio data/background_noise/background_noise_0228.wav,background_noise,Background Noise,3.0,16000,1,PCM_16,96044,WAV,mixed,digital microphone / synthetic,variable,original,train,2026-09-27 12:06:14,0762e713c8e211a7ea5082db94ffff671fdacb889c5dde5c9036108b309207d3,informational,False
SS-01130,background_noise_0229.wav,audio data/background_noise/background_noise_0229.wav,background_noise,Background Noise,3.0,16000,1,PCM_16,96044,WAV,mixed,digital microphone / synthetic,variable,original,train,2026-09-27 12:06:14,e1c721134b405f3c9789935bd33e5b88461138badf8bc233aeac3cf229ebad85,informational,False
SS-01131,background_noise_0230.wav,audio data/background_noise/background_noise_0230.wav,background_noise,Background Noise,3.0,16000,1,PCM_16,96044,WAV,mixed,digital microphone / synthetic,variable,original,train,2026-09-27 12:06:14,2ce754591cf63924031401ba6ea4c64cb66dd8aada0eb62a2e54832694135fae,informational,False
SS-01132,background_noise_0231.wav,audio data/background_noise/background_noise_0231.wav,background_noise,Background Noise,3.0,16000,1,PCM_16,96044,WAV,mixed,digital microphone / synthetic,variable,original,test,2026-09-27 12:06:14,ba9d69bfabd30ff5ca68deca55feabf23a21696dc230baf460cb7720be446dd4,informational,False
SS-01133,background_noise_0232.wav,audio data/background_noise/background_noise_0232.wav,background_noise,Background Noise,3.0,16000,1,PCM_16,96044,WAV,mixed,digital microphone / synthetic,variable,original,train,2026-09-27 12:06:14,3c2a7586f08e5a57b7b693df25861d5f42de75b82e589251c99332faa7c44b51,informational,False
SS-01134,background_noise_0233.wav,audio data/background_noise/background_noise_0233.wav,background_noise,Background Noise,3.0,16000,1,PCM_16,96044,WAV,mixed,digital microphone / synthetic,variable,original,test,2026-09-27 12:06:14,a3d63ab1c202464812df87ae8e2d1aea76770029080402aad5d44dced262282d,informational,False
SS-01135,background_noise_0234.wav,audio data/background_noise/background_noise_0234.wav,background_noise,Background Noise,3.0,16000,1,PCM_16,96044,WAV,mixed,digital microphone / synthetic,variable,original,train,2026-09-27 12:06:14,2a979849bc98940b6a4b15e5fc71a96bf5843cae0d3868f5e5c7e6d2ccefcbc3,informational,False
SS-01136,background_noise_0235.wav,audio data/background_noise/background_noise_0235.wav,background_noise,Background Noise,3.0,16000,1,PCM_16,96044,WAV,mixed,digital microphone / synthetic,variable,original,validation,2026-09-27 12:06:14,efaca1f0974f46d8797e789405e0ff453dce6fc5cb33fe8dc50f83c4f4ee818c,informational,False
SS-01137,background_noise_0236.wav,audio data/background_noise/background_noise_0236.wav,background_noise,Background Noise,3.0,16000,1,PCM_16,96044,WAV,mixed,digital microphone / synthetic,variable,original,train,2026-09-27 12:06:14,ed2be816529e654766121a2bb940193d360123672049347242674618bec0742d,informational,False
SS-01138,background_noise_0237.wav,audio data/background_noise/background_noise_0237.wav,background_noise,Background Noise,3.0,16000,1,PCM_16,96044,WAV,mixed,digital microphone / synthetic,variable,original,validation,2026-09-27 12:06:14,400160e92f69f4f18eda5808f608960ba18471399455af74ad14f4e99380ec6f,informational,False
SS-01139,background_noise_0238.wav,audio data/background_noise/background_noise_0238.wav,background_noise,Background Noise,3.0,16000,1,PCM_16,96044,WAV,mixed,digital microphone / synthetic,variable,original,train,2026-09-27 12:06:14,1d9efc46913ca54b1cdbcaf8178496f51cbae30e9f153a2b31a6c2a83ca9bf77,informational,False
SS-01140,background_noise_0239.wav,audio data/background_noise/background_noise_0239.wav,background_noise,Background Noise,3.0,16000,1,PCM_16,96044,WAV,mixed,digital microphone / synthetic,variable,original,train,2026-09-27 12:06:14,745434e0f540fa3f731c8a127a67d8cbb900431e624e0f694cae64e37aac11d2,informational,False
SS-01141,background_noise_0240.wav,audio data/background_noise/background_noise_0240.wav,background_noise,Background Noise,3.0,16000,1,PCM_16,96044,WAV,mixed,digital microphone / synthetic,variable,original,validation,2026-09-27 12:06:14,87c2724157a1533a74171eff49f1a56d5e4d0ed4347b4a886deacc3762c09460,informational,False
SS-01142,background_noise_0241.wav,audio data/background_noise/background_noise_0241.wav,background_noise,Background Noise,3.0,16000,1,PCM_16,96044,WAV,mixed,digital microphone / synthetic,variable,original,test,2026-09-27 12:06:14,f6ed236f0cfa78469f61f31344d0577d13bf942b01038986e4cf87ce24dad32c,informational,False
SS-01143,background_noise_0242.wav,audio data/background_noise/background_noise_0242.wav,background_noise,Background Noise,3.0,16000,1,PCM_16,96044,WAV,mixed,digital microphone / synthetic,variable,original,train,2026-09-27 12:06:14,74db1ad13e080d4c0a83ceec60a214878dead18b90d048046827c8bec6244fce,informational,False
SS-01144,background_noise_0243.wav,audio data/background_noise/background_noise_0243.wav,background_noise,Background Noise,3.0,16000,1,PCM_16,96044,WAV,mixed,digital microphone / synthetic,variable,original,train,2026-09-27 12:06:14,5e25374abbb9448125fef9c39cc4f0fa53948580c4ea1a67e3bb156724d35ae5,informational,False
SS-01145,background_noise_0244.wav,audio data/background_noise/background_noise_0244.wav,background_noise,Background Noise,3.0,16000,1,PCM_16,96044,WAV,mixed,digital microphone / synthetic,variable,original,train,2026-09-27 12:06:14,89008bf36bbb88f6983c8b6c57c69948db912ebb275b5ca6a916292c2eb46496,informational,False
SS-01146,background_noise_0245.wav,audio data/background_noise/background_noise_0245.wav,background_noise,Background Noise,3.0,16000,1,PCM_16,96044,WAV,mixed,digital microphone / synthetic,variable,original,train,2026-09-27 12:06:14,da607d7febb5fbb7c179e743814081ca31e7c07dd729e47556f5c7d92ca13a4a,informational,False
SS-01147,background_noise_0246.wav,audio data/background_noise/background_noise_0246.wav,background_noise,Background Noise,3.0,16000,1,PCM_16,96044,WAV,mixed,digital microphone / synthetic,variable,original,train,2026-09-27 12:06:14,9a19a94bfb406083a87f3aea10ef911fb154507a3f88ffc94129addef06c4c83,informational,False
SS-01148,background_noise_0247.wav,audio data/background_noise/background_noise_0247.wav,background_noise,Background Noise,3.0,16000,1,PCM_16,96044,WAV,mixed,digital microphone / synthetic,variable,original,train,2026-09-27 12:06:14,fa94f3fcb652ae51f3cd7b6150be3f030f2205467110b8a8cdd86a8f632e0222,informational,False
SS-01149,background_noise_0248.wav,audio data/background_noise/background_noise_0248.wav,background_noise,Background Noise,3.0,16000,1,PCM_16,96044,WAV,mixed,digital microphone / synthetic,variable,original,train,2026-09-27 12:06:14,a42360f24b94de1bd23818a24b25fa1e4503dfce52fe36e1b461ee88c07a7a98,informational,False
SS-01150,background_noise_0249.wav,audio data/background_noise/background_noise_0249.wav,background_noise,Background Noise,3.0,16000,1,PCM_16,96044,WAV,mixed,digital microphone / synthetic,variable,original,train,2026-09-27 12:06:14,6592adb6cea7c32bdb92b7e82e5858d603ba5be99b1512b04d39012b521176d4,informational,False
SS-01151,background_noise_0250.wav,audio data/background_noise/background_noise_0250.wav,background_noise,Background Noise,3.0,16000,1,PCM_16,96044,WAV,mixed,digital microphone / synthetic,variable,original,validation,2026-09-27 12:06:14,5b3955e9dc9df6e04ac1c18a65e4ca4eeffe7e6e418e4be32e8af30d92999182,informational,False
SS-01152,background_noise_0251.wav,audio data/background_noise/background_noise_0251.wav,background_noise,Background Noise,3.0,16000,1,PCM_16,96044,WAV,mixed,digital microphone / synthetic,variable,original,train,2026-09-27 12:06:14,22f257b2609cbf9abaa7e3b618c8aa71ec821b6a20c189d07e5896e7ec4ee20f,informational,False
SS-01153,background_noise_0252.wav,audio data/background_noise/background_noise_0252.wav,background_noise,Background Noise,3.0,16000,1,PCM_16,96044,WAV,mixed,digital microphone / synthetic,variable,original,test,2026-09-27 12:06:14,5a928fadd9584afc62e51c80e89be0f93f6e8694e84feeb908986bf55fbbeda8,informational,False
SS-01154,background_noise_0253.wav,audio data/background_noise/background_noise_0253.wav,background_noise,Background Noise,3.0,16000,1,PCM_16,96044,WAV,mixed,digital microphone / synthetic,variable,original,train,2026-09-27 12:06:14,d0ea3ecaefd8aaea093e8e0eb5490678d5ef82d9672334b0ffeb2aa3ed9e920f,informational,False
SS-01155,background_noise_0254.wav,audio data/background_noise/background_noise_0254.wav,background_noise,Background Noise,3.0,16000,1,PCM_16,96044,WAV,mixed,digital microphone / synthetic,variable,original,train,2026-09-27 12:06:14,74cb3b0d2dbabf6fe55949cb458bb33e76084f0079284e17170b552599c20f58,informational,False
SS-01156,background_noise_0255.wav,audio data/background_noise/background_noise_0255.wav,background_noise,Background Noise,3.0,16000,1,PCM_16,96044,WAV,mixed,digital microphone / synthetic,variable,original,train,2026-09-27 12:06:14,fa8f9ba59a8e9023ea8ad923952aa14dcc2e24ffaab88c8f8c8562660638719e,informational,False
SS-01157,background_noise_0256.wav,audio data/background_noise/background_noise_0256.wav,background_noise,Background Noise,3.0,16000,1,PCM_16,96044,WAV,mixed,digital microphone / synthetic,variable,original,validation,2026-09-27 12:06:14,da7242cd037c57b86c5f6290c6bdc0fea78d2de79e43d30ba68960e855d2175f,informational,False
SS-01158,background_noise_0257.wav,audio data/background_noise/background_noise_0257.wav,background_noise,Background Noise,3.0,16000,1,PCM_16,96044,WAV,mixed,digital microphone / synthetic,variable,original,validation,2026-09-27 12:06:14,ae7593fbb4c9bf0c7afe24effb63decf8eb6f8a6f40062e315236407e17169e6,informational,False
SS-01159,background_noise_0258.wav,audio data/background_noise/background_noise_0258.wav,background_noise,Background Noise,3.0,16000,1,PCM_16,96044,WAV,mixed,digital microphone / synthetic,variable,original,train,2026-09-27 12:06:14,20e52dd596f2a68d892a3fae4b0a1223e9ac346dae8a38214fd3c2a959e4fc52,informational,False
SS-01160,background_noise_0259.wav,audio data/background_noise/background_noise_0259.wav,background_noise,Background Noise,3.0,16000,1,PCM_16,96044,WAV,mixed,digital microphone / synthetic,variable,original,train,2026-09-27 12:06:14,15b7047775180d14af574d641151dab2b26b097c74945131df8a83235cd1d771,informational,False
SS-01161,background_noise_0260.wav,audio data/background_noise/background_noise_0260.wav,background_noise,Background Noise,3.0,16000,1,PCM_16,96044,WAV,mixed,digital microphone / synthetic,variable,original,train,2026-09-27 12:06:14,bab461bbf6f9dd8d6ececc74fb47da9ea4cf1ad197b83107fced3796a9a9458e,informational,False
SS-01162,background_noise_0261.wav,audio data/background_noise/background_noise_0261.wav,background_noise,Background Noise,3.0,16000,1,PCM_16,96044,WAV,mixed,digital microphone / synthetic,variable,original,train,2026-09-27 12:06:14,897544475e32f65f1d97c4ec35097b25885c588afa309f0acc3a25eb1d55ed2b,informational,False
SS-01163,background_noise_0262.wav,audio data/background_noise/background_noise_0262.wav,background_noise,Background Noise,3.0,16000,1,PCM_16,96044,WAV,mixed,digital microphone / synthetic,variable,original,train,2026-09-27 12:06:14,77da2ff6184059ad94141d54310e0baf5bdc88d453469fc11c4c9d405a7ffe93,informational,False
SS-01164,background_noise_0263.wav,audio data/background_noise/background_noise_0263.wav,background_noise,Background Noise,3.0,16000,1,PCM_16,96044,WAV,mixed,digital microphone / synthetic,variable,original,train,2026-09-27 12:06:14,a7a206cd1be924517d4652ecbdae37b4c68a0bde1b923a29222722188a5207de,informational,False
SS-01165,background_noise_0264.wav,audio data/background_noise/background_noise_0264.wav,background_noise,Background Noise,3.0,16000,1,PCM_16,96044,WAV,mixed,digital microphone / synthetic,variable,original,train,2026-09-27 12:06:14,53a802cf801f25fe7972f1211d8c965d726355ff1b97f95c6dca4792867feb8d,informational,False
SS-01166,background_noise_0265.wav,audio data/background_noise/background_noise_0265.wav,background_noise,Background Noise,3.0,16000,1,PCM_16,96044,WAV,mixed,digital microphone / synthetic,variable,original,train,2026-09-27 12:06:14,a91043ec0489dfca1384d7b56a1badf195fac94d97424e7c870e997a54b99f60,informational,False
SS-01167,background_noise_0266.wav,audio data/background_noise/background_noise_0266.wav,background_noise,Background Noise,3.0,16000,1,PCM_16,96044,WAV,mixed,digital microphone / synthetic,variable,original,train,2026-09-27 12:06:14,b156e1a8670581a110926132d764f09949ba8315173968c2527333d7c8e2c9fc,informational,False
SS-01168,background_noise_0267.wav,audio data/background_noise/background_noise_0267.wav,background_noise,Background Noise,3.0,16000,1,PCM_16,96044,WAV,mixed,digital microphone / synthetic,variable,original,train,2026-09-27 12:06:14,6ac06b242b192415ed6480e0bc173aea543c9b262139e095b61338e659db8baf,informational,False
SS-01169,background_noise_0268.wav,audio data/background_noise/background_noise_0268.wav,background_noise,Background Noise,3.0,16000,1,PCM_16,96044,WAV,mixed,digital microphone / synthetic,variable,original,test,2026-09-27 12:06:14,a71fcf8ebc34d66a07d0a32044a4db269aa0dd3d0cd0dbc1684257890c475701,informational,False
SS-01170,background_noise_0269.wav,audio data/background_noise/background_noise_0269.wav,background_noise,Background Noise,3.0,16000,1,PCM_16,96044,WAV,mixed,digital microphone / synthetic,variable,original,train,2026-09-27 12:06:14,0c1dc3d3883a709990568f5e4256bcaa4c409e9018114d5e7955dc4e72ad16fc,informational,False
SS-01171,background_noise_0270.wav,audio data/background_noise/background_noise_0270.wav,background_noise,Background Noise,3.0,16000,1,PCM_16,96044,WAV,mixed,digital microphone / synthetic,variable,original,train,2026-09-27 12:06:14,0fea7268a8abfc2347cdd58b74bdde99cd1cf80fc67427e8254fb5dd0de76b94,informational,False
SS-01172,background_noise_0271.wav,audio data/background_noise/background_noise_0271.wav,background_noise,Background Noise,3.0,16000,1,PCM_16,96044,WAV,mixed,digital microphone / synthetic,variable,original,test,2026-09-27 12:06:14,6830323fac444c15d6be49136ed408836f2f2edf85f987f84b96b062c2af8234,informational,False
SS-01173,background_noise_0272.wav,audio data/background_noise/background_noise_0272.wav,background_noise,Background Noise,3.0,16000,1,PCM_16,96044,WAV,mixed,digital microphone / synthetic,variable,original,train,2026-09-27 12:06:14,fdd5dd5a9f0e85fa039f8aee95900fc8c0c18acf597c3305f0510362c94226bd,informational,False
SS-01174,background_noise_0273.wav,audio data/background_noise/background_noise_0273.wav,background_noise,Background Noise,3.0,16000,1,PCM_16,96044,WAV,mixed,digital microphone / synthetic,variable,original,train,2026-09-27 12:06:14,39f8f54e889e514adc1a978b79c8680e7aabc5a437f93a36525473f398fbc362,informational,False
SS-01175,background_noise_0274.wav,audio data/background_noise/background_noise_0274.wav,background_noise,Background Noise,3.0,16000,1,PCM_16,96044,WAV,mixed,digital microphone / synthetic,variable,original,validation,2026-09-27 12:06:14,3a9da1811594d58856c855bebd154fd94757dace9db3bff9c6303a8b15ab184e,informational,False
SS-01176,background_noise_0275.wav,audio data/background_noise/background_noise_0275.wav,background_noise,Background Noise,3.0,16000,1,PCM_16,96044,WAV,mixed,digital microphone / synthetic,variable,original,train,2026-09-27 12:06:14,e4c85ba1e371174bb89639351449bf240b693fe6c3f8205b1bf15732d63c4365,informational,False
SS-01177,background_noise_0276.wav,audio data/background_noise/background_noise_0276.wav,background_noise,Background Noise,3.0,16000,1,PCM_16,96044,WAV,mixed,digital microphone / synthetic,variable,original,validation,2026-09-27 12:06:14,c105849494d877ed9995d6d7296aa4ba97615a18fdad8fcf23b567cee3fdfb31,informational,False
SS-01178,background_noise_0277.wav,audio data/background_noise/background_noise_0277.wav,background_noise,Background Noise,3.0,16000,1,PCM_16,96044,WAV,mixed,digital microphone / synthetic,variable,original,train,2026-09-27 12:06:14,42f1bb5fbb410a95aafa6d5ddec42c4fdd31e6919f9bf0a8d46bcb27ee71ab37,informational,False
SS-01179,background_noise_0278.wav,audio data/background_noise/background_noise_0278.wav,background_noise,Background Noise,3.0,16000,1,PCM_16,96044,WAV,mixed,digital microphone / synthetic,variable,original,train,2026-09-27 12:06:14,c08f3983bb11373214d3b252ed0321a13da40624aa9e6a85d3695d21f5068798,informational,False
SS-01180,background_noise_0279.wav,audio data/background_noise/background_noise_0279.wav,background_noise,Background Noise,3.0,16000,1,PCM_16,96044,WAV,mixed,digital microphone / synthetic,variable,original,train,2026-09-27 12:06:14,ed44fe3fbf510350bbb3734ff6ec466780514d94b935c2105f7840ca21b928e0,informational,False
SS-01181,background_noise_0280.wav,audio data/background_noise/background_noise_0280.wav,background_noise,Background Noise,3.0,16000,1,PCM_16,96044,WAV,mixed,digital microphone / synthetic,variable,original,validation,2026-09-27 12:06:14,c31c4f047da0e26065d120c1a01a30c0d22ed9b415590fb6400ccb5fe8714258,informational,False
SS-01182,background_noise_0281.wav,audio data/background_noise/background_noise_0281.wav,background_noise,Background Noise,3.0,16000,1,PCM_16,96044,WAV,mixed,digital microphone / synthetic,variable,original,train,2026-09-27 12:06:14,609d74d14b175aeedd3c4711b25ae2ce28907377acb692f5cc6e6d9adcf29210,informational,False
SS-01183,background_noise_0282.wav,audio data/background_noise/background_noise_0282.wav,background_noise,Background Noise,3.0,16000,1,PCM_16,96044,WAV,mixed,digital microphone / synthetic,variable,original,test,2026-09-27 12:06:14,40c2e9efe61ce151ed218a970049353044bacaff6d8eb1b6933a0bb1d25da2e5,informational,False
SS-01184,background_noise_0283.wav,audio data/background_noise/background_noise_0283.wav,background_noise,Background Noise,3.0,16000,1,PCM_16,96044,WAV,mixed,digital microphone / synthetic,variable,original,train,2026-09-27 12:06:14,4a23b9fb51ca8044c453a1be7980535d2039c7da2dc1549c2e9eec24dc7da26e,informational,False
SS-01185,background_noise_0284.wav,audio data/background_noise/background_noise_0284.wav,background_noise,Background Noise,3.0,16000,1,PCM_16,96044,WAV,mixed,digital microphone / synthetic,variable,original,validation,2026-09-27 12:06:14,fce29617515b1c9592be2a75c14ba56585898ad7c21d58c789235d80aff656be,informational,False
SS-01186,background_noise_0285.wav,audio data/background_noise/background_noise_0285.wav,background_noise,Background Noise,3.0,16000,1,PCM_16,96044,WAV,mixed,digital microphone / synthetic,variable,original,train,2026-09-27 12:06:14,54f5e27a1f8dd126cb4cbbd80f17d9b309a0173c28671cfa8de05893c418b9f2,informational,False
SS-01187,background_noise_0286.wav,audio data/background_noise/background_noise_0286.wav,background_noise,Background Noise,3.0,16000,1,PCM_16,96044,WAV,mixed,digital microphone / synthetic,variable,original,test,2026-09-27 12:06:14,bc899c83080b75299bf054509a66541f7a1db6bcf77355a0fd8ff9fabb5313d8,informational,False
SS-01188,background_noise_0287.wav,audio data/background_noise/background_noise_0287.wav,background_noise,Background Noise,3.0,16000,1,PCM_16,96044,WAV,mixed,digital microphone / synthetic,variable,original,train,2026-09-27 12:06:14,8f6686cf8f11b0b84ca4f46c05a966b524559a693352e2e89103964858d14532,informational,False
SS-01189,background_noise_0288.wav,audio data/background_noise/background_noise_0288.wav,background_noise,Background Noise,3.0,16000,1,PCM_16,96044,WAV,mixed,digital microphone / synthetic,variable,original,train,2026-09-27 12:06:14,9fc46fa454a2afa0e50293f251100f537198b731d8bd1255dc4ce1ce20b1bf25,informational,False
SS-01190,background_noise_0289.wav,audio data/background_noise/background_noise_0289.wav,background_noise,Background Noise,3.0,16000,1,PCM_16,96044,WAV,mixed,digital microphone / synthetic,variable,original,test,2026-09-27 12:06:14,45e40857a9f98d57948bb170e29cc95d98bc1f560935acced315fd869e513b3d,informational,False
SS-01191,background_noise_0290.wav,audio data/background_noise/background_noise_0290.wav,background_noise,Background Noise,3.0,16000,1,PCM_16,96044,WAV,mixed,digital microphone / synthetic,variable,original,train,2026-09-27 12:06:14,88d07fc86423402ff79fea838793b5096a48cd4af6ac278a480ba57cc76bf716,informational,False
SS-01192,background_noise_0291.wav,audio data/background_noise/background_noise_0291.wav,background_noise,Background Noise,3.0,16000,1,PCM_16,96044,WAV,mixed,digital microphone / synthetic,variable,original,train,2026-09-27 12:06:14,c77b455bdb88a4af591746028bce084e60238f0861fbb289873992c58f1ab3cd,informational,False
SS-01193,background_noise_0292.wav,audio data/background_noise/background_noise_0292.wav,background_noise,Background Noise,3.0,16000,1,PCM_16,96044,WAV,mixed,digital microphone / synthetic,variable,original,train,2026-09-27 12:06:14,cdd4c06fb2dd30dc26b2e162697ff9b80a746b39bb49bb9849e9f6707adc3619,informational,False
SS-01194,background_noise_0293.wav,audio data/background_noise/background_noise_0293.wav,background_noise,Background Noise,3.0,16000,1,PCM_16,96044,WAV,mixed,digital microphone / synthetic,variable,original,train,2026-09-27 12:06:14,cff522dee71cf47610ba6fee2985fe700c0c681849462e2aa61f92e00b8fd853,informational,False
SS-01195,background_noise_0294.wav,audio data/background_noise/background_noise_0294.wav,background_noise,Background Noise,3.0,16000,1,PCM_16,96044,WAV,mixed,digital microphone / synthetic,variable,original,validation,2026-09-27 12:06:14,eabe768c24b1ea473d4ff7b93aa11a48196a8d6ffbb3f9570b97c3c4ab4f8574,informational,False
SS-01196,background_noise_0295.wav,audio data/background_noise/background_noise_0295.wav,background_noise,Background Noise,3.0,16000,1,PCM_16,96044,WAV,mixed,digital microphone / synthetic,variable,original,train,2026-09-27 12:06:14,ba7246fbe088db199d795eecc57133ef2de78382b612261482eb5f15fd17307f,informational,False
SS-01197,background_noise_0296.wav,audio data/background_noise/background_noise_0296.wav,background_noise,Background Noise,3.0,16000,1,PCM_16,96044,WAV,mixed,digital microphone / synthetic,variable,original,test,2026-09-27 12:06:14,f0c0e823eaaf11f09e1dbe01a9f25bd2c3fe519a597ad3dca14115d33d382484,informational,False
SS-01198,background_noise_0297.wav,audio data/background_noise/background_noise_0297.wav,background_noise,Background Noise,3.0,16000,1,PCM_16,96044,WAV,mixed,digital microphone / synthetic,variable,original,train,2026-09-27 12:06:14,4e902a3612e87d337d42ad2157621b6ea57ffacb09280a1bfbda846d141b5cbd,informational,False
SS-01199,background_noise_0298.wav,audio data/background_noise/background_noise_0298.wav,background_noise,Background Noise,3.0,16000,1,PCM_16,96044,WAV,mixed,digital microphone / synthetic,variable,original,train,2026-09-27 12:06:14,299e460780edbc3cc60f2914b9dd7053c7d353767a1ee28c7ed61d9e187ffa58,informational,False
SS-01200,background_noise_0299.wav,audio data/background_noise/background_noise_0299.wav,background_noise,Background Noise,3.0,16000,1,PCM_16,96044,WAV,mixed,digital microphone / synthetic,variable,original,validation,2026-09-27 12:06:14,267c5bb4d3cfb0273e7faca6883232b267c70782924c33d6120acf1b10b87b14,informational,False
SS-01201,background_noise_0300.wav,audio data/background_noise/background_noise_0300.wav,background_noise,Background Noise,3.0,16000,1,PCM_16,96044,WAV,mixed,digital microphone / synthetic,variable,original,train,2026-09-27 12:06:14,3c94c7a95240fe02fd26339736d2797d50db572f3b364b68cfb6676f08999c55,informational,False
SS-01202,glass_breaking_0001.wav,audio data/glass_breaking/glass_breaking_0001.wav,glass_breaking,Glass Breaking,3.0,16000,1,PCM_16,96044,WAV,indoor,digital microphone / synthetic,1-10m,original,train,2026-09-27 12:06:14,d56a47525453828a6141f591c13a7e64751cca6d62ac6607176328d8bfdb4c25,high,False
SS-01203,glass_breaking_0002.wav,audio data/glass_breaking/glass_breaking_0002.wav,glass_breaking,Glass Breaking,3.0,16000,1,PCM_16,96044,WAV,indoor,digital microphone / synthetic,1-10m,original,train,2026-09-27 12:06:14,591c06bc89b21f5993b5cee1dc247f2f362b737cfe6204278ceee0a235155332,high,False
SS-01204,glass_breaking_0003.wav,audio data/glass_breaking/glass_breaking_0003.wav,glass_breaking,Glass Breaking,3.0,16000,1,PCM_16,96044,WAV,indoor,digital microphone / synthetic,1-10m,original,train,2026-09-27 12:06:14,a0b42b291cd5dedea07e2015a65002858265d7e2347cb5e7396106ac6ceae462,high,False
SS-01205,glass_breaking_0004.wav,audio data/glass_breaking/glass_breaking_0004.wav,glass_breaking,Glass Breaking,3.0,16000,1,PCM_16,96044,WAV,indoor,digital microphone / synthetic,1-10m,original,train,2026-09-27 12:06:14,5fcde2e542c2d6566aa05bd0b478f4c3cada595c53cf1dda58868765590d0093,high,False
SS-01206,glass_breaking_0005.wav,audio data/glass_breaking/glass_breaking_0005.wav,glass_breaking,Glass Breaking,3.0,16000,1,PCM_16,96044,WAV,indoor,digital microphone / synthetic,1-10m,original,test,2026-09-27 12:06:14,909714a65c0d1c8500aaef431fec84202a3011430c923f2228463619a2ab8e31,high,False
SS-01207,glass_breaking_0006.wav,audio data/glass_breaking/glass_breaking_0006.wav,glass_breaking,Glass Breaking,3.0,16000,1,PCM_16,96044,WAV,indoor,digital microphone / synthetic,1-10m,original,train,2026-09-27 12:06:14,9ad11a88553d0877a9a6c6b77f28e1f61f474abafd42366a09ce2eae64fa6b99,high,False
SS-01208,glass_breaking_0007.wav,audio data/glass_breaking/glass_breaking_0007.wav,glass_breaking,Glass Breaking,3.0,16000,1,PCM_16,96044,WAV,indoor,digital microphone / synthetic,1-10m,original,train,2026-09-27 12:06:14,88fc56a25bca4e895ec2cd842f942739b79a6a2c7d77aee942c3fe7815fcec51,high,False
SS-01209,glass_breaking_0008.wav,audio data/glass_breaking/glass_breaking_0008.wav,glass_breaking,Glass Breaking,3.0,16000,1,PCM_16,96044,WAV,indoor,digital microphone / synthetic,1-10m,original,train,2026-09-27 12:06:14,9c2b3077e60371c9038000f63fdafee3c0d3ad0cca8b276aa4b0572aa95052bc,high,False
SS-01210,glass_breaking_0009.wav,audio data/glass_breaking/glass_breaking_0009.wav,glass_breaking,Glass Breaking,3.0,16000,1,PCM_16,96044,WAV,indoor,digital microphone / synthetic,1-10m,original,validation,2026-09-27 12:06:14,57e4b07273c4090bbbd988b263766b545c414802f9ed9134b9fc91d76ff452e5,high,False
SS-01211,glass_breaking_0010.wav,audio data/glass_breaking/glass_breaking_0010.wav,glass_breaking,Glass Breaking,3.0,16000,1,PCM_16,96044,WAV,indoor,digital microphone / synthetic,1-10m,original,train,2026-09-27 12:06:14,31dc5b374ea54cb11e0b00b24fb2b2d721eaed926c7325b74ea78353c59512a3,high,False
SS-01212,glass_breaking_0011.wav,audio data/glass_breaking/glass_breaking_0011.wav,glass_breaking,Glass Breaking,3.0,16000,1,PCM_16,96044,WAV,indoor,digital microphone / synthetic,1-10m,original,validation,2026-09-27 12:06:14,07e5836d3d6d8558e7b2891f4c28691d80b0f3ca35a30255551103b756297690,high,False
SS-01213,glass_breaking_0012.wav,audio data/glass_breaking/glass_breaking_0012.wav,glass_breaking,Glass Breaking,3.0,16000,1,PCM_16,96044,WAV,indoor,digital microphone / synthetic,1-10m,original,test,2026-09-27 12:06:14,7dc064a99fc0a706b3c032debe3a8f7ee15efdf4cc16bf83303a95fbf8fdd7bb,high,False
SS-01214,glass_breaking_0013.wav,audio data/glass_breaking/glass_breaking_0013.wav,glass_breaking,Glass Breaking,3.0,16000,1,PCM_16,96044,WAV,indoor,digital microphone / synthetic,1-10m,original,train,2026-09-27 12:06:14,eff8cf28dc3446810ff336edc72a0eac40e888c2a40c26d36091185153609e21,high,False
SS-01215,glass_breaking_0014.wav,audio data/glass_breaking/glass_breaking_0014.wav,glass_breaking,Glass Breaking,3.0,16000,1,PCM_16,96044,WAV,indoor,digital microphone / synthetic,1-10m,original,train,2026-09-27 12:06:14,e1f3125307b5945237c24e4883f6faa7b4a142c229c0ec4e536ee5f9241ca18a,high,False
SS-01216,glass_breaking_0015.wav,audio data/glass_breaking/glass_breaking_0015.wav,glass_breaking,Glass Breaking,3.0,16000,1,PCM_16,96044,WAV,indoor,digital microphone / synthetic,1-10m,original,train,2026-09-27 12:06:14,23f881b4cdc115a7b79a0240635f55afa7b2c88938d7bdcd2922766f5447b6d5,high,False
SS-01217,glass_breaking_0016.wav,audio data/glass_breaking/glass_breaking_0016.wav,glass_breaking,Glass Breaking,3.0,16000,1,PCM_16,96044,WAV,indoor,digital microphone / synthetic,1-10m,original,train,2026-09-27 12:06:14,f8958d46609f6c5793ca772d6aa053c1dc38731f64fdad02fe98d28469fca435,high,False
SS-01218,glass_breaking_0017.wav,audio data/glass_breaking/glass_breaking_0017.wav,glass_breaking,Glass Breaking,3.0,16000,1,PCM_16,96044,WAV,indoor,digital microphone / synthetic,1-10m,original,train,2026-09-27 12:06:14,890640e4835e10b6cf30ebb591424d087e50706e891414ddd5712526629510c1,high,False
SS-01219,glass_breaking_0018.wav,audio data/glass_breaking/glass_breaking_0018.wav,glass_breaking,Glass Breaking,3.0,16000,1,PCM_16,96044,WAV,indoor,digital microphone / synthetic,1-10m,original,train,2026-09-27 12:06:14,b8358e96d560fe1690b059aec566d755470fcb7262a3dc2bd4f87dfc132c742e,high,False
SS-01220,glass_breaking_0019.wav,audio data/glass_breaking/glass_breaking_0019.wav,glass_breaking,Glass Breaking,3.0,16000,1,PCM_16,96044,WAV,indoor,digital microphone / synthetic,1-10m,original,train,2026-09-27 12:06:14,212f5b443ac3c848476f8f1511753057e64c9ebaeab625040d29e525bbb065b2,high,False
SS-01221,glass_breaking_0020.wav,audio data/glass_breaking/glass_breaking_0020.wav,glass_breaking,Glass Breaking,3.0,16000,1,PCM_16,96044,WAV,indoor,digital microphone / synthetic,1-10m,original,train,2026-09-27 12:06:14,e24466ec8ccd69d44afa36961e226a5ab565fc340eac8d549fa990a8e335df0c,high,False
SS-01222,glass_breaking_0021.wav,audio data/glass_breaking/glass_breaking_0021.wav,glass_breaking,Glass Breaking,3.0,16000,1,PCM_16,96044,WAV,indoor,digital microphone / synthetic,1-10m,original,train,2026-09-27 12:06:14,d2a735613acd2668a1581684edf0ac9a754d80884e8db6fa7ef3a0caf3c747bb,high,False
SS-01223,glass_breaking_0022.wav,audio data/glass_breaking/glass_breaking_0022.wav,glass_breaking,Glass Breaking,3.0,16000,1,PCM_16,96044,WAV,indoor,digital microphone / synthetic,1-10m,original,train,2026-09-27 12:06:14,89d7fd1595c04979688cefb1ac0f7c21fc91dfe7999819472e7fbe74172e3218,high,False
SS-01224,glass_breaking_0023.wav,audio data/glass_breaking/glass_breaking_0023.wav,glass_breaking,Glass Breaking,3.0,16000,1,PCM_16,96044,WAV,indoor,digital microphone / synthetic,1-10m,original,train,2026-09-27 12:06:14,491ae6b84ff429bb32f5e191139fdaddbe8c42dd56d350e7df736fba934c8760,high,False
SS-01225,glass_breaking_0024.wav,audio data/glass_breaking/glass_breaking_0024.wav,glass_breaking,Glass Breaking,3.0,16000,1,PCM_16,96044,WAV,indoor,digital microphone / synthetic,1-10m,original,validation,2026-09-27 12:06:14,449ed0985080ca9b9666cb6456442bae3e4e0b52073cd3699ce755406f2ae3d1,high,False
SS-01226,glass_breaking_0025.wav,audio data/glass_breaking/glass_breaking_0025.wav,glass_breaking,Glass Breaking,3.0,16000,1,PCM_16,96044,WAV,indoor,digital microphone / synthetic,1-10m,original,validation,2026-09-27 12:06:14,6d6604d2961d87b7a2046c08008e74f7af0bb9d856f870a4ba5f9e0175487a5f,high,False
SS-01227,glass_breaking_0026.wav,audio data/glass_breaking/glass_breaking_0026.wav,glass_breaking,Glass Breaking,3.0,16000,1,PCM_16,96044,WAV,indoor,digital microphone / synthetic,1-10m,original,test,2026-09-27 12:06:14,19658b77e1841f49283ef6a11916f71356c7f2c30f8673fb1e496833b77ec9e5,high,False
SS-01228,glass_breaking_0027.wav,audio data/glass_breaking/glass_breaking_0027.wav,glass_breaking,Glass Breaking,3.0,16000,1,PCM_16,96044,WAV,indoor,digital microphone / synthetic,1-10m,original,train,2026-09-27 12:06:14,ae9904433a9d97a46a02c2ece588354c3ada24fa20a44c56c2888cc20a5d0c64,high,False
SS-01229,glass_breaking_0028.wav,audio data/glass_breaking/glass_breaking_0028.wav,glass_breaking,Glass Breaking,3.0,16000,1,PCM_16,96044,WAV,indoor,digital microphone / synthetic,1-10m,original,train,2026-09-27 12:06:14,b6b8a045c7f5a61fa28d92590a0f1cbabe372e25c67a5104f0ea5a303d221c44,high,False
SS-01230,glass_breaking_0029.wav,audio data/glass_breaking/glass_breaking_0029.wav,glass_breaking,Glass Breaking,3.0,16000,1,PCM_16,96044,WAV,indoor,digital microphone / synthetic,1-10m,original,train,2026-09-27 12:06:14,3ff1146d4532e5ed9cb428dd037413066f7fb23e86625914d82c936131d53112,high,False
SS-01231,glass_breaking_0030.wav,audio data/glass_breaking/glass_breaking_0030.wav,glass_breaking,Glass Breaking,3.0,16000,1,PCM_16,96044,WAV,indoor,digital microphone / synthetic,1-10m,original,train,2026-09-27 12:06:14,1dd205d54afdd7c7c6434685f49b48f7a5ace90828cadaf8d08654d3ca78f152,high,False
SS-01232,glass_breaking_0031.wav,audio data/glass_breaking/glass_breaking_0031.wav,glass_breaking,Glass Breaking,3.0,16000,1,PCM_16,96044,WAV,indoor,digital microphone / synthetic,1-10m,original,train,2026-09-27 12:06:14,03b1af2da3f0f05ef12a4a26082efdf8651f5d9b8e4ae282e2b14cfc9e560da0,high,False
SS-01233,glass_breaking_0032.wav,audio data/glass_breaking/glass_breaking_0032.wav,glass_breaking,Glass Breaking,3.0,16000,1,PCM_16,96044,WAV,indoor,digital microphone / synthetic,1-10m,original,train,2026-09-27 12:06:14,60d1a4d18ca694497a53a64fcd100138825c821c83bb60a207edbcc36c9a2e77,high,False
SS-01234,glass_breaking_0033.wav,audio data/glass_breaking/glass_breaking_0033.wav,glass_breaking,Glass Breaking,3.0,16000,1,PCM_16,96044,WAV,indoor,digital microphone / synthetic,1-10m,original,train,2026-09-27 12:06:14,f438737a29204c7ab85ce410c1669f9650013c711147aea71ef81f3f28c145b5,high,False
SS-01235,glass_breaking_0034.wav,audio data/glass_breaking/glass_breaking_0034.wav,glass_breaking,Glass Breaking,3.0,16000,1,PCM_16,96044,WAV,indoor,digital microphone / synthetic,1-10m,original,validation,2026-09-27 12:06:14,f532416da6732245157d28d75833d67546e6aeaa5d2e21917a2a9b262c38c8c8,high,False
SS-01236,glass_breaking_0035.wav,audio data/glass_breaking/glass_breaking_0035.wav,glass_breaking,Glass Breaking,3.0,16000,1,PCM_16,96044,WAV,indoor,digital microphone / synthetic,1-10m,original,train,2026-09-27 12:06:14,8e49612a2f49c71b272c8ed314e5dfa6a2135497be40c41d399e469afc9c8cad,high,False
SS-01237,glass_breaking_0036.wav,audio data/glass_breaking/glass_breaking_0036.wav,glass_breaking,Glass Breaking,3.0,16000,1,PCM_16,96044,WAV,indoor,digital microphone / synthetic,1-10m,original,validation,2026-09-27 12:06:14,aac05ea0323dfe992facfce3a6438e91a429bde2a8233b83d3d4ad60893babff,high,False
SS-01238,glass_breaking_0037.wav,audio data/glass_breaking/glass_breaking_0037.wav,glass_breaking,Glass Breaking,3.0,16000,1,PCM_16,96044,WAV,indoor,digital microphone / synthetic,1-10m,original,train,2026-09-27 12:06:14,0e76010a24f9deaf6da286086ccf9fd4ab7dd1bada9cd57f5dfeec0aabce9076,high,False
SS-01239,glass_breaking_0038.wav,audio data/glass_breaking/glass_breaking_0038.wav,glass_breaking,Glass Breaking,3.0,16000,1,PCM_16,96044,WAV,indoor,digital microphone / synthetic,1-10m,original,test,2026-09-27 12:06:14,371348f3d7c80ccbc81ce4676bfff3665ff031d45b30232618837d279d9ac8d8,high,False
SS-01240,glass_breaking_0039.wav,audio data/glass_breaking/glass_breaking_0039.wav,glass_breaking,Glass Breaking,3.0,16000,1,PCM_16,96044,WAV,indoor,digital microphone / synthetic,1-10m,original,train,2026-09-27 12:06:14,400a029644c0f66f872eeb31751cbaecef4e4fa9957eed00ed3b0c9785954737,high,False
SS-01241,glass_breaking_0040.wav,audio data/glass_breaking/glass_breaking_0040.wav,glass_breaking,Glass Breaking,3.0,16000,1,PCM_16,96044,WAV,indoor,digital microphone / synthetic,1-10m,original,train,2026-09-27 12:06:14,bde82dfe8b53eface29926f6c4ca1c2c57b01b7e0a61702753495f01b9bc6c4a,high,False
SS-01242,glass_breaking_0041.wav,audio data/glass_breaking/glass_breaking_0041.wav,glass_breaking,Glass Breaking,3.0,16000,1,PCM_16,96044,WAV,indoor,digital microphone / synthetic,1-10m,original,test,2026-09-27 12:06:14,fc5aac9092e9fbc871fc262684046fbeb0cbe47b8675052c8f2e4ff083e20a87,high,False
SS-01243,glass_breaking_0042.wav,audio data/glass_breaking/glass_breaking_0042.wav,glass_breaking,Glass Breaking,3.0,16000,1,PCM_16,96044,WAV,indoor,digital microphone / synthetic,1-10m,original,train,2026-09-27 12:06:14,cd2d735a18d5f7167c36ff2cd64cd49961d98bf3d1b9724d8edd30c6ac9c4e09,high,False
SS-01244,glass_breaking_0043.wav,audio data/glass_breaking/glass_breaking_0043.wav,glass_breaking,Glass Breaking,3.0,16000,1,PCM_16,96044,WAV,indoor,digital microphone / synthetic,1-10m,original,validation,2026-09-27 12:06:14,bd4a190994326f69127ea2b8504f157da0f2f28c80837d9396f1579bcae98c15,high,False
SS-01245,glass_breaking_0044.wav,audio data/glass_breaking/glass_breaking_0044.wav,glass_breaking,Glass Breaking,3.0,16000,1,PCM_16,96044,WAV,indoor,digital microphone / synthetic,1-10m,original,train,2026-09-27 12:06:14,69ce1f6ad751abd834b15e10322978d67eafc20c6a9686d67f56c0802b467ea0,high,False
SS-01246,glass_breaking_0045.wav,audio data/glass_breaking/glass_breaking_0045.wav,glass_breaking,Glass Breaking,3.0,16000,1,PCM_16,96044,WAV,indoor,digital microphone / synthetic,1-10m,original,validation,2026-09-27 12:06:14,3d53f630ebb18b90d19da6049ab4823740a882265aaed2693981590aca8139b9,high,False
SS-01247,glass_breaking_0046.wav,audio data/glass_breaking/glass_breaking_0046.wav,glass_breaking,Glass Breaking,3.0,16000,1,PCM_16,96044,WAV,indoor,digital microphone / synthetic,1-10m,original,train,2026-09-27 12:06:14,89f292f4674a1875de04def60df17d953f1c5023ed5a9a1b000b375b47a2cc1d,high,False
SS-01248,glass_breaking_0047.wav,audio data/glass_breaking/glass_breaking_0047.wav,glass_breaking,Glass Breaking,3.0,16000,1,PCM_16,96044,WAV,indoor,digital microphone / synthetic,1-10m,original,train,2026-09-27 12:06:14,358e01ffb708f422d67652073e800fb1e17bb3754a435cd88e3c9751d26a1d12,high,False
SS-01249,glass_breaking_0048.wav,audio data/glass_breaking/glass_breaking_0048.wav,glass_breaking,Glass Breaking,3.0,16000,1,PCM_16,96044,WAV,indoor,digital microphone / synthetic,1-10m,original,train,2026-09-27 12:06:14,0d8706ba28da7de1428073c74765cdbdeaa1e6595cbbe35b46002ddebabcfb32,high,False
SS-01250,glass_breaking_0049.wav,audio data/glass_breaking/glass_breaking_0049.wav,glass_breaking,Glass Breaking,3.0,16000,1,PCM_16,96044,WAV,indoor,digital microphone / synthetic,1-10m,original,train,2026-09-27 12:06:14,1ef082fad05066d30488de16b41d2fecb912ac8308dc854713d3741b83f49034,high,False
SS-01251,glass_breaking_0050.wav,audio data/glass_breaking/glass_breaking_0050.wav,glass_breaking,Glass Breaking,3.0,16000,1,PCM_16,96044,WAV,indoor,digital microphone / synthetic,1-10m,original,train,2026-09-27 12:06:14,5deadce9422b5fd65e6fe67663ff59332e358694b58b79add9ddfb96460d3451,high,False
SS-01252,glass_breaking_0051.wav,audio data/glass_breaking/glass_breaking_0051.wav,glass_breaking,Glass Breaking,3.0,16000,1,PCM_16,96044,WAV,indoor,digital microphone / synthetic,1-10m,original,train,2026-09-27 12:06:14,54f22a1eae722e150c5ce5fd7c92eb5b0b5c5f72e81fb86c5021408f0d804fb2,high,False
SS-01253,glass_breaking_0052.wav,audio data/glass_breaking/glass_breaking_0052.wav,glass_breaking,Glass Breaking,3.0,16000,1,PCM_16,96044,WAV,indoor,digital microphone / synthetic,1-10m,original,validation,2026-09-27 12:06:14,d97232949b1ee343fda027e4c973bb7e55daed8c5f85ca303857aeb6e3b333c5,high,False
SS-01254,glass_breaking_0053.wav,audio data/glass_breaking/glass_breaking_0053.wav,glass_breaking,Glass Breaking,3.0,16000,1,PCM_16,96044,WAV,indoor,digital microphone / synthetic,1-10m,original,train,2026-09-27 12:06:14,54252cba87c6fbc0dd57ac650f2697ad89223ab2f7f856eff325b9e4509133d2,high,False
SS-01255,glass_breaking_0054.wav,audio data/glass_breaking/glass_breaking_0054.wav,glass_breaking,Glass Breaking,3.0,16000,1,PCM_16,96044,WAV,indoor,digital microphone / synthetic,1-10m,original,train,2026-09-27 12:06:14,a52b010d9a2ab7ba5e48af9621492c2e305ce0de81342ee87831fdcdc4d914cf,high,False
SS-01256,glass_breaking_0055.wav,audio data/glass_breaking/glass_breaking_0055.wav,glass_breaking,Glass Breaking,3.0,16000,1,PCM_16,96044,WAV,indoor,digital microphone / synthetic,1-10m,original,test,2026-09-27 12:06:14,f49b1d0cc3488511695c8431cda3cacd5175ce63d2875fdb53c5eb051099213c,high,False
SS-01257,glass_breaking_0056.wav,audio data/glass_breaking/glass_breaking_0056.wav,glass_breaking,Glass Breaking,3.0,16000,1,PCM_16,96044,WAV,indoor,digital microphone / synthetic,1-10m,original,train,2026-09-27 12:06:14,8aba6c17884f614af665039b7382389410c715a159a9f957a0a0a2c16c64f5a8,high,False
SS-01258,glass_breaking_0057.wav,audio data/glass_breaking/glass_breaking_0057.wav,glass_breaking,Glass Breaking,3.0,16000,1,PCM_16,96044,WAV,indoor,digital microphone / synthetic,1-10m,original,train,2026-09-27 12:06:14,d2a349de1462074d2ce01a887796bdcfb60e3f9bb16056068e7ad1c1b327e26d,high,False
SS-01259,glass_breaking_0058.wav,audio data/glass_breaking/glass_breaking_0058.wav,glass_breaking,Glass Breaking,3.0,16000,1,PCM_16,96044,WAV,indoor,digital microphone / synthetic,1-10m,original,train,2026-09-27 12:06:14,3669f48767340f233f542ceddaddc449eb589596451aca0ea02463d7eb9b103c,high,False
SS-01260,glass_breaking_0059.wav,audio data/glass_breaking/glass_breaking_0059.wav,glass_breaking,Glass Breaking,3.0,16000,1,PCM_16,96044,WAV,indoor,digital microphone / synthetic,1-10m,original,train,2026-09-27 12:06:14,333a00da06a4f13ab4c322a9294fb296416ea1709f7c318b8791dbf0f0b04625,high,False
SS-01261,glass_breaking_0060.wav,audio data/glass_breaking/glass_breaking_0060.wav,glass_breaking,Glass Breaking,3.0,16000,1,PCM_16,96044,WAV,indoor,digital microphone / synthetic,1-10m,original,train,2026-09-27 12:06:14,93488054fcc1fde701e1e21f559797b8659a29b7017af273414c386e424925cc,high,False
SS-01262,glass_breaking_0061.wav,audio data/glass_breaking/glass_breaking_0061.wav,glass_breaking,Glass Breaking,3.0,16000,1,PCM_16,96044,WAV,indoor,digital microphone / synthetic,1-10m,original,train,2026-09-27 12:06:14,b97422dc68a87a06fbca94a894d2fed743c89216f0cdcb8fff015335b7cc371a,high,False
SS-01263,glass_breaking_0062.wav,audio data/glass_breaking/glass_breaking_0062.wav,glass_breaking,Glass Breaking,3.0,16000,1,PCM_16,96044,WAV,indoor,digital microphone / synthetic,1-10m,original,train,2026-09-27 12:06:14,f20c75cce25b7d4faab5d606a44e47588ab99a929e0ef9a29f997c00f1c5c460,high,False
SS-01264,glass_breaking_0063.wav,audio data/glass_breaking/glass_breaking_0063.wav,glass_breaking,Glass Breaking,3.0,16000,1,PCM_16,96044,WAV,indoor,digital microphone / synthetic,1-10m,original,train,2026-09-27 12:06:14,eec8092da82c5f25399fae0e658b87c9bd1b48b8342746f50eb6b253c19aa030,high,False
SS-01265,glass_breaking_0064.wav,audio data/glass_breaking/glass_breaking_0064.wav,glass_breaking,Glass Breaking,3.0,16000,1,PCM_16,96044,WAV,indoor,digital microphone / synthetic,1-10m,original,train,2026-09-27 12:06:14,5cbbc425a19826d0aead40d5d0c94a34390e82270e823eda54d0fee795a4880a,high,False
SS-01266,glass_breaking_0065.wav,audio data/glass_breaking/glass_breaking_0065.wav,glass_breaking,Glass Breaking,3.0,16000,1,PCM_16,96044,WAV,indoor,digital microphone / synthetic,1-10m,original,validation,2026-09-27 12:06:14,f6548bb854177903eed77c0cedc35913651367b8bf19b984c96489df350a19a8,high,False
SS-01267,glass_breaking_0066.wav,audio data/glass_breaking/glass_breaking_0066.wav,glass_breaking,Glass Breaking,3.0,16000,1,PCM_16,96044,WAV,indoor,digital microphone / synthetic,1-10m,original,validation,2026-09-27 12:06:14,0a75ddb7d367ee97eaa2d72290890583367897480541fcd657b82013f1534374,high,False
SS-01268,glass_breaking_0067.wav,audio data/glass_breaking/glass_breaking_0067.wav,glass_breaking,Glass Breaking,3.0,16000,1,PCM_16,96044,WAV,indoor,digital microphone / synthetic,1-10m,original,train,2026-09-27 12:06:14,4e7b9154c36497b4020f015f539938a077e737aa3cbe9d08755af864e079f3b0,high,False
SS-01269,glass_breaking_0068.wav,audio data/glass_breaking/glass_breaking_0068.wav,glass_breaking,Glass Breaking,3.0,16000,1,PCM_16,96044,WAV,indoor,digital microphone / synthetic,1-10m,original,train,2026-09-27 12:06:14,9054263887ce8b284f8df0358767643e0a56082a3bbd2f3677a3093d61d3e791,high,False
SS-01270,glass_breaking_0069.wav,audio data/glass_breaking/glass_breaking_0069.wav,glass_breaking,Glass Breaking,3.0,16000,1,PCM_16,96044,WAV,indoor,digital microphone / synthetic,1-10m,original,train,2026-09-27 12:06:14,561b63fb71928b1f6110229922aa6b870f14122daf63969d946a8ad829b34614,high,False
SS-01271,glass_breaking_0070.wav,audio data/glass_breaking/glass_breaking_0070.wav,glass_breaking,Glass Breaking,3.0,16000,1,PCM_16,96044,WAV,indoor,digital microphone / synthetic,1-10m,original,validation,2026-09-27 12:06:14,c45286e3287cc2f7e9c948d942018b1987d954e153f56841f640e9ce8d7a7b23,high,False
SS-01272,glass_breaking_0071.wav,audio data/glass_breaking/glass_breaking_0071.wav,glass_breaking,Glass Breaking,3.0,16000,1,PCM_16,96044,WAV,indoor,digital microphone / synthetic,1-10m,original,train,2026-09-27 12:06:14,4630e68556e44459ae99c21dc74f4c43e5cdf86f09e2f91d57e36b438d80b438,high,False
SS-01273,glass_breaking_0072.wav,audio data/glass_breaking/glass_breaking_0072.wav,glass_breaking,Glass Breaking,3.0,16000,1,PCM_16,96044,WAV,indoor,digital microphone / synthetic,1-10m,original,train,2026-09-27 12:06:14,14aabb74aa35fe234fd8d6e8cd806df003b7e72e5e3c8b604dc83ac378abe74b,high,False
SS-01274,glass_breaking_0073.wav,audio data/glass_breaking/glass_breaking_0073.wav,glass_breaking,Glass Breaking,3.0,16000,1,PCM_16,96044,WAV,indoor,digital microphone / synthetic,1-10m,original,train,2026-09-27 12:06:14,c77022658519f08d8783b6ae3aba7bdcf1e9b2e0b974e3803bd6e26496901a63,high,False
SS-01275,glass_breaking_0074.wav,audio data/glass_breaking/glass_breaking_0074.wav,glass_breaking,Glass Breaking,3.0,16000,1,PCM_16,96044,WAV,indoor,digital microphone / synthetic,1-10m,original,test,2026-09-27 12:06:14,c5293d53cf1bac01632e57ae226c7aa2cc4dca919529be96ee7ad99179087f10,high,False
SS-01276,glass_breaking_0075.wav,audio data/glass_breaking/glass_breaking_0075.wav,glass_breaking,Glass Breaking,3.0,16000,1,PCM_16,96044,WAV,indoor,digital microphone / synthetic,1-10m,original,train,2026-09-27 12:06:14,f3deb3f7d764cf7a72b00478934b50e97f5a9e9adf5b217a423beca2f758dbd1,high,False
SS-01277,glass_breaking_0076.wav,audio data/glass_breaking/glass_breaking_0076.wav,glass_breaking,Glass Breaking,3.0,16000,1,PCM_16,96044,WAV,indoor,digital microphone / synthetic,1-10m,original,validation,2026-09-27 12:06:14,02d28009431b13d01a6cf63ab60bb241bd74d8292f364a4f24e2a872377d83eb,high,False
SS-01278,glass_breaking_0077.wav,audio data/glass_breaking/glass_breaking_0077.wav,glass_breaking,Glass Breaking,3.0,16000,1,PCM_16,96044,WAV,indoor,digital microphone / synthetic,1-10m,original,train,2026-09-27 12:06:14,da19fee1b80cc10489d30e6b2f623b5319d1c1234c2ee08d06f7f6e76ba951f0,high,False
SS-01279,glass_breaking_0078.wav,audio data/glass_breaking/glass_breaking_0078.wav,glass_breaking,Glass Breaking,3.0,16000,1,PCM_16,96044,WAV,indoor,digital microphone / synthetic,1-10m,original,train,2026-09-27 12:06:14,f3941cda3244b29577d42becda929b23e4cd7b3805fc42e4a82e4f504f759bdc,high,False
SS-01280,glass_breaking_0079.wav,audio data/glass_breaking/glass_breaking_0079.wav,glass_breaking,Glass Breaking,3.0,16000,1,PCM_16,96044,WAV,indoor,digital microphone / synthetic,1-10m,original,train,2026-09-27 12:06:14,3170269f02021f5ae84def7a62567865f957144a0c2c29096ead9a87df5df753,high,False
SS-01281,glass_breaking_0080.wav,audio data/glass_breaking/glass_breaking_0080.wav,glass_breaking,Glass Breaking,3.0,16000,1,PCM_16,96044,WAV,indoor,digital microphone / synthetic,1-10m,original,validation,2026-09-27 12:06:14,040a4621d86bdd2ee3c08055d8267a3bdd8a6e9c0185601aefcfeeb9f8d3d388,high,False
SS-01282,glass_breaking_0081.wav,audio data/glass_breaking/glass_breaking_0081.wav,glass_breaking,Glass Breaking,3.0,16000,1,PCM_16,96044,WAV,indoor,digital microphone / synthetic,1-10m,original,test,2026-09-27 12:06:14,872a150414e0d862286662899b9637942fda22d10fbd7c3ceb8e8787d333e131,high,False
SS-01283,glass_breaking_0082.wav,audio data/glass_breaking/glass_breaking_0082.wav,glass_breaking,Glass Breaking,3.0,16000,1,PCM_16,96044,WAV,indoor,digital microphone / synthetic,1-10m,original,train,2026-09-27 12:06:14,59985275dae23ef968e5602134306827d19623e45fa6b1e2afda447396d1149e,high,False
SS-01284,glass_breaking_0083.wav,audio data/glass_breaking/glass_breaking_0083.wav,glass_breaking,Glass Breaking,3.0,16000,1,PCM_16,96044,WAV,indoor,digital microphone / synthetic,1-10m,original,train,2026-09-27 12:06:14,34e71164e99a78ddad7c6d22764a320c29a5f7e5c652396155921b0be7dc233f,high,False
SS-01285,glass_breaking_0084.wav,audio data/glass_breaking/glass_breaking_0084.wav,glass_breaking,Glass Breaking,3.0,16000,1,PCM_16,96044,WAV,indoor,digital microphone / synthetic,1-10m,original,validation,2026-09-27 12:06:14,64a86b415a96e364d7c4a9eb7ebc92fd91cb6c79fbf70a450fa9cf3bd268b3a8,high,False
SS-01286,glass_breaking_0085.wav,audio data/glass_breaking/glass_breaking_0085.wav,glass_breaking,Glass Breaking,3.0,16000,1,PCM_16,96044,WAV,indoor,digital microphone / synthetic,1-10m,original,train,2026-09-27 12:06:14,7078223d4c830948072d0d2f2a1ffb0fea694c779bdfcb30c3716df492694118,high,False
SS-01287,glass_breaking_0086.wav,audio data/glass_breaking/glass_breaking_0086.wav,glass_breaking,Glass Breaking,3.0,16000,1,PCM_16,96044,WAV,indoor,digital microphone / synthetic,1-10m,original,train,2026-09-27 12:06:14,93c871bea060bf2ae50953e4ae984bf4a8e3baed60e0d3894c418deb6330aa6e,high,False
SS-01288,glass_breaking_0087.wav,audio data/glass_breaking/glass_breaking_0087.wav,glass_breaking,Glass Breaking,3.0,16000,1,PCM_16,96044,WAV,indoor,digital microphone / synthetic,1-10m,original,train,2026-09-27 12:06:14,ff309eace4a90d8c098d40b6aab6195587861e7e49fbda8514cea9442060b0f0,high,False
SS-01289,glass_breaking_0088.wav,audio data/glass_breaking/glass_breaking_0088.wav,glass_breaking,Glass Breaking,3.0,16000,1,PCM_16,96044,WAV,indoor,digital microphone / synthetic,1-10m,original,test,2026-09-27 12:06:14,ceb71120fe562536fb7fbaa54ac91ffffce8d19ecc3626430eee90bd90e4eb5d,high,False
SS-01290,glass_breaking_0089.wav,audio data/glass_breaking/glass_breaking_0089.wav,glass_breaking,Glass Breaking,3.0,16000,1,PCM_16,96044,WAV,indoor,digital microphone / synthetic,1-10m,original,train,2026-09-27 12:06:14,210203e11be1a536e952cd2d3f08a49f9caaab652b1ce72aff20655c6bc09431,high,False
SS-01291,glass_breaking_0090.wav,audio data/glass_breaking/glass_breaking_0090.wav,glass_breaking,Glass Breaking,3.0,16000,1,PCM_16,96044,WAV,indoor,digital microphone / synthetic,1-10m,original,test,2026-09-27 12:06:14,ed491bc95896a5459066c6137c2f0ab394e2170f181334425b78c601a8764956,high,False
SS-01292,glass_breaking_0091.wav,audio data/glass_breaking/glass_breaking_0091.wav,glass_breaking,Glass Breaking,3.0,16000,1,PCM_16,96044,WAV,indoor,digital microphone / synthetic,1-10m,original,train,2026-09-27 12:06:14,24ae865f26a79d9a7bfcf88ea3f4762f2d37b7e3628f15290619ce1be1f27665,high,False
SS-01293,glass_breaking_0092.wav,audio data/glass_breaking/glass_breaking_0092.wav,glass_breaking,Glass Breaking,3.0,16000,1,PCM_16,96044,WAV,indoor,digital microphone / synthetic,1-10m,original,train,2026-09-27 12:06:14,f51726e76cf085df3930c516b836705b1a22a100d609a420b799096f225624a8,high,False
SS-01294,glass_breaking_0093.wav,audio data/glass_breaking/glass_breaking_0093.wav,glass_breaking,Glass Breaking,3.0,16000,1,PCM_16,96044,WAV,indoor,digital microphone / synthetic,1-10m,original,train,2026-09-27 12:06:14,f3e280b62b3674475789f5e6e5a42c553dbf4d1ed1c0fd3c4c5d13d668aea905,high,False
SS-01295,glass_breaking_0094.wav,audio data/glass_breaking/glass_breaking_0094.wav,glass_breaking,Glass Breaking,3.0,16000,1,PCM_16,96044,WAV,indoor,digital microphone / synthetic,1-10m,original,validation,2026-09-27 12:06:14,ca279c83f7e6d36d9ffb27a676792299ec6a4ee4eba03ed04ade7d52d2cb6ca7,high,False
SS-01296,glass_breaking_0095.wav,audio data/glass_breaking/glass_breaking_0095.wav,glass_breaking,Glass Breaking,3.0,16000,1,PCM_16,96044,WAV,indoor,digital microphone / synthetic,1-10m,original,train,2026-09-27 12:06:14,0a8ac567ce0a43a165aed16b75140a3175f7a4f4b39d3e8c502fd8aaf270dd45,high,False
SS-01297,glass_breaking_0096.wav,audio data/glass_breaking/glass_breaking_0096.wav,glass_breaking,Glass Breaking,3.0,16000,1,PCM_16,96044,WAV,indoor,digital microphone / synthetic,1-10m,original,train,2026-09-27 12:06:14,1203e5d4273cbfc90e08bff5598787c935095daa3d00762a71f7c9de1d5c212a,high,False
SS-01298,glass_breaking_0097.wav,audio data/glass_breaking/glass_breaking_0097.wav,glass_breaking,Glass Breaking,3.0,16000,1,PCM_16,96044,WAV,indoor,digital microphone / synthetic,1-10m,original,train,2026-09-27 12:06:14,4b65aced101be7327f4453c63e6e5b5419a5775ad57da5aa2e1a00bde2573e69,high,False
SS-01299,glass_breaking_0098.wav,audio data/glass_breaking/glass_breaking_0098.wav,glass_breaking,Glass Breaking,3.0,16000,1,PCM_16,96044,WAV,indoor,digital microphone / synthetic,1-10m,original,test,2026-09-27 12:06:14,f40b5adff452354a8b03b5dc272c314150c89e05f3922c2363e41ed4448a1b34,high,False
SS-01300,glass_breaking_0099.wav,audio data/glass_breaking/glass_breaking_0099.wav,glass_breaking,Glass Breaking,3.0,16000,1,PCM_16,96044,WAV,indoor,digital microphone / synthetic,1-10m,original,train,2026-09-27 12:06:14,f32c2a1385a9680655e0848e27eebd448abc64d6ae8955d60d8b9b22cc4267bf,high,False
SS-01301,glass_breaking_0100.wav,audio data/glass_breaking/glass_breaking_0100.wav,glass_breaking,Glass Breaking,3.0,16000,1,PCM_16,96044,WAV,indoor,digital microphone / synthetic,1-10m,original,train,2026-09-27 12:06:14,8f7051ef65f578399e812ecbcb157fb93bd2deb7bd42448066dec8dc12157345,high,False
SS-01302,glass_breaking_0101.wav,audio data/glass_breaking/glass_breaking_0101.wav,glass_breaking,Glass Breaking,3.0,16000,1,PCM_16,96044,WAV,indoor,digital microphone / synthetic,1-10m,original,train,2026-09-27 12:06:14,953a816ff214b1e3f86aec9cbb3f0fac55bfe929b3a5b8ba3f0aed3bd4463969,high,False
SS-01303,glass_breaking_0102.wav,audio data/glass_breaking/glass_breaking_0102.wav,glass_breaking,Glass Breaking,3.0,16000,1,PCM_16,96044,WAV,indoor,digital microphone / synthetic,1-10m,original,test,2026-09-27 12:06:14,421b5a4a7572a0d847a794be5a3d8732c830305887a65a604133612f9fa613dd,high,False
SS-01304,glass_breaking_0103.wav,audio data/glass_breaking/glass_breaking_0103.wav,glass_breaking,Glass Breaking,3.0,16000,1,PCM_16,96044,WAV,indoor,digital microphone / synthetic,1-10m,original,train,2026-09-27 12:06:14,ae5837ee00a87086f3253167ed31dcd1b3476c48f0347c907403cca3bce60e54,high,False
SS-01305,glass_breaking_0104.wav,audio data/glass_breaking/glass_breaking_0104.wav,glass_breaking,Glass Breaking,3.0,16000,1,PCM_16,96044,WAV,indoor,digital microphone / synthetic,1-10m,original,train,2026-09-27 12:06:14,9ce2bb6d73e0dfe497bddc5a9c8863528038883a484da2d8edc9d0698f68b87b,high,False
SS-01306,glass_breaking_0105.wav,audio data/glass_breaking/glass_breaking_0105.wav,glass_breaking,Glass Breaking,3.0,16000,1,PCM_16,96044,WAV,indoor,digital microphone / synthetic,1-10m,original,train,2026-09-27 12:06:14,d284231e86fe8f19f7c99ddda19a34959825cbc114e3d2c446f12b274f13964c,high,False
SS-01307,glass_breaking_0106.wav,audio data/glass_breaking/glass_breaking_0106.wav,glass_breaking,Glass Breaking,3.0,16000,1,PCM_16,96044,WAV,indoor,digital microphone / synthetic,1-10m,original,train,2026-09-27 12:06:14,31662f011d26daf377e50d86a55cc03a69f4818026afb0640bbe40b2ca0eab3c,high,False
SS-01308,glass_breaking_0107.wav,audio data/glass_breaking/glass_breaking_0107.wav,glass_breaking,Glass Breaking,3.0,16000,1,PCM_16,96044,WAV,indoor,digital microphone / synthetic,1-10m,original,validation,2026-09-27 12:06:14,af39a875eb0ee4a8725aae1e332ee0945fba902807ddc8b0ddafb28b3f30cafc,high,False
SS-01309,glass_breaking_0108.wav,audio data/glass_breaking/glass_breaking_0108.wav,glass_breaking,Glass Breaking,3.0,16000,1,PCM_16,96044,WAV,indoor,digital microphone / synthetic,1-10m,original,train,2026-09-27 12:06:14,5a5060b6e97146e5a8cfef33936ec3279fb3302fcd4780ac79f542ca3eab2121,high,False
SS-01310,glass_breaking_0109.wav,audio data/glass_breaking/glass_breaking_0109.wav,glass_breaking,Glass Breaking,3.0,16000,1,PCM_16,96044,WAV,indoor,digital microphone / synthetic,1-10m,original,train,2026-09-27 12:06:14,33545683496ec6b7f510d141da41ec8419c2b377754e0e4b5abea77efea9b501,high,False
SS-01311,glass_breaking_0110.wav,audio data/glass_breaking/glass_breaking_0110.wav,glass_breaking,Glass Breaking,3.0,16000,1,PCM_16,96044,WAV,indoor,digital microphone / synthetic,1-10m,original,train,2026-09-27 12:06:14,12582664e71f83768934aa8e12c1710975a380bb646e47b0118900de22bee937,high,False
SS-01312,glass_breaking_0111.wav,audio data/glass_breaking/glass_breaking_0111.wav,glass_breaking,Glass Breaking,3.0,16000,1,PCM_16,96044,WAV,indoor,digital microphone / synthetic,1-10m,original,train,2026-09-27 12:06:14,25def90645c24c8403e8a19f6239be2cee04ba95f9ef1b63cdcf53f2dfa5442e,high,False
SS-01313,glass_breaking_0112.wav,audio data/glass_breaking/glass_breaking_0112.wav,glass_breaking,Glass Breaking,3.0,16000,1,PCM_16,96044,WAV,indoor,digital microphone / synthetic,1-10m,original,train,2026-09-27 12:06:14,9c1dfc09d20796f3d308298758a83d11897c91e87fa2258ac6f08d7555cf0c06,high,False
SS-01314,glass_breaking_0113.wav,audio data/glass_breaking/glass_breaking_0113.wav,glass_breaking,Glass Breaking,3.0,16000,1,PCM_16,96044,WAV,indoor,digital microphone / synthetic,1-10m,original,test,2026-09-27 12:06:14,86392d80cdc1826bebaac32cb5869079c2786d792c1c307396575751f7d4d141,high,False
SS-01315,glass_breaking_0114.wav,audio data/glass_breaking/glass_breaking_0114.wav,glass_breaking,Glass Breaking,3.0,16000,1,PCM_16,96044,WAV,indoor,digital microphone / synthetic,1-10m,original,train,2026-09-27 12:06:14,8c07e69b4c20a15e6f52d468c54d32fdccc14b912be3b3d99601a2880e42674a,high,False
SS-01316,glass_breaking_0115.wav,audio data/glass_breaking/glass_breaking_0115.wav,glass_breaking,Glass Breaking,3.0,16000,1,PCM_16,96044,WAV,indoor,digital microphone / synthetic,1-10m,original,train,2026-09-27 12:06:14,e8ca6591c58c5a5e45cea609340d4dd58cd9495996eed36d8a7298884b655455,high,False
SS-01317,glass_breaking_0116.wav,audio data/glass_breaking/glass_breaking_0116.wav,glass_breaking,Glass Breaking,3.0,16000,1,PCM_16,96044,WAV,indoor,digital microphone / synthetic,1-10m,original,train,2026-09-27 12:06:14,31cb17c89f3e5d3b768e449b6c525bef8e7fd5f5e64d311f6efa581b9064b63a,high,False
SS-01318,glass_breaking_0117.wav,audio data/glass_breaking/glass_breaking_0117.wav,glass_breaking,Glass Breaking,3.0,16000,1,PCM_16,96044,WAV,indoor,digital microphone / synthetic,1-10m,original,train,2026-09-27 12:06:14,7208a0f1b2c86768b49bbd7105ee05209be8f4e8f4524e5b3ad6c45801565758,high,False
SS-01319,glass_breaking_0118.wav,audio data/glass_breaking/glass_breaking_0118.wav,glass_breaking,Glass Breaking,3.0,16000,1,PCM_16,96044,WAV,indoor,digital microphone / synthetic,1-10m,original,test,2026-09-27 12:06:14,bf8a69a84c4d03541b65a10fc9215bce9f6c3eca366f9822bb65e7e22551e30f,high,False
SS-01320,glass_breaking_0119.wav,audio data/glass_breaking/glass_breaking_0119.wav,glass_breaking,Glass Breaking,3.0,16000,1,PCM_16,96044,WAV,indoor,digital microphone / synthetic,1-10m,original,test,2026-09-27 12:06:14,01d399e35e4c46e5102c0801e429143f596b86ef3f5872778e49128b1c85e2c1,high,False
SS-01321,glass_breaking_0120.wav,audio data/glass_breaking/glass_breaking_0120.wav,glass_breaking,Glass Breaking,3.0,16000,1,PCM_16,96044,WAV,indoor,digital microphone / synthetic,1-10m,original,train,2026-09-27 12:06:14,ce9fdcd9c1fb342d1780fc0c6027fc241293f6b4295cc899fe2a07ce2c176846,high,False
SS-01322,glass_breaking_0121.wav,audio data/glass_breaking/glass_breaking_0121.wav,glass_breaking,Glass Breaking,3.0,16000,1,PCM_16,96044,WAV,indoor,digital microphone / synthetic,1-10m,original,train,2026-09-27 12:06:14,5d4b92d4160ea45bedee479ccadaa929762d4915baa8e1a2e0a3d530df556a7f,high,False
SS-01323,glass_breaking_0122.wav,audio data/glass_breaking/glass_breaking_0122.wav,glass_breaking,Glass Breaking,3.0,16000,1,PCM_16,96044,WAV,indoor,digital microphone / synthetic,1-10m,original,test,2026-09-27 12:06:14,abf643d234a48aa677c29597880f2d5753025efe26a1b100792d29f82b17343f,high,False
SS-01324,glass_breaking_0123.wav,audio data/glass_breaking/glass_breaking_0123.wav,glass_breaking,Glass Breaking,3.0,16000,1,PCM_16,96044,WAV,indoor,digital microphone / synthetic,1-10m,original,train,2026-09-27 12:06:14,d2a08d0d317bba93b28366b2328a9e356843b21fbfdea350789fa7a709ba512c,high,False
SS-01325,glass_breaking_0124.wav,audio data/glass_breaking/glass_breaking_0124.wav,glass_breaking,Glass Breaking,3.0,16000,1,PCM_16,96044,WAV,indoor,digital microphone / synthetic,1-10m,original,test,2026-09-27 12:06:14,9e6df9e823f013d23ec36a8a5b2e1e3fa76bff9494153360093842a3dbc0681f,high,False
SS-01326,glass_breaking_0125.wav,audio data/glass_breaking/glass_breaking_0125.wav,glass_breaking,Glass Breaking,3.0,16000,1,PCM_16,96044,WAV,indoor,digital microphone / synthetic,1-10m,original,train,2026-09-27 12:06:14,7663b29955005ee814dc448c12e284ad31c6f02f52edea3d5f4bf21d82acc8ee,high,False
SS-01327,glass_breaking_0126.wav,audio data/glass_breaking/glass_breaking_0126.wav,glass_breaking,Glass Breaking,3.0,16000,1,PCM_16,96044,WAV,indoor,digital microphone / synthetic,1-10m,original,train,2026-09-27 12:06:14,470d4d5fbf55047cc99676fcba7160898c292f93c9deeebbe1a41872a9e9b7f9,high,False
SS-01328,glass_breaking_0127.wav,audio data/glass_breaking/glass_breaking_0127.wav,glass_breaking,Glass Breaking,3.0,16000,1,PCM_16,96044,WAV,indoor,digital microphone / synthetic,1-10m,original,train,2026-09-27 12:06:14,42a3783b8aa2573eaf4baeba57ae38a9cd76f326e9027883b00ebb08f894dece,high,False
SS-01329,glass_breaking_0128.wav,audio data/glass_breaking/glass_breaking_0128.wav,glass_breaking,Glass Breaking,3.0,16000,1,PCM_16,96044,WAV,indoor,digital microphone / synthetic,1-10m,original,train,2026-09-27 12:06:14,7030f051e49691114ca8df4d8b451aa17d4f647560afe996507fb4df5a06900d,high,False
SS-01330,glass_breaking_0129.wav,audio data/glass_breaking/glass_breaking_0129.wav,glass_breaking,Glass Breaking,3.0,16000,1,PCM_16,96044,WAV,indoor,digital microphone / synthetic,1-10m,original,test,2026-09-27 12:06:14,e26281b004790a0003ead4a7220197ee35329a809bfa44a1b48e85cc5872a613,high,False
SS-01331,glass_breaking_0130.wav,audio data/glass_breaking/glass_breaking_0130.wav,glass_breaking,Glass Breaking,3.0,16000,1,PCM_16,96044,WAV,indoor,digital microphone / synthetic,1-10m,original,train,2026-09-27 12:06:14,53ddde3bec4b215e9c37efb9130cbad06238084ad4df53ea733b76709f73b6ce,high,False
SS-01332,glass_breaking_0131.wav,audio data/glass_breaking/glass_breaking_0131.wav,glass_breaking,Glass Breaking,3.0,16000,1,PCM_16,96044,WAV,indoor,digital microphone / synthetic,1-10m,original,test,2026-09-27 12:06:14,509bf9dee96492ac36faf91b9df3392c15e156eefa240135a0dc0c8ef11080c7,high,False
SS-01333,glass_breaking_0132.wav,audio data/glass_breaking/glass_breaking_0132.wav,glass_breaking,Glass Breaking,3.0,16000,1,PCM_16,96044,WAV,indoor,digital microphone / synthetic,1-10m,original,train,2026-09-27 12:06:14,5d3f8332d9ea6b4c48d9eba502d7af8a47307e9bd4e41cffd73d9470ea94894c,high,False
SS-01334,glass_breaking_0133.wav,audio data/glass_breaking/glass_breaking_0133.wav,glass_breaking,Glass Breaking,3.0,16000,1,PCM_16,96044,WAV,indoor,digital microphone / synthetic,1-10m,original,train,2026-09-27 12:06:14,68cb197867ee19a51eacaac102e4bddb1cede39955fe1a39a1d795a18def50d4,high,False
SS-01335,glass_breaking_0134.wav,audio data/glass_breaking/glass_breaking_0134.wav,glass_breaking,Glass Breaking,3.0,16000,1,PCM_16,96044,WAV,indoor,digital microphone / synthetic,1-10m,original,train,2026-09-27 12:06:14,f9ce7c3c124c63835aeefb4c3579b46ca3d10d02ff6e9d0c11e7f6ff7359dfc9,high,False
SS-01336,glass_breaking_0135.wav,audio data/glass_breaking/glass_breaking_0135.wav,glass_breaking,Glass Breaking,3.0,16000,1,PCM_16,96044,WAV,indoor,digital microphone / synthetic,1-10m,original,train,2026-09-27 12:06:14,5e7fe838082eda14a9bb3984ad2aad2afe68e1253fd03af04c6fccfb01d9bf08,high,False
SS-01337,glass_breaking_0136.wav,audio data/glass_breaking/glass_breaking_0136.wav,glass_breaking,Glass Breaking,3.0,16000,1,PCM_16,96044,WAV,indoor,digital microphone / synthetic,1-10m,original,validation,2026-09-27 12:06:14,9fdaa6975998c63e7635753c4a53ed854c4a695736f7e4cbc697a802df8241a7,high,False
SS-01338,glass_breaking_0137.wav,audio data/glass_breaking/glass_breaking_0137.wav,glass_breaking,Glass Breaking,3.0,16000,1,PCM_16,96044,WAV,indoor,digital microphone / synthetic,1-10m,original,train,2026-09-27 12:06:14,b0d0cf2a3cb5a7867c473939f54d5f5e539b7dffbb6c88fd3c54b62f4e875793,high,False
SS-01339,glass_breaking_0138.wav,audio data/glass_breaking/glass_breaking_0138.wav,glass_breaking,Glass Breaking,3.0,16000,1,PCM_16,96044,WAV,indoor,digital microphone / synthetic,1-10m,original,train,2026-09-27 12:06:14,e867330944eea6e1f445f5cd0c6936ee7ef7fe23bf92981b2ec349bdd4065435,high,False
SS-01340,glass_breaking_0139.wav,audio data/glass_breaking/glass_breaking_0139.wav,glass_breaking,Glass Breaking,3.0,16000,1,PCM_16,96044,WAV,indoor,digital microphone / synthetic,1-10m,original,validation,2026-09-27 12:06:14,465b990c232b519e1f30d61cea616ae9c6f1b51ef71b1c505c14f6d757720690,high,False
SS-01341,glass_breaking_0140.wav,audio data/glass_breaking/glass_breaking_0140.wav,glass_breaking,Glass Breaking,3.0,16000,1,PCM_16,96044,WAV,indoor,digital microphone / synthetic,1-10m,original,train,2026-09-27 12:06:14,a4c042203a80bb5281787e6e3541548966e117745bbcf9d64b4fd757f54aed0e,high,False
SS-01342,glass_breaking_0141.wav,audio data/glass_breaking/glass_breaking_0141.wav,glass_breaking,Glass Breaking,3.0,16000,1,PCM_16,96044,WAV,indoor,digital microphone / synthetic,1-10m,original,test,2026-09-27 12:06:14,afe8d9198319ef936d6caa715d75d919ea730c83d555a799ead9546265bcbdd6,high,False
SS-01343,glass_breaking_0142.wav,audio data/glass_breaking/glass_breaking_0142.wav,glass_breaking,Glass Breaking,3.0,16000,1,PCM_16,96044,WAV,indoor,digital microphone / synthetic,1-10m,original,train,2026-09-27 12:06:14,ee3e80ecb72f9c336340ba4bbc93a09a4c63c02e8d11f25b75ef0970c1781ef2,high,False
SS-01344,glass_breaking_0143.wav,audio data/glass_breaking/glass_breaking_0143.wav,glass_breaking,Glass Breaking,3.0,16000,1,PCM_16,96044,WAV,indoor,digital microphone / synthetic,1-10m,original,train,2026-09-27 12:06:14,a504b1a15aab111011724a4c8098b7452ed93a36733fc3e7176212f74bdf557d,high,False
SS-01345,glass_breaking_0144.wav,audio data/glass_breaking/glass_breaking_0144.wav,glass_breaking,Glass Breaking,3.0,16000,1,PCM_16,96044,WAV,indoor,digital microphone / synthetic,1-10m,original,train,2026-09-27 12:06:14,1ff4c4d5651484e862217a40768361fa41771e1e98a6c999425efe1eb856866a,high,False
SS-01346,glass_breaking_0145.wav,audio data/glass_breaking/glass_breaking_0145.wav,glass_breaking,Glass Breaking,3.0,16000,1,PCM_16,96044,WAV,indoor,digital microphone / synthetic,1-10m,original,train,2026-09-27 12:06:14,6fdf2b060fae4e94949c83d116d04cb5dd0082053ef6929adc8b128dc0d01a97,high,False
SS-01347,glass_breaking_0146.wav,audio data/glass_breaking/glass_breaking_0146.wav,glass_breaking,Glass Breaking,3.0,16000,1,PCM_16,96044,WAV,indoor,digital microphone / synthetic,1-10m,original,train,2026-09-27 12:06:14,61c419141ced8b6f27aaf106df76c837e41aa81c91916def5d8cf636894e431f,high,False
SS-01348,glass_breaking_0147.wav,audio data/glass_breaking/glass_breaking_0147.wav,glass_breaking,Glass Breaking,3.0,16000,1,PCM_16,96044,WAV,indoor,digital microphone / synthetic,1-10m,original,test,2026-09-27 12:06:14,06836c242e1dd71d9f6d3586344f7ea6e8861bfc0bc67eaee91e269ee8d4e077,high,False
SS-01349,glass_breaking_0148.wav,audio data/glass_breaking/glass_breaking_0148.wav,glass_breaking,Glass Breaking,3.0,16000,1,PCM_16,96044,WAV,indoor,digital microphone / synthetic,1-10m,original,test,2026-09-27 12:06:14,ee3605a04e1e575b3d6d952dcc5ff7128a9d4ec2dc28e89d8db23b73ad890dd3,high,False
SS-01350,glass_breaking_0149.wav,audio data/glass_breaking/glass_breaking_0149.wav,glass_breaking,Glass Breaking,3.0,16000,1,PCM_16,96044,WAV,indoor,digital microphone / synthetic,1-10m,original,validation,2026-09-27 12:06:14,04bb6af720484a8a7328cd378aefc8fd0dd696da59b9313bc2dca73d3152de0e,high,False
SS-01351,glass_breaking_0150.wav,audio data/glass_breaking/glass_breaking_0150.wav,glass_breaking,Glass Breaking,3.0,16000,1,PCM_16,96044,WAV,indoor,digital microphone / synthetic,1-10m,original,train,2026-09-27 12:06:14,435a5750da9a38dadbaaa9ccafad1898b66c4749902b2aa50956a653e7b20cf6,high,False
SS-01352,glass_breaking_0151.wav,audio data/glass_breaking/glass_breaking_0151.wav,glass_breaking,Glass Breaking,3.0,16000,1,PCM_16,96044,WAV,indoor,digital microphone / synthetic,1-10m,original,train,2026-09-27 12:06:14,4a292719cb5a99af7370ecde4b119267a5962e91c4999dc4fecbc31d67934bf4,high,False
SS-01353,glass_breaking_0152.wav,audio data/glass_breaking/glass_breaking_0152.wav,glass_breaking,Glass Breaking,3.0,16000,1,PCM_16,96044,WAV,indoor,digital microphone / synthetic,1-10m,original,test,2026-09-27 12:06:14,4f54dd0d0cce0066e8b277f114a720a27aa92583cc6cc06dc9feffcf6a6343be,high,False
SS-01354,glass_breaking_0153.wav,audio data/glass_breaking/glass_breaking_0153.wav,glass_breaking,Glass Breaking,3.0,16000,1,PCM_16,96044,WAV,indoor,digital microphone / synthetic,1-10m,original,train,2026-09-27 12:06:14,d7e683d72a4f65be4e4262633aaf1f8e6d0ee33417b72102a91ec84a6cf30b59,high,False
SS-01355,glass_breaking_0154.wav,audio data/glass_breaking/glass_breaking_0154.wav,glass_breaking,Glass Breaking,3.0,16000,1,PCM_16,96044,WAV,indoor,digital microphone / synthetic,1-10m,original,test,2026-09-27 12:06:14,f6402c2753caae75b86c4e544937a8c671a2be123276f7e33509cf875c93dd26,high,False
SS-01356,glass_breaking_0155.wav,audio data/glass_breaking/glass_breaking_0155.wav,glass_breaking,Glass Breaking,3.0,16000,1,PCM_16,96044,WAV,indoor,digital microphone / synthetic,1-10m,original,test,2026-09-27 12:06:14,4be42afc2e482aef5e3477c7da962fb7019cdeca2ccdca0ee1b2a4e6f533ae3d,high,False
SS-01357,glass_breaking_0156.wav,audio data/glass_breaking/glass_breaking_0156.wav,glass_breaking,Glass Breaking,3.0,16000,1,PCM_16,96044,WAV,indoor,digital microphone / synthetic,1-10m,original,train,2026-09-27 12:06:14,7c0ac5feb810ec6f39f47584af2a24618da3d526bbb33628671e280d260e93b6,high,False
SS-01358,glass_breaking_0157.wav,audio data/glass_breaking/glass_breaking_0157.wav,glass_breaking,Glass Breaking,3.0,16000,1,PCM_16,96044,WAV,indoor,digital microphone / synthetic,1-10m,original,train,2026-09-27 12:06:14,bcb38d8ee8d6512c586282947b6c3dd1f1224f21fe3bae828cb3ae0842d827a0,high,False
SS-01359,glass_breaking_0158.wav,audio data/glass_breaking/glass_breaking_0158.wav,glass_breaking,Glass Breaking,3.0,16000,1,PCM_16,96044,WAV,indoor,digital microphone / synthetic,1-10m,original,train,2026-09-27 12:06:14,a24a1b7adfa63ff5de5cc65474c39249539e7f2580751e7a804ea2fdad86196b,high,False
SS-01360,glass_breaking_0159.wav,audio data/glass_breaking/glass_breaking_0159.wav,glass_breaking,Glass Breaking,3.0,16000,1,PCM_16,96044,WAV,indoor,digital microphone / synthetic,1-10m,original,validation,2026-09-27 12:06:14,38dc23477f9d5553bf0774978fc04c71cde8296d316c0094989aa9b201ada8ac,high,False
SS-01361,glass_breaking_0160.wav,audio data/glass_breaking/glass_breaking_0160.wav,glass_breaking,Glass Breaking,3.0,16000,1,PCM_16,96044,WAV,indoor,digital microphone / synthetic,1-10m,original,train,2026-09-27 12:06:14,1672c9d0f2c244598ac3a8719e2e4be4149d4d0d67551dac3a32270f37119ad1,high,False
SS-01362,glass_breaking_0161.wav,audio data/glass_breaking/glass_breaking_0161.wav,glass_breaking,Glass Breaking,3.0,16000,1,PCM_16,96044,WAV,indoor,digital microphone / synthetic,1-10m,original,validation,2026-09-27 12:06:14,64e526b3d42a2cd08f3b94cd393b1b620e75102aa01a2accd5cbaceef33159cb,high,False
SS-01363,glass_breaking_0162.wav,audio data/glass_breaking/glass_breaking_0162.wav,glass_breaking,Glass Breaking,3.0,16000,1,PCM_16,96044,WAV,indoor,digital microphone / synthetic,1-10m,original,train,2026-09-27 12:06:14,cfd515c272e262d99b26c8113142e0a7f96e4a5280bfc7b2a6b28c91d59fc574,high,False
SS-01364,glass_breaking_0163.wav,audio data/glass_breaking/glass_breaking_0163.wav,glass_breaking,Glass Breaking,3.0,16000,1,PCM_16,96044,WAV,indoor,digital microphone / synthetic,1-10m,original,train,2026-09-27 12:06:14,b053fbb7223ccaea2724aaf2aa4f1687403a8a2b99eeacd29cec6172c2b28b72,high,False
SS-01365,glass_breaking_0164.wav,audio data/glass_breaking/glass_breaking_0164.wav,glass_breaking,Glass Breaking,3.0,16000,1,PCM_16,96044,WAV,indoor,digital microphone / synthetic,1-10m,original,train,2026-09-27 12:06:14,abcf02212128c0a84f96a32ace18a17d0b8f6963dbcbd7c36c8d8250707aa531,high,False
SS-01366,glass_breaking_0165.wav,audio data/glass_breaking/glass_breaking_0165.wav,glass_breaking,Glass Breaking,3.0,16000,1,PCM_16,96044,WAV,indoor,digital microphone / synthetic,1-10m,original,train,2026-09-27 12:06:14,0f4704c4fff7b879c7814242dcb2d343f85ae3d9a34789a57239be44eee5bef6,high,False
SS-01367,glass_breaking_0166.wav,audio data/glass_breaking/glass_breaking_0166.wav,glass_breaking,Glass Breaking,3.0,16000,1,PCM_16,96044,WAV,indoor,digital microphone / synthetic,1-10m,original,validation,2026-09-27 12:06:14,ac31ce747b74ff0ed92b4aa7209a5cdf88259120b228d052a07b2a164d91876e,high,False
SS-01368,glass_breaking_0167.wav,audio data/glass_breaking/glass_breaking_0167.wav,glass_breaking,Glass Breaking,3.0,16000,1,PCM_16,96044,WAV,indoor,digital microphone / synthetic,1-10m,original,train,2026-09-27 12:06:14,27166de7fbc2b6c0b46264e01d227da311b78e3e8cd1ea4de7fe07e036686903,high,False
SS-01369,glass_breaking_0168.wav,audio data/glass_breaking/glass_breaking_0168.wav,glass_breaking,Glass Breaking,3.0,16000,1,PCM_16,96044,WAV,indoor,digital microphone / synthetic,1-10m,original,train,2026-09-27 12:06:14,664e589dfa24e641000a0e637741ae182e15c1e265d0d4c3db487f64e7a24ac6,high,False
SS-01370,glass_breaking_0169.wav,audio data/glass_breaking/glass_breaking_0169.wav,glass_breaking,Glass Breaking,3.0,16000,1,PCM_16,96044,WAV,indoor,digital microphone / synthetic,1-10m,original,validation,2026-09-27 12:06:14,4364f1528469e9eb43626e2152c8bbabcdfe0f96072c6d959239271fed95fabc,high,False
SS-01371,glass_breaking_0170.wav,audio data/glass_breaking/glass_breaking_0170.wav,glass_breaking,Glass Breaking,3.0,16000,1,PCM_16,96044,WAV,indoor,digital microphone / synthetic,1-10m,original,train,2026-09-27 12:06:14,e4e569cf6a23008092e6dba4feeb80e1d86cb2cfbd88ce2518b7c99e8c3f4bc6,high,False
SS-01372,glass_breaking_0171.wav,audio data/glass_breaking/glass_breaking_0171.wav,glass_breaking,Glass Breaking,3.0,16000,1,PCM_16,96044,WAV,indoor,digital microphone / synthetic,1-10m,original,train,2026-09-27 12:06:14,a105a0e632984139d5775589cdf9a6e0dfe2c22836e56f56e105a6e59b71b936,high,False
SS-01373,glass_breaking_0172.wav,audio data/glass_breaking/glass_breaking_0172.wav,glass_breaking,Glass Breaking,3.0,16000,1,PCM_16,96044,WAV,indoor,digital microphone / synthetic,1-10m,original,train,2026-09-27 12:06:14,afb40509753231c7ab4469733cf15ba950c41f947a260d0489ab10de2578eac2,high,False
SS-01374,glass_breaking_0173.wav,audio data/glass_breaking/glass_breaking_0173.wav,glass_breaking,Glass Breaking,3.0,16000,1,PCM_16,96044,WAV,indoor,digital microphone / synthetic,1-10m,original,train,2026-09-27 12:06:14,7d9b2ce4b9842a6646472fe9a801bd6067bcccc971e5b09e0e77fa90a99520ee,high,False
SS-01375,glass_breaking_0174.wav,audio data/glass_breaking/glass_breaking_0174.wav,glass_breaking,Glass Breaking,3.0,16000,1,PCM_16,96044,WAV,indoor,digital microphone / synthetic,1-10m,original,validation,2026-09-27 12:06:14,74a5c0eca5eb818fd4e974519243d8bef6d942813008c32937fa6e789ec1ee2c,high,False
SS-01376,glass_breaking_0175.wav,audio data/glass_breaking/glass_breaking_0175.wav,glass_breaking,Glass Breaking,3.0,16000,1,PCM_16,96044,WAV,indoor,digital microphone / synthetic,1-10m,original,validation,2026-09-27 12:06:14,9615b76e9d82cd17f4715c1ef42c2743475d3bffcd65f2db98d1264996157054,high,False
SS-01377,glass_breaking_0176.wav,audio data/glass_breaking/glass_breaking_0176.wav,glass_breaking,Glass Breaking,3.0,16000,1,PCM_16,96044,WAV,indoor,digital microphone / synthetic,1-10m,original,train,2026-09-27 12:06:14,e4f45c732530fb7b633710f20dc05e9233da30dd77e78936c265a36d5374c703,high,False
SS-01378,glass_breaking_0177.wav,audio data/glass_breaking/glass_breaking_0177.wav,glass_breaking,Glass Breaking,3.0,16000,1,PCM_16,96044,WAV,indoor,digital microphone / synthetic,1-10m,original,test,2026-09-27 12:06:14,936b49ebf9f553074171d84d3be0e5f1ff3ac4c0a9a480f45a9155e94c912f07,high,False
SS-01379,glass_breaking_0178.wav,audio data/glass_breaking/glass_breaking_0178.wav,glass_breaking,Glass Breaking,3.0,16000,1,PCM_16,96044,WAV,indoor,digital microphone / synthetic,1-10m,original,train,2026-09-27 12:06:14,19deddb3b67fff7eb30bf4b4242ebff101e3a7c58250ab5cf1aee62888e304dc,high,False
SS-01380,glass_breaking_0179.wav,audio data/glass_breaking/glass_breaking_0179.wav,glass_breaking,Glass Breaking,3.0,16000,1,PCM_16,96044,WAV,indoor,digital microphone / synthetic,1-10m,original,train,2026-09-27 12:06:14,7852a6dcd6b7f752e9b1b9e515b01ce47271947b3dcff40cfff4071340438123,high,False
SS-01381,glass_breaking_0180.wav,audio data/glass_breaking/glass_breaking_0180.wav,glass_breaking,Glass Breaking,3.0,16000,1,PCM_16,96044,WAV,indoor,digital microphone / synthetic,1-10m,original,train,2026-09-27 12:06:14,e514ba9512b6fd0796ed8baee9317674394c1186c53ffa4065be7db7517febc8,high,False
SS-01382,glass_breaking_0181.wav,audio data/glass_breaking/glass_breaking_0181.wav,glass_breaking,Glass Breaking,3.0,16000,1,PCM_16,96044,WAV,indoor,digital microphone / synthetic,1-10m,original,test,2026-09-27 12:06:14,f346014cb1fd93a73e0e6bd4e16dde0dd0d8afc6d7929edc8e78bd877adae30d,high,False
SS-01383,glass_breaking_0182.wav,audio data/glass_breaking/glass_breaking_0182.wav,glass_breaking,Glass Breaking,3.0,16000,1,PCM_16,96044,WAV,indoor,digital microphone / synthetic,1-10m,original,train,2026-09-27 12:06:14,cb088c46b5f1f587f07ec1420db55501d12b2b17d31f510fc9f8dd0edbe8f434,high,False
SS-01384,glass_breaking_0183.wav,audio data/glass_breaking/glass_breaking_0183.wav,glass_breaking,Glass Breaking,3.0,16000,1,PCM_16,96044,WAV,indoor,digital microphone / synthetic,1-10m,original,train,2026-09-27 12:06:14,03ff6b033adb4a92f51504556a62173cdfdd851e5c41a9b35c18c24a205cf2d0,high,False
SS-01385,glass_breaking_0184.wav,audio data/glass_breaking/glass_breaking_0184.wav,glass_breaking,Glass Breaking,3.0,16000,1,PCM_16,96044,WAV,indoor,digital microphone / synthetic,1-10m,original,test,2026-09-27 12:06:14,e002cd40c4fefe3ebd340b5941dcf4e8c13803bf441615ae178de08766bda6d8,high,False
SS-01386,glass_breaking_0185.wav,audio data/glass_breaking/glass_breaking_0185.wav,glass_breaking,Glass Breaking,3.0,16000,1,PCM_16,96044,WAV,indoor,digital microphone / synthetic,1-10m,original,validation,2026-09-27 12:06:14,4f79b4a380994a3b74354661e93eb18ceac2333848fc71790642ef0053694a0c,high,False
SS-01387,glass_breaking_0186.wav,audio data/glass_breaking/glass_breaking_0186.wav,glass_breaking,Glass Breaking,3.0,16000,1,PCM_16,96044,WAV,indoor,digital microphone / synthetic,1-10m,original,train,2026-09-27 12:06:14,b5efc741242c716b986be9f9dee46ce9267186e2040913d2702379ec4f76ca42,high,False
SS-01388,glass_breaking_0187.wav,audio data/glass_breaking/glass_breaking_0187.wav,glass_breaking,Glass Breaking,3.0,16000,1,PCM_16,96044,WAV,indoor,digital microphone / synthetic,1-10m,original,train,2026-09-27 12:06:14,d153e6e0a51de176479a03d3700fd86097e2c1b863011749209824d7470cf4b5,high,False
SS-01389,glass_breaking_0188.wav,audio data/glass_breaking/glass_breaking_0188.wav,glass_breaking,Glass Breaking,3.0,16000,1,PCM_16,96044,WAV,indoor,digital microphone / synthetic,1-10m,original,validation,2026-09-27 12:06:14,bdb1528a2d9db5f4d99b26c72dcf7213b9bb29ab1a09c703b8609322996cf21f,high,False
SS-01390,glass_breaking_0189.wav,audio data/glass_breaking/glass_breaking_0189.wav,glass_breaking,Glass Breaking,3.0,16000,1,PCM_16,96044,WAV,indoor,digital microphone / synthetic,1-10m,original,train,2026-09-27 12:06:14,73b6aa1b147ad5339824b300d3c9be6180eb9af488750d7324bb26433a8bff8f,high,False
SS-01391,glass_breaking_0190.wav,audio data/glass_breaking/glass_breaking_0190.wav,glass_breaking,Glass Breaking,3.0,16000,1,PCM_16,96044,WAV,indoor,digital microphone / synthetic,1-10m,original,train,2026-09-27 12:06:14,5affcfa07b37882dc62b038956dacd9e3960fd690e8413226c63083578c32a84,high,False
SS-01392,glass_breaking_0191.wav,audio data/glass_breaking/glass_breaking_0191.wav,glass_breaking,Glass Breaking,3.0,16000,1,PCM_16,96044,WAV,indoor,digital microphone / synthetic,1-10m,original,train,2026-09-27 12:06:14,118b9419c29126cf9b546df889cefc28f525ab8abc67820237e03f5b0f13871d,high,False
SS-01393,glass_breaking_0192.wav,audio data/glass_breaking/glass_breaking_0192.wav,glass_breaking,Glass Breaking,3.0,16000,1,PCM_16,96044,WAV,indoor,digital microphone / synthetic,1-10m,original,validation,2026-09-27 12:06:14,3690a19085bbebd4696ef2a1cd6100a0c58bc0b5ec73644a8eb1be6aa4f631be,high,False
SS-01394,glass_breaking_0193.wav,audio data/glass_breaking/glass_breaking_0193.wav,glass_breaking,Glass Breaking,3.0,16000,1,PCM_16,96044,WAV,indoor,digital microphone / synthetic,1-10m,original,train,2026-09-27 12:06:14,e986e872a0f434485c6d1476f87a1f6c0b86caeca376e7a2452b069f528ace08,high,False
SS-01395,glass_breaking_0194.wav,audio data/glass_breaking/glass_breaking_0194.wav,glass_breaking,Glass Breaking,3.0,16000,1,PCM_16,96044,WAV,indoor,digital microphone / synthetic,1-10m,original,validation,2026-09-27 12:06:14,bb531d45cc42287cf06f88b6af87064374e2bdeff40406c94aa875c7a7b198cf,high,False
SS-01396,glass_breaking_0195.wav,audio data/glass_breaking/glass_breaking_0195.wav,glass_breaking,Glass Breaking,3.0,16000,1,PCM_16,96044,WAV,indoor,digital microphone / synthetic,1-10m,original,train,2026-09-27 12:06:14,1d01c675a1074a2c5abe1e6bc0c65fda6acd9f29dcc0016b539d8bf05d29b864,high,False
SS-01397,glass_breaking_0196.wav,audio data/glass_breaking/glass_breaking_0196.wav,glass_breaking,Glass Breaking,3.0,16000,1,PCM_16,96044,WAV,indoor,digital microphone / synthetic,1-10m,original,test,2026-09-27 12:06:14,46ee094bc88043c8d7774329a759a575522306c21afebdc7614263fddfbc1586,high,False
SS-01398,glass_breaking_0197.wav,audio data/glass_breaking/glass_breaking_0197.wav,glass_breaking,Glass Breaking,3.0,16000,1,PCM_16,96044,WAV,indoor,digital microphone / synthetic,1-10m,original,test,2026-09-27 12:06:14,1e2b53a39c7c3c70ba40723673367640da7f937a82bd49aabd06a9073b5b8dc7,high,False
SS-01399,glass_breaking_0198.wav,audio data/glass_breaking/glass_breaking_0198.wav,glass_breaking,Glass Breaking,3.0,16000,1,PCM_16,96044,WAV,indoor,digital microphone / synthetic,1-10m,original,train,2026-09-27 12:06:14,af0fdd5fa223b3e27edd682cd442c7655b433e49794cf8c9986df942ab7f181a,high,False
SS-01400,glass_breaking_0199.wav,audio data/glass_breaking/glass_breaking_0199.wav,glass_breaking,Glass Breaking,3.0,16000,1,PCM_16,96044,WAV,indoor,digital microphone / synthetic,1-10m,original,train,2026-09-27 12:06:14,f4fd96e7d65a4091ab44f2d3aa24bfac505e23a561bfcd6171b069a3dd7b787a,high,False
SS-01401,glass_breaking_0200.wav,audio data/glass_breaking/glass_breaking_0200.wav,glass_breaking,Glass Breaking,3.0,16000,1,PCM_16,96044,WAV,indoor,digital microphone / synthetic,1-10m,original,train,2026-09-27 12:06:14,5aa0f050d1049de574a3c7b9c0c307d886fe18e8559111e4ea682e1af16f325d,high,False
SS-01402,glass_breaking_0201.wav,audio data/glass_breaking/glass_breaking_0201.wav,glass_breaking,Glass Breaking,3.0,16000,1,PCM_16,96044,WAV,indoor,digital microphone / synthetic,1-10m,original,train,2026-09-27 12:06:14,6754bbe36bfb717eb3f042afcbfc2e9bf0a698b711d987d660722c1a6046a49a,high,False
SS-01403,glass_breaking_0202.wav,audio data/glass_breaking/glass_breaking_0202.wav,glass_breaking,Glass Breaking,3.0,16000,1,PCM_16,96044,WAV,indoor,digital microphone / synthetic,1-10m,original,validation,2026-09-27 12:06:14,880e3962ca9c791f8d6409ca9c17af775f6c7707c09a298040346f50f3abd15e,high,False
SS-01404,glass_breaking_0203.wav,audio data/glass_breaking/glass_breaking_0203.wav,glass_breaking,Glass Breaking,3.0,16000,1,PCM_16,96044,WAV,indoor,digital microphone / synthetic,1-10m,original,test,2026-09-27 12:06:14,f8be138521d13a5f20ec33ea983ccbfa465c0e6c21f1e3c06b57ea507c981ae4,high,False
SS-01405,glass_breaking_0204.wav,audio data/glass_breaking/glass_breaking_0204.wav,glass_breaking,Glass Breaking,3.0,16000,1,PCM_16,96044,WAV,indoor,digital microphone / synthetic,1-10m,original,train,2026-09-27 12:06:14,26afa5a218636e877f6718b45fa462f5720221cea5e4f9e78a9e46893fedf408,high,False
SS-01406,glass_breaking_0205.wav,audio data/glass_breaking/glass_breaking_0205.wav,glass_breaking,Glass Breaking,3.0,16000,1,PCM_16,96044,WAV,indoor,digital microphone / synthetic,1-10m,original,train,2026-09-27 12:06:14,be77eab59f4e88dd2078b386b8d8539a170e82c36f5cffa9a4bcd2f6df764b80,high,False
SS-01407,glass_breaking_0206.wav,audio data/glass_breaking/glass_breaking_0206.wav,glass_breaking,Glass Breaking,3.0,16000,1,PCM_16,96044,WAV,indoor,digital microphone / synthetic,1-10m,original,train,2026-09-27 12:06:14,23d4548a28c21dd8f5ec5432158ca20abf375bc57ee4722bfd231de803d9a49a,high,False
SS-01408,glass_breaking_0207.wav,audio data/glass_breaking/glass_breaking_0207.wav,glass_breaking,Glass Breaking,3.0,16000,1,PCM_16,96044,WAV,indoor,digital microphone / synthetic,1-10m,original,validation,2026-09-27 12:06:14,062476a12ea7808072b482cb1efa612d649576951fc795be100ae64c1989f343,high,False
SS-01409,glass_breaking_0208.wav,audio data/glass_breaking/glass_breaking_0208.wav,glass_breaking,Glass Breaking,3.0,16000,1,PCM_16,96044,WAV,indoor,digital microphone / synthetic,1-10m,original,train,2026-09-27 12:06:14,521a353ef0077c9e0b729ada1af11d855e8b6f597919c52ee2b2cb391b883968,high,False
SS-01410,glass_breaking_0209.wav,audio data/glass_breaking/glass_breaking_0209.wav,glass_breaking,Glass Breaking,3.0,16000,1,PCM_16,96044,WAV,indoor,digital microphone / synthetic,1-10m,original,train,2026-09-27 12:06:14,7e982a808603be5dd9c244e7b8782b6fee162b962aa3ad645823fffc37aede6f,high,False
SS-01411,glass_breaking_0210.wav,audio data/glass_breaking/glass_breaking_0210.wav,glass_breaking,Glass Breaking,3.0,16000,1,PCM_16,96044,WAV,indoor,digital microphone / synthetic,1-10m,original,train,2026-09-27 12:06:14,a22ce8308d5afdfa0a5940a4e4f02891f390d4d7367b9ceeb31b618817de1fe7,high,False
SS-01412,glass_breaking_0211.wav,audio data/glass_breaking/glass_breaking_0211.wav,glass_breaking,Glass Breaking,3.0,16000,1,PCM_16,96044,WAV,indoor,digital microphone / synthetic,1-10m,original,train,2026-09-27 12:06:14,51c3e2549f583b257872e167297c12b99e5aef6b6ebddbb80a5612f8b14a29af,high,False
SS-01413,glass_breaking_0212.wav,audio data/glass_breaking/glass_breaking_0212.wav,glass_breaking,Glass Breaking,3.0,16000,1,PCM_16,96044,WAV,indoor,digital microphone / synthetic,1-10m,original,validation,2026-09-27 12:06:14,d108be39ab387393c710329c3d65e294c7faf847148f375feb1247105fada2ee,high,False
SS-01414,glass_breaking_0213.wav,audio data/glass_breaking/glass_breaking_0213.wav,glass_breaking,Glass Breaking,3.0,16000,1,PCM_16,96044,WAV,indoor,digital microphone / synthetic,1-10m,original,validation,2026-09-27 12:06:14,f468c0dea527fc1c6b5907bc926a7be9df175daf875d3751218c8c47d4e0a757,high,False
SS-01415,glass_breaking_0214.wav,audio data/glass_breaking/glass_breaking_0214.wav,glass_breaking,Glass Breaking,3.0,16000,1,PCM_16,96044,WAV,indoor,digital microphone / synthetic,1-10m,original,train,2026-09-27 12:06:14,1712322bf5fefa9cca1a26a034d83650ddaf97ac212c62de712f3d2540b3331c,high,False
SS-01416,glass_breaking_0215.wav,audio data/glass_breaking/glass_breaking_0215.wav,glass_breaking,Glass Breaking,3.0,16000,1,PCM_16,96044,WAV,indoor,digital microphone / synthetic,1-10m,original,validation,2026-09-27 12:06:14,fc298a9bc6ddb5118a4d6c34b447c2125000523ff777de1fa3a9bc33885ba077,high,False
SS-01417,glass_breaking_0216.wav,audio data/glass_breaking/glass_breaking_0216.wav,glass_breaking,Glass Breaking,3.0,16000,1,PCM_16,96044,WAV,indoor,digital microphone / synthetic,1-10m,original,train,2026-09-27 12:06:14,d2eeec16fd6f41111c4542664bbf6760cdbc584deb03551b24e3a2b38cfd4b2c,high,False
SS-01418,glass_breaking_0217.wav,audio data/glass_breaking/glass_breaking_0217.wav,glass_breaking,Glass Breaking,3.0,16000,1,PCM_16,96044,WAV,indoor,digital microphone / synthetic,1-10m,original,train,2026-09-27 12:06:14,db55fe58705922b2f5427aa39ddbb2282883f697087069385cd016776604cc1d,high,False
SS-01419,glass_breaking_0218.wav,audio data/glass_breaking/glass_breaking_0218.wav,glass_breaking,Glass Breaking,3.0,16000,1,PCM_16,96044,WAV,indoor,digital microphone / synthetic,1-10m,original,test,2026-09-27 12:06:14,0ba11c2d94a01355019893653d46f04876d4870b39be93b9ee2bfe0fd2119d87,high,False
SS-01420,glass_breaking_0219.wav,audio data/glass_breaking/glass_breaking_0219.wav,glass_breaking,Glass Breaking,3.0,16000,1,PCM_16,96044,WAV,indoor,digital microphone / synthetic,1-10m,original,train,2026-09-27 12:06:14,74bed4a20b8b5113edb196c58203f9eab385d0f4a5f92286eb082cab7ebbecf7,high,False
SS-01421,glass_breaking_0220.wav,audio data/glass_breaking/glass_breaking_0220.wav,glass_breaking,Glass Breaking,3.0,16000,1,PCM_16,96044,WAV,indoor,digital microphone / synthetic,1-10m,original,train,2026-09-27 12:06:14,f90606f400a6598a23d77b0488a69fb6b1fef02a82c6d36404574dbef08a0ca9,high,False
SS-01422,glass_breaking_0221.wav,audio data/glass_breaking/glass_breaking_0221.wav,glass_breaking,Glass Breaking,3.0,16000,1,PCM_16,96044,WAV,indoor,digital microphone / synthetic,1-10m,original,train,2026-09-27 12:06:14,0aa669172342cb80bd2a378f934f3c3c3fe31a32dd1cf02e6d8567dba3549f4c,high,False
SS-01423,glass_breaking_0222.wav,audio data/glass_breaking/glass_breaking_0222.wav,glass_breaking,Glass Breaking,3.0,16000,1,PCM_16,96044,WAV,indoor,digital microphone / synthetic,1-10m,original,train,2026-09-27 12:06:14,bcf3052b75aed4f57acc7a7faf26185cff9284389de25f79e36bc48bd6d69d56,high,False
SS-01424,glass_breaking_0223.wav,audio data/glass_breaking/glass_breaking_0223.wav,glass_breaking,Glass Breaking,3.0,16000,1,PCM_16,96044,WAV,indoor,digital microphone / synthetic,1-10m,original,train,2026-09-27 12:06:14,74c85848c9c2f84db5cb9124db9a2688f91d4e96755613f950da4588fd357a0a,high,False
SS-01425,glass_breaking_0224.wav,audio data/glass_breaking/glass_breaking_0224.wav,glass_breaking,Glass Breaking,3.0,16000,1,PCM_16,96044,WAV,indoor,digital microphone / synthetic,1-10m,original,train,2026-09-27 12:06:14,b4060117b3aa05b3803ac710ec8b0d04fb3fa34f965b1dcbcb7e716288d5b183,high,False
SS-01426,glass_breaking_0225.wav,audio data/glass_breaking/glass_breaking_0225.wav,glass_breaking,Glass Breaking,3.0,16000,1,PCM_16,96044,WAV,indoor,digital microphone / synthetic,1-10m,original,train,2026-09-27 12:06:14,825d1dc23a35bf824c22e11b3dfa5a391189e84d2ea01ded340f53f3431080c5,high,False
SS-01427,glass_breaking_0226.wav,audio data/glass_breaking/glass_breaking_0226.wav,glass_breaking,Glass Breaking,3.0,16000,1,PCM_16,96044,WAV,indoor,digital microphone / synthetic,1-10m,original,train,2026-09-27 12:06:14,6db5e639b1a1d5b08c99299a524aa6b7d0e6c1ee901688ea76b3ba0c67e96ae2,high,False
SS-01428,glass_breaking_0227.wav,audio data/glass_breaking/glass_breaking_0227.wav,glass_breaking,Glass Breaking,3.0,16000,1,PCM_16,96044,WAV,indoor,digital microphone / synthetic,1-10m,original,test,2026-09-27 12:06:14,79fef05f46335751267dea32a0229f7671ef6bd02b188c2c3ef4314e6f13fd10,high,False
SS-01429,glass_breaking_0228.wav,audio data/glass_breaking/glass_breaking_0228.wav,glass_breaking,Glass Breaking,3.0,16000,1,PCM_16,96044,WAV,indoor,digital microphone / synthetic,1-10m,original,train,2026-09-27 12:06:14,ae5d99b4c2280add79e5ef67954c38bccb1cbeb5e50c5969349c9e39a3c4e162,high,False
SS-01430,glass_breaking_0229.wav,audio data/glass_breaking/glass_breaking_0229.wav,glass_breaking,Glass Breaking,3.0,16000,1,PCM_16,96044,WAV,indoor,digital microphone / synthetic,1-10m,original,train,2026-09-27 12:06:14,e2cc8ceeb70d39e802d50c9556204bfc6f9c2e0685524da4961462f8a68b9fc7,high,False
SS-01431,glass_breaking_0230.wav,audio data/glass_breaking/glass_breaking_0230.wav,glass_breaking,Glass Breaking,3.0,16000,1,PCM_16,96044,WAV,indoor,digital microphone / synthetic,1-10m,original,validation,2026-09-27 12:06:14,ba971ed20e2f5cd218dd30b09a7623d5c826cfaee454fa3888c6a342fabb6ccb,high,False
SS-01432,glass_breaking_0231.wav,audio data/glass_breaking/glass_breaking_0231.wav,glass_breaking,Glass Breaking,3.0,16000,1,PCM_16,96044,WAV,indoor,digital microphone / synthetic,1-10m,original,train,2026-09-27 12:06:14,db6bc5e3f10830fcc2f4c0338f6217a26a7e61afc586ec5aa99508f4cc4c1cc4,high,False
SS-01433,glass_breaking_0232.wav,audio data/glass_breaking/glass_breaking_0232.wav,glass_breaking,Glass Breaking,3.0,16000,1,PCM_16,96044,WAV,indoor,digital microphone / synthetic,1-10m,original,validation,2026-09-27 12:06:14,99d0547dadb605f665e32df92190a8b240378d4d9445a8fbab8c62ae6e114982,high,False
SS-01434,glass_breaking_0233.wav,audio data/glass_breaking/glass_breaking_0233.wav,glass_breaking,Glass Breaking,3.0,16000,1,PCM_16,96044,WAV,indoor,digital microphone / synthetic,1-10m,original,train,2026-09-27 12:06:14,a85b822ca91dc3572727a133ab0ace3e02a9c631dfee1a103e19c8b51cd5a1a6,high,False
SS-01435,glass_breaking_0234.wav,audio data/glass_breaking/glass_breaking_0234.wav,glass_breaking,Glass Breaking,3.0,16000,1,PCM_16,96044,WAV,indoor,digital microphone / synthetic,1-10m,original,test,2026-09-27 12:06:14,ed6b57fd6f2d727928f15b8b7c2125621828411b22068b96fe7a048bf0ebfe73,high,False
SS-01436,glass_breaking_0235.wav,audio data/glass_breaking/glass_breaking_0235.wav,glass_breaking,Glass Breaking,3.0,16000,1,PCM_16,96044,WAV,indoor,digital microphone / synthetic,1-10m,original,train,2026-09-27 12:06:14,1879380d3a7e9c0c6b946ad2a5b28690d6a07ee97c9306b495d7f3629cce1073,high,False
SS-01437,glass_breaking_0236.wav,audio data/glass_breaking/glass_breaking_0236.wav,glass_breaking,Glass Breaking,3.0,16000,1,PCM_16,96044,WAV,indoor,digital microphone / synthetic,1-10m,original,test,2026-09-27 12:06:14,6dc96f9468a7d14333a21ef97722b5a146929837de529a8dbcab51ef727ca655,high,False
SS-01438,glass_breaking_0237.wav,audio data/glass_breaking/glass_breaking_0237.wav,glass_breaking,Glass Breaking,3.0,16000,1,PCM_16,96044,WAV,indoor,digital microphone / synthetic,1-10m,original,test,2026-09-27 12:06:14,3e7113ea31b88a61a036b5979fc4346409eda1eeeb12afe3f11782ad8620ec12,high,False
SS-01439,glass_breaking_0238.wav,audio data/glass_breaking/glass_breaking_0238.wav,glass_breaking,Glass Breaking,3.0,16000,1,PCM_16,96044,WAV,indoor,digital microphone / synthetic,1-10m,original,validation,2026-09-27 12:06:14,382213edc03e99cb06ded9c3c8f0b5163fc75364ee90f4983e02159f3c002351,high,False
SS-01440,glass_breaking_0239.wav,audio data/glass_breaking/glass_breaking_0239.wav,glass_breaking,Glass Breaking,3.0,16000,1,PCM_16,96044,WAV,indoor,digital microphone / synthetic,1-10m,original,test,2026-09-27 12:06:14,4d6bd7c7a4273ef83f16188ad17de83edcdd1c912e223d581e80ed1aced55e8c,high,False
SS-01441,glass_breaking_0240.wav,audio data/glass_breaking/glass_breaking_0240.wav,glass_breaking,Glass Breaking,3.0,16000,1,PCM_16,96044,WAV,indoor,digital microphone / synthetic,1-10m,original,train,2026-09-27 12:06:14,b38989bbb804589a5f0ef926d3150e60cc5a6bb5a3e5d24f6b84c6c2232e2a83,high,False
SS-01442,glass_breaking_0241.wav,audio data/glass_breaking/glass_breaking_0241.wav,glass_breaking,Glass Breaking,3.0,16000,1,PCM_16,96044,WAV,indoor,digital microphone / synthetic,1-10m,original,train,2026-09-27 12:06:14,5c06ca3c9d7a1f1a92581a7ca1eafb678676497f1a1d9f17a10da245630c214d,high,False
SS-01443,glass_breaking_0242.wav,audio data/glass_breaking/glass_breaking_0242.wav,glass_breaking,Glass Breaking,3.0,16000,1,PCM_16,96044,WAV,indoor,digital microphone / synthetic,1-10m,original,train,2026-09-27 12:06:14,46958b539ab4ace2e3e9fd1251d6d5b21e63403496f73ef5ef7233cdecd8c351,high,False
SS-01444,glass_breaking_0243.wav,audio data/glass_breaking/glass_breaking_0243.wav,glass_breaking,Glass Breaking,3.0,16000,1,PCM_16,96044,WAV,indoor,digital microphone / synthetic,1-10m,original,validation,2026-09-27 12:06:14,2175ef89358a5c48b09c090048ab1196325cb03a565453bbd8debcbf9573c75d,high,False
SS-01445,glass_breaking_0244.wav,audio data/glass_breaking/glass_breaking_0244.wav,glass_breaking,Glass Breaking,3.0,16000,1,PCM_16,96044,WAV,indoor,digital microphone / synthetic,1-10m,original,train,2026-09-27 12:06:14,1f3e6c9c4631f72fb77cea3e4197eca1e36b0109adb60e7c1516d9b96975aa7d,high,False
SS-01446,glass_breaking_0245.wav,audio data/glass_breaking/glass_breaking_0245.wav,glass_breaking,Glass Breaking,3.0,16000,1,PCM_16,96044,WAV,indoor,digital microphone / synthetic,1-10m,original,validation,2026-09-27 12:06:14,9188b8ce7c4f79749c9e36da8a3458ea4b8600fdac4b124e752a77b74ce2987f,high,False
SS-01447,glass_breaking_0246.wav,audio data/glass_breaking/glass_breaking_0246.wav,glass_breaking,Glass Breaking,3.0,16000,1,PCM_16,96044,WAV,indoor,digital microphone / synthetic,1-10m,original,train,2026-09-27 12:06:14,3839b09908f0b52c48d694e7f81c2c173d4faeb2163a1d9c15f5a07c235466b2,high,False
SS-01448,glass_breaking_0247.wav,audio data/glass_breaking/glass_breaking_0247.wav,glass_breaking,Glass Breaking,3.0,16000,1,PCM_16,96044,WAV,indoor,digital microphone / synthetic,1-10m,original,train,2026-09-27 12:06:14,030dd08ea66b42ae4f2dfc69e1e2536a06cf77c03a6c2664d2dffbdd44d26d58,high,False
SS-01449,glass_breaking_0248.wav,audio data/glass_breaking/glass_breaking_0248.wav,glass_breaking,Glass Breaking,3.0,16000,1,PCM_16,96044,WAV,indoor,digital microphone / synthetic,1-10m,original,test,2026-09-27 12:06:14,96060b621df670c6af4a6f8fd16aa087f9e89281ee75e8de5326cc5b4500f05b,high,False
SS-01450,glass_breaking_0249.wav,audio data/glass_breaking/glass_breaking_0249.wav,glass_breaking,Glass Breaking,3.0,16000,1,PCM_16,96044,WAV,indoor,digital microphone / synthetic,1-10m,original,train,2026-09-27 12:06:14,9794506549b4c9cb0173e9e9e618cd69d1f9b18a705cc2b0cfb55bfbb267e3bd,high,False
SS-01451,glass_breaking_0250.wav,audio data/glass_breaking/glass_breaking_0250.wav,glass_breaking,Glass Breaking,3.0,16000,1,PCM_16,96044,WAV,indoor,digital microphone / synthetic,1-10m,original,train,2026-09-27 12:06:14,513e31d7198188617d4654fd889b3221f919e723baed02b77338440533b10f42,high,False
SS-01452,glass_breaking_0251.wav,audio data/glass_breaking/glass_breaking_0251.wav,glass_breaking,Glass Breaking,3.0,16000,1,PCM_16,96044,WAV,indoor,digital microphone / synthetic,1-10m,original,train,2026-09-27 12:06:14,73dd025cc1849e178d6d2b2fc91be5d12b76e04476f5570687f871a6ac7419fa,high,False
SS-01453,glass_breaking_0252.wav,audio data/glass_breaking/glass_breaking_0252.wav,glass_breaking,Glass Breaking,3.0,16000,1,PCM_16,96044,WAV,indoor,digital microphone / synthetic,1-10m,original,train,2026-09-27 12:06:14,beda3fd8b5f552b1cc487d7a0aec7049caf81f128a6e824668d03a10443f2a2b,high,False
SS-01454,glass_breaking_0253.wav,audio data/glass_breaking/glass_breaking_0253.wav,glass_breaking,Glass Breaking,3.0,16000,1,PCM_16,96044,WAV,indoor,digital microphone / synthetic,1-10m,original,train,2026-09-27 12:06:14,3067694301cfedc477e421f724ad47fb527459dd115b383a62aa7d49206148a7,high,False
SS-01455,glass_breaking_0254.wav,audio data/glass_breaking/glass_breaking_0254.wav,glass_breaking,Glass Breaking,3.0,16000,1,PCM_16,96044,WAV,indoor,digital microphone / synthetic,1-10m,original,train,2026-09-27 12:06:14,715f6926c56a56407fe54d8564d091e310f387fe8c6f613297a1b69b2b473912,high,False
SS-01456,glass_breaking_0255.wav,audio data/glass_breaking/glass_breaking_0255.wav,glass_breaking,Glass Breaking,3.0,16000,1,PCM_16,96044,WAV,indoor,digital microphone / synthetic,1-10m,original,test,2026-09-27 12:06:14,ef08d3d2c53b49325ce427ceb6a3094833b0e52191f947504cc2f059e15af551,high,False
SS-01457,glass_breaking_0256.wav,audio data/glass_breaking/glass_breaking_0256.wav,glass_breaking,Glass Breaking,3.0,16000,1,PCM_16,96044,WAV,indoor,digital microphone / synthetic,1-10m,original,train,2026-09-27 12:06:14,32469565285b067772e119874b7b0109986d068da66ac1229c1f2579fd2294b7,high,False
SS-01458,glass_breaking_0257.wav,audio data/glass_breaking/glass_breaking_0257.wav,glass_breaking,Glass Breaking,3.0,16000,1,PCM_16,96044,WAV,indoor,digital microphone / synthetic,1-10m,original,validation,2026-09-27 12:06:14,035f05c2a0f9e441c5e1180836e7a9febf13ebf29aa85af7943eefac2685f068,high,False
SS-01459,glass_breaking_0258.wav,audio data/glass_breaking/glass_breaking_0258.wav,glass_breaking,Glass Breaking,3.0,16000,1,PCM_16,96044,WAV,indoor,digital microphone / synthetic,1-10m,original,train,2026-09-27 12:06:14,0a280f62c3d8a4e937649b520af9c301d7079ce07f735120e6577575e45773cd,high,False
SS-01460,glass_breaking_0259.wav,audio data/glass_breaking/glass_breaking_0259.wav,glass_breaking,Glass Breaking,3.0,16000,1,PCM_16,96044,WAV,indoor,digital microphone / synthetic,1-10m,original,train,2026-09-27 12:06:14,0025b5dc6bc5d9f5ffa326bebaa22a302a4436a58ed385db1ed996dec735145c,high,False
SS-01461,glass_breaking_0260.wav,audio data/glass_breaking/glass_breaking_0260.wav,glass_breaking,Glass Breaking,3.0,16000,1,PCM_16,96044,WAV,indoor,digital microphone / synthetic,1-10m,original,train,2026-09-27 12:06:14,7612151166a24bd0424ab096045f12ca34ec1cc5a25c76c6e92261efd5b2da36,high,False
SS-01462,glass_breaking_0261.wav,audio data/glass_breaking/glass_breaking_0261.wav,glass_breaking,Glass Breaking,3.0,16000,1,PCM_16,96044,WAV,indoor,digital microphone / synthetic,1-10m,original,train,2026-09-27 12:06:14,fa8b7ee8223d99f1df38d9af899b2cc84ee9bedef15d37208990109678732e8d,high,False
SS-01463,glass_breaking_0262.wav,audio data/glass_breaking/glass_breaking_0262.wav,glass_breaking,Glass Breaking,3.0,16000,1,PCM_16,96044,WAV,indoor,digital microphone / synthetic,1-10m,original,train,2026-09-27 12:06:14,d4715c4cbacf5aa13bf8581e1f828395c3eee12593b1a4aa146d0eb75209c99e,high,False
SS-01464,glass_breaking_0263.wav,audio data/glass_breaking/glass_breaking_0263.wav,glass_breaking,Glass Breaking,3.0,16000,1,PCM_16,96044,WAV,indoor,digital microphone / synthetic,1-10m,original,train,2026-09-27 12:06:14,a181fea81467dcfe872ec2b0410f9d3b7ad102748ef60e02e0a56c1dd2f64768,high,False
SS-01465,glass_breaking_0264.wav,audio data/glass_breaking/glass_breaking_0264.wav,glass_breaking,Glass Breaking,3.0,16000,1,PCM_16,96044,WAV,indoor,digital microphone / synthetic,1-10m,original,train,2026-09-27 12:06:14,af2f0671ab24f47e3d2661d63cedd7b89ba893d9e387bccb1c09e79eac4554de,high,False
SS-01466,glass_breaking_0265.wav,audio data/glass_breaking/glass_breaking_0265.wav,glass_breaking,Glass Breaking,3.0,16000,1,PCM_16,96044,WAV,indoor,digital microphone / synthetic,1-10m,original,train,2026-09-27 12:06:14,7433a13a3a5edc4114c53e6efeb7c15e2ba1de055a9a83002e37b3afe0504bc4,high,False
SS-01467,glass_breaking_0266.wav,audio data/glass_breaking/glass_breaking_0266.wav,glass_breaking,Glass Breaking,3.0,16000,1,PCM_16,96044,WAV,indoor,digital microphone / synthetic,1-10m,original,train,2026-09-27 12:06:14,112ee629ef7640b0263b00f182069b15e04661ad7a55bd87449d8059955e83f4,high,False
SS-01468,glass_breaking_0267.wav,audio data/glass_breaking/glass_breaking_0267.wav,glass_breaking,Glass Breaking,3.0,16000,1,PCM_16,96044,WAV,indoor,digital microphone / synthetic,1-10m,original,train,2026-09-27 12:06:14,caaa8bc1dff4d20751b50bc70f5ab8f78c7cf3c12ff648807957deafe99f9a4a,high,False
SS-01469,glass_breaking_0268.wav,audio data/glass_breaking/glass_breaking_0268.wav,glass_breaking,Glass Breaking,3.0,16000,1,PCM_16,96044,WAV,indoor,digital microphone / synthetic,1-10m,original,test,2026-09-27 12:06:14,f228be489cbf5c89bfe410c9ffd0cf6b25dd1ff5af84ab3f51d130873e7c3cbb,high,False
SS-01470,glass_breaking_0269.wav,audio data/glass_breaking/glass_breaking_0269.wav,glass_breaking,Glass Breaking,3.0,16000,1,PCM_16,96044,WAV,indoor,digital microphone / synthetic,1-10m,original,train,2026-09-27 12:06:14,e0196e12771e0949bbec63277d1fd3c1fcff530a2b81a298c48c09e97cafd5eb,high,False
SS-01471,glass_breaking_0270.wav,audio data/glass_breaking/glass_breaking_0270.wav,glass_breaking,Glass Breaking,3.0,16000,1,PCM_16,96044,WAV,indoor,digital microphone / synthetic,1-10m,original,train,2026-09-27 12:06:14,5347b0bacfcce4e894541881b751e6d7280583a5fc13daebafcb32b01c2a2d75,high,False
SS-01472,glass_breaking_0271.wav,audio data/glass_breaking/glass_breaking_0271.wav,glass_breaking,Glass Breaking,3.0,16000,1,PCM_16,96044,WAV,indoor,digital microphone / synthetic,1-10m,original,train,2026-09-27 12:06:14,cd802f9115203708d374a5b93c6bf17f854fb79aef7befbc8214408d61e44704,high,False
SS-01473,glass_breaking_0272.wav,audio data/glass_breaking/glass_breaking_0272.wav,glass_breaking,Glass Breaking,3.0,16000,1,PCM_16,96044,WAV,indoor,digital microphone / synthetic,1-10m,original,train,2026-09-27 12:06:14,ec2937ba15554d7e79f2ef4936b4a3335a36f11055ff895a7d324f3552ed1c89,high,False
SS-01474,glass_breaking_0273.wav,audio data/glass_breaking/glass_breaking_0273.wav,glass_breaking,Glass Breaking,3.0,16000,1,PCM_16,96044,WAV,indoor,digital microphone / synthetic,1-10m,original,train,2026-09-27 12:06:14,b9b77766b86ff46d277eaa0c7373a66458ea88e3755bc3f32d7798d412d827a9,high,False
SS-01475,glass_breaking_0274.wav,audio data/glass_breaking/glass_breaking_0274.wav,glass_breaking,Glass Breaking,3.0,16000,1,PCM_16,96044,WAV,indoor,digital microphone / synthetic,1-10m,original,validation,2026-09-27 12:06:14,86893ada11b666ae7d99b1636750ed11e447b8964b4564ced176335c946233e4,high,False
SS-01476,glass_breaking_0275.wav,audio data/glass_breaking/glass_breaking_0275.wav,glass_breaking,Glass Breaking,3.0,16000,1,PCM_16,96044,WAV,indoor,digital microphone / synthetic,1-10m,original,train,2026-09-27 12:06:14,b22ed1f02e347cebee3319c003e56bef65d1303578fc92cf23cc500360303e88,high,False
SS-01477,glass_breaking_0276.wav,audio data/glass_breaking/glass_breaking_0276.wav,glass_breaking,Glass Breaking,3.0,16000,1,PCM_16,96044,WAV,indoor,digital microphone / synthetic,1-10m,original,train,2026-09-27 12:06:14,f4fd6191951450cf5841384df6cd5e676ddd52238c23fbdb5b753219a96e8429,high,False
SS-01478,glass_breaking_0277.wav,audio data/glass_breaking/glass_breaking_0277.wav,glass_breaking,Glass Breaking,3.0,16000,1,PCM_16,96044,WAV,indoor,digital microphone / synthetic,1-10m,original,validation,2026-09-27 12:06:14,cc5833483be2171a6f4a8559f906931e3378738ef1695bb707313133ba195336,high,False
SS-01479,glass_breaking_0278.wav,audio data/glass_breaking/glass_breaking_0278.wav,glass_breaking,Glass Breaking,3.0,16000,1,PCM_16,96044,WAV,indoor,digital microphone / synthetic,1-10m,original,validation,2026-09-27 12:06:14,8beffee75eb5b8840ab69dfedd4ffb57f4f8068decdb588132f636b37f08dcf9,high,False
SS-01480,glass_breaking_0279.wav,audio data/glass_breaking/glass_breaking_0279.wav,glass_breaking,Glass Breaking,3.0,16000,1,PCM_16,96044,WAV,indoor,digital microphone / synthetic,1-10m,original,train,2026-09-27 12:06:14,763f8d265bd136362786e226c4b50aaf7551e8fc4a6375bc0bd1f23d3389af2e,high,False
SS-01481,glass_breaking_0280.wav,audio data/glass_breaking/glass_breaking_0280.wav,glass_breaking,Glass Breaking,3.0,16000,1,PCM_16,96044,WAV,indoor,digital microphone / synthetic,1-10m,original,test,2026-09-27 12:06:14,2f79c2293ac462516e23a78b742e5a1f5b1bedeef3b789beb92b134194628e08,high,False
SS-01482,glass_breaking_0281.wav,audio data/glass_breaking/glass_breaking_0281.wav,glass_breaking,Glass Breaking,3.0,16000,1,PCM_16,96044,WAV,indoor,digital microphone / synthetic,1-10m,original,train,2026-09-27 12:06:14,f7bf14764dec7f505fcd8fc4a1e3018bcf448bdd45dc562c5803eabc07e607ba,high,False
SS-01483,glass_breaking_0282.wav,audio data/glass_breaking/glass_breaking_0282.wav,glass_breaking,Glass Breaking,3.0,16000,1,PCM_16,96044,WAV,indoor,digital microphone / synthetic,1-10m,original,train,2026-09-27 12:06:14,c7dfe7a6617184fc564d5d28e54bd8dbf01464d8c5d383c7242db9edde7a85f1,high,False
SS-01484,glass_breaking_0283.wav,audio data/glass_breaking/glass_breaking_0283.wav,glass_breaking,Glass Breaking,3.0,16000,1,PCM_16,96044,WAV,indoor,digital microphone / synthetic,1-10m,original,train,2026-09-27 12:06:14,4eb27c4e785f4f2e397d91d8c721999538e8211760a92a69a0cf9f530beb083f,high,False
SS-01485,glass_breaking_0284.wav,audio data/glass_breaking/glass_breaking_0284.wav,glass_breaking,Glass Breaking,3.0,16000,1,PCM_16,96044,WAV,indoor,digital microphone / synthetic,1-10m,original,train,2026-09-27 12:06:14,cab58097fe23bc7f42608b1b4a04ac55a8e205831237299000a8059604c6d93e,high,False
SS-01486,glass_breaking_0285.wav,audio data/glass_breaking/glass_breaking_0285.wav,glass_breaking,Glass Breaking,3.0,16000,1,PCM_16,96044,WAV,indoor,digital microphone / synthetic,1-10m,original,train,2026-09-27 12:06:14,83025e703b24476a69f333216ca69055173faaf2ad85f2a925e1ab7e9d2bbd0e,high,False
SS-01487,glass_breaking_0286.wav,audio data/glass_breaking/glass_breaking_0286.wav,glass_breaking,Glass Breaking,3.0,16000,1,PCM_16,96044,WAV,indoor,digital microphone / synthetic,1-10m,original,train,2026-09-27 12:06:14,cb387c234781e819d1b78e34165a02a918473079f7da3f5b5c14c1ddb055ba1b,high,False
SS-01488,glass_breaking_0287.wav,audio data/glass_breaking/glass_breaking_0287.wav,glass_breaking,Glass Breaking,3.0,16000,1,PCM_16,96044,WAV,indoor,digital microphone / synthetic,1-10m,original,train,2026-09-27 12:06:14,4f2c094481edf98d7d2674fb2581925c668598ec87dcc17bd67bfbb2e8568d34,high,False
SS-01489,glass_breaking_0288.wav,audio data/glass_breaking/glass_breaking_0288.wav,glass_breaking,Glass Breaking,3.0,16000,1,PCM_16,96044,WAV,indoor,digital microphone / synthetic,1-10m,original,test,2026-09-27 12:06:14,d92b4d83ee19d033f78efb918d7e7a40702defcb92440c0d1b80010bf3a321dd,high,False
SS-01490,glass_breaking_0289.wav,audio data/glass_breaking/glass_breaking_0289.wav,glass_breaking,Glass Breaking,3.0,16000,1,PCM_16,96044,WAV,indoor,digital microphone / synthetic,1-10m,original,train,2026-09-27 12:06:14,603d6d6a71e72523d1a0e86dd0a786fdc8d29300121d74b5ff9881cac3c9029d,high,False
SS-01491,glass_breaking_0290.wav,audio data/glass_breaking/glass_breaking_0290.wav,glass_breaking,Glass Breaking,3.0,16000,1,PCM_16,96044,WAV,indoor,digital microphone / synthetic,1-10m,original,train,2026-09-27 12:06:14,508b2839b6c4bd86aa15220857c9cf717e9268a25d182eb8a7654ed930a108a6,high,False
SS-01492,glass_breaking_0291.wav,audio data/glass_breaking/glass_breaking_0291.wav,glass_breaking,Glass Breaking,3.0,16000,1,PCM_16,96044,WAV,indoor,digital microphone / synthetic,1-10m,original,test,2026-09-27 12:06:14,707e1abdf3ac5d64b5360c7b40925dc0fb6cacacc081443c939a8d76e1467ad5,high,False
SS-01493,glass_breaking_0292.wav,audio data/glass_breaking/glass_breaking_0292.wav,glass_breaking,Glass Breaking,3.0,16000,1,PCM_16,96044,WAV,indoor,digital microphone / synthetic,1-10m,original,train,2026-09-27 12:06:14,25b3e115a43a90955d63c28dc0e87227fb7870e91be789e20cad52a80a273c7e,high,False
SS-01494,glass_breaking_0293.wav,audio data/glass_breaking/glass_breaking_0293.wav,glass_breaking,Glass Breaking,3.0,16000,1,PCM_16,96044,WAV,indoor,digital microphone / synthetic,1-10m,original,train,2026-09-27 12:06:14,b7409437476b1f395bbd1ff6b9b0da56750416c3261be117c7cb548a9d665a6a,high,False
SS-01495,glass_breaking_0294.wav,audio data/glass_breaking/glass_breaking_0294.wav,glass_breaking,Glass Breaking,3.0,16000,1,PCM_16,96044,WAV,indoor,digital microphone / synthetic,1-10m,original,train,2026-09-27 12:06:14,8f8054924bceaeaff8070acd48e228f57f2a1cd80673363da9985cb18ae802aa,high,False
SS-01496,glass_breaking_0295.wav,audio data/glass_breaking/glass_breaking_0295.wav,glass_breaking,Glass Breaking,3.0,16000,1,PCM_16,96044,WAV,indoor,digital microphone / synthetic,1-10m,original,test,2026-09-27 12:06:14,2d6b272bf029234a5c457b882372d1c59f025b05ca340afbe31eae74e933feac,high,False
SS-01497,glass_breaking_0296.wav,audio data/glass_breaking/glass_breaking_0296.wav,glass_breaking,Glass Breaking,3.0,16000,1,PCM_16,96044,WAV,indoor,digital microphone / synthetic,1-10m,original,validation,2026-09-27 12:06:14,d26739539ce12a678c838d21bcfea63e63897e11e2201c3b942f49d037ed4c87,high,False
SS-01498,glass_breaking_0297.wav,audio data/glass_breaking/glass_breaking_0297.wav,glass_breaking,Glass Breaking,3.0,16000,1,PCM_16,96044,WAV,indoor,digital microphone / synthetic,1-10m,original,test,2026-09-27 12:06:14,8b0996056d857c74e5e2aeceaae1e19cc59e0063ede1c01058f6fecd2911f355,high,False
SS-01499,glass_breaking_0298.wav,audio data/glass_breaking/glass_breaking_0298.wav,glass_breaking,Glass Breaking,3.0,16000,1,PCM_16,96044,WAV,indoor,digital microphone / synthetic,1-10m,original,train,2026-09-27 12:06:14,aaf5bdb5be759d99485bf9f044335ffb7c82ab42ad356a056f110433e7beb112,high,False
SS-01500,glass_breaking_0299.wav,audio data/glass_breaking/glass_breaking_0299.wav,glass_breaking,Glass Breaking,3.0,16000,1,PCM_16,96044,WAV,indoor,digital microphone / synthetic,1-10m,original,train,2026-09-27 12:06:14,b3b312c153de8d9a849c1bf2cabb3d1f065d81dae5d6a4373626ac01ac8e293e,high,False
SS-01501,glass_breaking_0300.wav,audio data/glass_breaking/glass_breaking_0300.wav,glass_breaking,Glass Breaking,3.0,16000,1,PCM_16,96044,WAV,indoor,digital microphone / synthetic,1-10m,original,train,2026-09-27 12:06:14,1e83a430c2277f0dab77613e0ed1175ac72a77da75f390bcb0c774702cade53a,high,False
SS-01502,gunshot_0001.wav,audio data/gunshot/gunshot_0001.wav,gunshot,Gunshot,3.0,16000,1,PCM_16,96044,WAV,outdoor,digital microphone / synthetic,10-100m,original,train,2026-09-27 12:06:14,211eb18552fb2826cef41acde6220b884fda2a47bfd5f791cb19200fc3425c3a,critical,True
SS-01503,gunshot_0002.wav,audio data/gunshot/gunshot_0002.wav,gunshot,Gunshot,3.0,16000,1,PCM_16,96044,WAV,outdoor,digital microphone / synthetic,10-100m,original,train,2026-09-27 12:06:14,c64e0ab8fc65da6736c8bb7b952732dffbf9bdfd93640e1f018525c924d69fee,critical,True
SS-01504,gunshot_0003.wav,audio data/gunshot/gunshot_0003.wav,gunshot,Gunshot,3.0,16000,1,PCM_16,96044,WAV,outdoor,digital microphone / synthetic,10-100m,original,train,2026-09-27 12:06:14,6bfc9462c37428d1427e19579468f87540785d233c80248d1d3e4bcd615238b1,critical,True
SS-01505,gunshot_0004.wav,audio data/gunshot/gunshot_0004.wav,gunshot,Gunshot,3.0,16000,1,PCM_16,96044,WAV,outdoor,digital microphone / synthetic,10-100m,original,test,2026-09-27 12:06:14,f12f936c915285afede676ee3afebb5e9c586ea6d414ff6cc779f2f48f22873a,critical,True
SS-01506,gunshot_0005.wav,audio data/gunshot/gunshot_0005.wav,gunshot,Gunshot,3.0,16000,1,PCM_16,96044,WAV,outdoor,digital microphone / synthetic,10-100m,original,train,2026-09-27 12:06:14,cd28b71f52b454f3cc748e931fb7faaf7edf082f64bb23ec07d8220c31da7dce,critical,True
SS-01507,gunshot_0006.wav,audio data/gunshot/gunshot_0006.wav,gunshot,Gunshot,3.0,16000,1,PCM_16,96044,WAV,outdoor,digital microphone / synthetic,10-100m,original,train,2026-09-27 12:06:14,3d9074652a48c9b483cc5491768bb86e14d895757ad64be2f464261a0aa6c3a7,critical,True
SS-01508,gunshot_0007.wav,audio data/gunshot/gunshot_0007.wav,gunshot,Gunshot,3.0,16000,1,PCM_16,96044,WAV,outdoor,digital microphone / synthetic,10-100m,original,train,2026-09-27 12:06:14,b1858bf3a333c80743275d69322769359b103c0830ffb584b2fbf4b77a0726c5,critical,True
SS-01509,gunshot_0008.wav,audio data/gunshot/gunshot_0008.wav,gunshot,Gunshot,3.0,16000,1,PCM_16,96044,WAV,outdoor,digital microphone / synthetic,10-100m,original,validation,2026-09-27 12:06:14,579d55840a6191aa51744e223d0d5aed3e85182344ba19809ccf069f1ab2ea00,critical,True
SS-01510,gunshot_0009.wav,audio data/gunshot/gunshot_0009.wav,gunshot,Gunshot,3.0,16000,1,PCM_16,96044,WAV,outdoor,digital microphone / synthetic,10-100m,original,train,2026-09-27 12:06:14,d2f16b4c3c3b51b78aeab725350ed25e2affa5e9ef341ccc4b774a83d9354392,critical,True
SS-01511,gunshot_0010.wav,audio data/gunshot/gunshot_0010.wav,gunshot,Gunshot,3.0,16000,1,PCM_16,96044,WAV,outdoor,digital microphone / synthetic,10-100m,original,train,2026-09-27 12:06:14,5095ada698806487fcb818703b427dd9b7f942e103a6388fd19dd338145f845e,critical,True
SS-01512,gunshot_0011.wav,audio data/gunshot/gunshot_0011.wav,gunshot,Gunshot,3.0,16000,1,PCM_16,96044,WAV,outdoor,digital microphone / synthetic,10-100m,original,train,2026-09-27 12:06:14,d3a56ba27c9d33690af5c753b03d8c4f18044b5ff40a2fcf560b3eea82f97e76,critical,True
SS-01513,gunshot_0012.wav,audio data/gunshot/gunshot_0012.wav,gunshot,Gunshot,3.0,16000,1,PCM_16,96044,WAV,outdoor,digital microphone / synthetic,10-100m,original,train,2026-09-27 12:06:14,61b15c20a030937b0459ab04b044a4ce8ede0edcb7555d0beb0fba884524ccc2,critical,True
SS-01514,gunshot_0013.wav,audio data/gunshot/gunshot_0013.wav,gunshot,Gunshot,3.0,16000,1,PCM_16,96044,WAV,outdoor,digital microphone / synthetic,10-100m,original,validation,2026-09-27 12:06:14,efc1631a4457caff20b161cb7c1542dc652373afa490406840ee28c6b7d72e99,critical,True
SS-01515,gunshot_0014.wav,audio data/gunshot/gunshot_0014.wav,gunshot,Gunshot,3.0,16000,1,PCM_16,96044,WAV,outdoor,digital microphone / synthetic,10-100m,original,test,2026-09-27 12:06:14,1ccde567a42c2d8a2e9f4603555f29c2717ab379a372747e518b84bb9a172ed5,critical,True
SS-01516,gunshot_0015.wav,audio data/gunshot/gunshot_0015.wav,gunshot,Gunshot,3.0,16000,1,PCM_16,96044,WAV,outdoor,digital microphone / synthetic,10-100m,original,test,2026-09-27 12:06:14,f7d2332c1cf6df4f5289f53f1607f9f1655d58d06c9e8bee2dfe1f18224e3136,critical,True
SS-01517,gunshot_0016.wav,audio data/gunshot/gunshot_0016.wav,gunshot,Gunshot,3.0,16000,1,PCM_16,96044,WAV,outdoor,digital microphone / synthetic,10-100m,original,train,2026-09-27 12:06:14,b9eb80ecb5995f005fb5c56d3e270603b570b5582f3363a51c6af184c8f01675,critical,True
SS-01518,gunshot_0017.wav,audio data/gunshot/gunshot_0017.wav,gunshot,Gunshot,3.0,16000,1,PCM_16,96044,WAV,outdoor,digital microphone / synthetic,10-100m,original,train,2026-09-27 12:06:14,7ad31f22aa7584fbbe493c39fea044454b9edb9a02cc3269111eaefc5a5f0106,critical,True
SS-01519,gunshot_0018.wav,audio data/gunshot/gunshot_0018.wav,gunshot,Gunshot,3.0,16000,1,PCM_16,96044,WAV,outdoor,digital microphone / synthetic,10-100m,original,validation,2026-09-27 12:06:14,9c00ee39af34033b2e8a0aa7c6d18c31fb7da211de00d87169c67eb5df2ec1f0,critical,True
SS-01520,gunshot_0019.wav,audio data/gunshot/gunshot_0019.wav,gunshot,Gunshot,3.0,16000,1,PCM_16,96044,WAV,outdoor,digital microphone / synthetic,10-100m,original,train,2026-09-27 12:06:14,4288376d0520e58ef189bec469423c0389b2fdd0a720a600ba4833a1ced4391f,critical,True
SS-01521,gunshot_0020.wav,audio data/gunshot/gunshot_0020.wav,gunshot,Gunshot,3.0,16000,1,PCM_16,96044,WAV,outdoor,digital microphone / synthetic,10-100m,original,train,2026-09-27 12:06:14,7cc2832ae38b23686170b5f13439012d7bfbe0ff5a7b99ba7094596929493fec,critical,True
SS-01522,gunshot_0021.wav,audio data/gunshot/gunshot_0021.wav,gunshot,Gunshot,3.0,16000,1,PCM_16,96044,WAV,outdoor,digital microphone / synthetic,10-100m,original,validation,2026-09-27 12:06:14,8391acbbe1eb873c0a44c468086faa6f74115adfa9ad52d233c3e5f09d629b7a,critical,True
SS-01523,gunshot_0022.wav,audio data/gunshot/gunshot_0022.wav,gunshot,Gunshot,3.0,16000,1,PCM_16,96044,WAV,outdoor,digital microphone / synthetic,10-100m,original,validation,2026-09-27 12:06:14,1b93fb2b742ba0f6cb0ac2b9aa7ce8bbaa050e2ef60b4900d1ba04140faf5bc9,critical,True
SS-01524,gunshot_0023.wav,audio data/gunshot/gunshot_0023.wav,gunshot,Gunshot,3.0,16000,1,PCM_16,96044,WAV,outdoor,digital microphone / synthetic,10-100m,original,train,2026-09-27 12:06:14,5104936788c3faa9780ac06d85b0f9fd53ccfb946157764e3985c3476f92a09f,critical,True
SS-01525,gunshot_0024.wav,audio data/gunshot/gunshot_0024.wav,gunshot,Gunshot,3.0,16000,1,PCM_16,96044,WAV,outdoor,digital microphone / synthetic,10-100m,original,validation,2026-09-27 12:06:14,a9c4b247738af3e96f573fb233762969ca96a841dbbb14fbd771452121e86826,critical,True
SS-01526,gunshot_0025.wav,audio data/gunshot/gunshot_0025.wav,gunshot,Gunshot,3.0,16000,1,PCM_16,96044,WAV,outdoor,digital microphone / synthetic,10-100m,original,train,2026-09-27 12:06:14,0339ef17564b951064e4046e7fb659be85da3b28b69a4784a93c22cc363fc63e,critical,True
SS-01527,gunshot_0026.wav,audio data/gunshot/gunshot_0026.wav,gunshot,Gunshot,3.0,16000,1,PCM_16,96044,WAV,outdoor,digital microphone / synthetic,10-100m,original,train,2026-09-27 12:06:14,7c3a9aacea79d1f58643472aace87b8319ed0f8696c68f832584c7f8019903a5,critical,True
SS-01528,gunshot_0027.wav,audio data/gunshot/gunshot_0027.wav,gunshot,Gunshot,3.0,16000,1,PCM_16,96044,WAV,outdoor,digital microphone / synthetic,10-100m,original,test,2026-09-27 12:06:14,8276f0dfc790365c98bcff46480cb5186ceed1bcf9815efa496b576fd607506e,critical,True
SS-01529,gunshot_0028.wav,audio data/gunshot/gunshot_0028.wav,gunshot,Gunshot,3.0,16000,1,PCM_16,96044,WAV,outdoor,digital microphone / synthetic,10-100m,original,train,2026-09-27 12:06:14,dee3a7154418a2c521b967541275e508a1365b91d3ea90b7571d372c3bb24d47,critical,True
SS-01530,gunshot_0029.wav,audio data/gunshot/gunshot_0029.wav,gunshot,Gunshot,3.0,16000,1,PCM_16,96044,WAV,outdoor,digital microphone / synthetic,10-100m,original,train,2026-09-27 12:06:14,dcd35f25473f9e843c238e54b98642957ca8560e68787bb6e3586bd016cdd1a9,critical,True
SS-01531,gunshot_0030.wav,audio data/gunshot/gunshot_0030.wav,gunshot,Gunshot,3.0,16000,1,PCM_16,96044,WAV,outdoor,digital microphone / synthetic,10-100m,original,train,2026-09-27 12:06:14,d98d76db388d5c537c54dd04b19d8ea3ea11b48c70c25693e7e2bb10e58ac714,critical,True
SS-01532,gunshot_0031.wav,audio data/gunshot/gunshot_0031.wav,gunshot,Gunshot,3.0,16000,1,PCM_16,96044,WAV,outdoor,digital microphone / synthetic,10-100m,original,test,2026-09-27 12:06:14,20f353988d8fc05be67bdf5527af43f052c0f5011d95ac2cc68b86cbfafd8a24,critical,True
SS-01533,gunshot_0032.wav,audio data/gunshot/gunshot_0032.wav,gunshot,Gunshot,3.0,16000,1,PCM_16,96044,WAV,outdoor,digital microphone / synthetic,10-100m,original,train,2026-09-27 12:06:14,86a86d31b99920336e1a4d373ff4e4566eb2bc678989b867b96299d3f775bee5,critical,True
SS-01534,gunshot_0033.wav,audio data/gunshot/gunshot_0033.wav,gunshot,Gunshot,3.0,16000,1,PCM_16,96044,WAV,outdoor,digital microphone / synthetic,10-100m,original,train,2026-09-27 12:06:14,85cb5b89aa2718c84103638e8392eee87b737748b38e81a9c481c04119f92a64,critical,True
SS-01535,gunshot_0034.wav,audio data/gunshot/gunshot_0034.wav,gunshot,Gunshot,3.0,16000,1,PCM_16,96044,WAV,outdoor,digital microphone / synthetic,10-100m,original,train,2026-09-27 12:06:14,5eac3ac1298f5bf79c7f53bdea344ca53c12f456ef7d26b64e6a04d533951e9e,critical,True
SS-01536,gunshot_0035.wav,audio data/gunshot/gunshot_0035.wav,gunshot,Gunshot,3.0,16000,1,PCM_16,96044,WAV,outdoor,digital microphone / synthetic,10-100m,original,test,2026-09-27 12:06:14,aa46a12fa5f76f63a660d8eed6a1dbd0df24f5b6ff95fd8c985c22efdaddf3c0,critical,True
SS-01537,gunshot_0036.wav,audio data/gunshot/gunshot_0036.wav,gunshot,Gunshot,3.0,16000,1,PCM_16,96044,WAV,outdoor,digital microphone / synthetic,10-100m,original,train,2026-09-27 12:06:14,ab005ca49f4fb606d8672d383eb27a75ee1ef239c3ce929b1f0b1e6471b7656f,critical,True
SS-01538,gunshot_0037.wav,audio data/gunshot/gunshot_0037.wav,gunshot,Gunshot,3.0,16000,1,PCM_16,96044,WAV,outdoor,digital microphone / synthetic,10-100m,original,validation,2026-09-27 12:06:14,3833a95ac82a517c91229275636f0d7f7a097b38f75fc5a91f7f438c884b80e8,critical,True
SS-01539,gunshot_0038.wav,audio data/gunshot/gunshot_0038.wav,gunshot,Gunshot,3.0,16000,1,PCM_16,96044,WAV,outdoor,digital microphone / synthetic,10-100m,original,train,2026-09-27 12:06:14,5e37d767d4119ca8d36880eecac00e8f9f705b72ee9befb4d5a3509d301fa1e5,critical,True
SS-01540,gunshot_0039.wav,audio data/gunshot/gunshot_0039.wav,gunshot,Gunshot,3.0,16000,1,PCM_16,96044,WAV,outdoor,digital microphone / synthetic,10-100m,original,train,2026-09-27 12:06:14,81c86f35d7de38e0a2f272d915b55c1840f28f5d2adad8ea39b04d0dd2a755fd,critical,True
SS-01541,gunshot_0040.wav,audio data/gunshot/gunshot_0040.wav,gunshot,Gunshot,3.0,16000,1,PCM_16,96044,WAV,outdoor,digital microphone / synthetic,10-100m,original,validation,2026-09-27 12:06:14,2ec337e725caedc1d4d43bb7aa2ff1a417335f5031eb7cde02b4f91f9dddd5d4,critical,True
SS-01542,gunshot_0041.wav,audio data/gunshot/gunshot_0041.wav,gunshot,Gunshot,3.0,16000,1,PCM_16,96044,WAV,outdoor,digital microphone / synthetic,10-100m,original,validation,2026-09-27 12:06:14,4890ede1c3208ca844b47a292c5304f125529e124c502a2df3536eca289c684b,critical,True
SS-01543,gunshot_0042.wav,audio data/gunshot/gunshot_0042.wav,gunshot,Gunshot,3.0,16000,1,PCM_16,96044,WAV,outdoor,digital microphone / synthetic,10-100m,original,train,2026-09-27 12:06:14,f238535fde7a8ec84ce1a2d515c18dc84d6cfdbb24c4ed9f481514bb5b01d49a,critical,True
SS-01544,gunshot_0043.wav,audio data/gunshot/gunshot_0043.wav,gunshot,Gunshot,3.0,16000,1,PCM_16,96044,WAV,outdoor,digital microphone / synthetic,10-100m,original,train,2026-09-27 12:06:14,a818bc10b0c52b57d732a210657b92fe86a4e28d8e98791ea2cebf7179a4ce5b,critical,True
SS-01545,gunshot_0044.wav,audio data/gunshot/gunshot_0044.wav,gunshot,Gunshot,3.0,16000,1,PCM_16,96044,WAV,outdoor,digital microphone / synthetic,10-100m,original,test,2026-09-27 12:06:14,96fec441a4c07c44cd3a6e4e1f3dc765ad3ea6d58e3c3f3f2498c8ff216175d8,critical,True
SS-01546,gunshot_0045.wav,audio data/gunshot/gunshot_0045.wav,gunshot,Gunshot,3.0,16000,1,PCM_16,96044,WAV,outdoor,digital microphone / synthetic,10-100m,original,train,2026-09-27 12:06:14,beb07c088b2cb237788f6e2f297c6033aeab13f98649a16a9e02b739dbba700e,critical,True
SS-01547,gunshot_0046.wav,audio data/gunshot/gunshot_0046.wav,gunshot,Gunshot,3.0,16000,1,PCM_16,96044,WAV,outdoor,digital microphone / synthetic,10-100m,original,train,2026-09-27 12:06:14,e2d3d8e5e990150ec673b798bac2ed6f0eeebf5ad74b27f3eb512d19d525d091,critical,True
SS-01548,gunshot_0047.wav,audio data/gunshot/gunshot_0047.wav,gunshot,Gunshot,3.0,16000,1,PCM_16,96044,WAV,outdoor,digital microphone / synthetic,10-100m,original,test,2026-09-27 12:06:14,bc2ca6f39769899f2f2f7a6477f90c8ae145b71e877470af986d28ab61d845f0,critical,True
SS-01549,gunshot_0048.wav,audio data/gunshot/gunshot_0048.wav,gunshot,Gunshot,3.0,16000,1,PCM_16,96044,WAV,outdoor,digital microphone / synthetic,10-100m,original,test,2026-09-27 12:06:14,57e8f8609584b1c0c877b3568cf298e1070cd2debfddc9fddfe1c1bdc5b021aa,critical,True
SS-01550,gunshot_0049.wav,audio data/gunshot/gunshot_0049.wav,gunshot,Gunshot,3.0,16000,1,PCM_16,96044,WAV,outdoor,digital microphone / synthetic,10-100m,original,train,2026-09-27 12:06:14,62a0ff1ecd1d4454eb368d49748e44e1bb591412e54fe37be6960b4658d4cafb,critical,True
SS-01551,gunshot_0050.wav,audio data/gunshot/gunshot_0050.wav,gunshot,Gunshot,3.0,16000,1,PCM_16,96044,WAV,outdoor,digital microphone / synthetic,10-100m,original,test,2026-09-27 12:06:14,0a895e3c3cfb3616dc57df77976639ed77877c24d690e78c65fd7506edf00fee,critical,True
SS-01552,gunshot_0051.wav,audio data/gunshot/gunshot_0051.wav,gunshot,Gunshot,3.0,16000,1,PCM_16,96044,WAV,outdoor,digital microphone / synthetic,10-100m,original,train,2026-09-27 12:06:14,916a75a2f53bcf63f733b34c45fef09017be111c06bd5855da95927b101bf595,critical,True
SS-01553,gunshot_0052.wav,audio data/gunshot/gunshot_0052.wav,gunshot,Gunshot,3.0,16000,1,PCM_16,96044,WAV,outdoor,digital microphone / synthetic,10-100m,original,train,2026-09-27 12:06:14,a288dffe028cd268c822d9c6a971892faebf93b1b0aaa47131820360648cd080,critical,True
SS-01554,gunshot_0053.wav,audio data/gunshot/gunshot_0053.wav,gunshot,Gunshot,3.0,16000,1,PCM_16,96044,WAV,outdoor,digital microphone / synthetic,10-100m,original,train,2026-09-27 12:06:14,7fe150a1e810ef4b7437fb4b8afbbadc3d6006d911270285e88313cf4a4258de,critical,True
SS-01555,gunshot_0054.wav,audio data/gunshot/gunshot_0054.wav,gunshot,Gunshot,3.0,16000,1,PCM_16,96044,WAV,outdoor,digital microphone / synthetic,10-100m,original,test,2026-09-27 12:06:14,388fb6154e6d3919546179ae6534164d3d1e302e4d9b6be19fdb52833acd6d71,critical,True
SS-01556,gunshot_0055.wav,audio data/gunshot/gunshot_0055.wav,gunshot,Gunshot,3.0,16000,1,PCM_16,96044,WAV,outdoor,digital microphone / synthetic,10-100m,original,train,2026-09-27 12:06:14,a9bb03c84a4436f1993e400b195d2d5aab648983eade27fbeb116700baa8f513,critical,True
SS-01557,gunshot_0056.wav,audio data/gunshot/gunshot_0056.wav,gunshot,Gunshot,3.0,16000,1,PCM_16,96044,WAV,outdoor,digital microphone / synthetic,10-100m,original,test,2026-09-27 12:06:14,6843dedab8f71eb46dc5c2904fa9c970486170328b0f3ca87a05663944d83695,critical,True
SS-01558,gunshot_0057.wav,audio data/gunshot/gunshot_0057.wav,gunshot,Gunshot,3.0,16000,1,PCM_16,96044,WAV,outdoor,digital microphone / synthetic,10-100m,original,train,2026-09-27 12:06:14,30f5f518c0144c3c969cbca5afa018c3e861b14de0395c82c476d796ed96aa29,critical,True
SS-01559,gunshot_0058.wav,audio data/gunshot/gunshot_0058.wav,gunshot,Gunshot,3.0,16000,1,PCM_16,96044,WAV,outdoor,digital microphone / synthetic,10-100m,original,train,2026-09-27 12:06:14,0cdcd8e6187fbc6e5b729827944aef635510cfc95943f5931169e617eb80b615,critical,True
SS-01560,gunshot_0059.wav,audio data/gunshot/gunshot_0059.wav,gunshot,Gunshot,3.0,16000,1,PCM_16,96044,WAV,outdoor,digital microphone / synthetic,10-100m,original,test,2026-09-27 12:06:14,b9f4bd3082a61ed01560c25872b71516abbc9d7bd1e5cc6700691b1c8753b990,critical,True
SS-01561,gunshot_0060.wav,audio data/gunshot/gunshot_0060.wav,gunshot,Gunshot,3.0,16000,1,PCM_16,96044,WAV,outdoor,digital microphone / synthetic,10-100m,original,train,2026-09-27 12:06:14,223bc02515a63ec6b829288ef346350b40032f223f026fe26b1c0b961ba4f16d,critical,True
SS-01562,gunshot_0061.wav,audio data/gunshot/gunshot_0061.wav,gunshot,Gunshot,3.0,16000,1,PCM_16,96044,WAV,outdoor,digital microphone / synthetic,10-100m,original,train,2026-09-27 12:06:14,596c0c1047ee29decfa3f6744667bee6709a2c601838af47b93384a5fcf204f7,critical,True
SS-01563,gunshot_0062.wav,audio data/gunshot/gunshot_0062.wav,gunshot,Gunshot,3.0,16000,1,PCM_16,96044,WAV,outdoor,digital microphone / synthetic,10-100m,original,train,2026-09-27 12:06:14,409df12e5c1f3288532b9af09656e01f8e1a3f4aec1b2aa8e221cd71d2487cac,critical,True
SS-01564,gunshot_0063.wav,audio data/gunshot/gunshot_0063.wav,gunshot,Gunshot,3.0,16000,1,PCM_16,96044,WAV,outdoor,digital microphone / synthetic,10-100m,original,test,2026-09-27 12:06:14,d04d3453c04e3e1a1d3eea556b89288c7b678863cc5e140895bf4f6ba6f1c50a,critical,True
SS-01565,gunshot_0064.wav,audio data/gunshot/gunshot_0064.wav,gunshot,Gunshot,3.0,16000,1,PCM_16,96044,WAV,outdoor,digital microphone / synthetic,10-100m,original,train,2026-09-27 12:06:14,d00a0a806e271e394c022ccf2ac8f4dc92fdec56428da215064a4b7ad579d223,critical,True
SS-01566,gunshot_0065.wav,audio data/gunshot/gunshot_0065.wav,gunshot,Gunshot,3.0,16000,1,PCM_16,96044,WAV,outdoor,digital microphone / synthetic,10-100m,original,train,2026-09-27 12:06:14,81cca640575bae193f390429c6a334ce3f5634af934df54751c4844ad3821eb5,critical,True
SS-01567,gunshot_0066.wav,audio data/gunshot/gunshot_0066.wav,gunshot,Gunshot,3.0,16000,1,PCM_16,96044,WAV,outdoor,digital microphone / synthetic,10-100m,original,train,2026-09-27 12:06:14,a0cbd2f6504d860b21af57d352f3c2757bf82204160735727a3dc67e4169c644,critical,True
SS-01568,gunshot_0067.wav,audio data/gunshot/gunshot_0067.wav,gunshot,Gunshot,3.0,16000,1,PCM_16,96044,WAV,outdoor,digital microphone / synthetic,10-100m,original,test,2026-09-27 12:06:14,0133a5c20c5b498ad71ace94b929e085198e73bcab978a46ff6f0038d48a62e5,critical,True
SS-01569,gunshot_0068.wav,audio data/gunshot/gunshot_0068.wav,gunshot,Gunshot,3.0,16000,1,PCM_16,96044,WAV,outdoor,digital microphone / synthetic,10-100m,original,train,2026-09-27 12:06:14,0038dfdace8fc976ec6f5c48a24c11fc37554016c157aa9e9f61a042180daab5,critical,True
SS-01570,gunshot_0069.wav,audio data/gunshot/gunshot_0069.wav,gunshot,Gunshot,3.0,16000,1,PCM_16,96044,WAV,outdoor,digital microphone / synthetic,10-100m,original,train,2026-09-27 12:06:14,490c019bd9024bc263c01d11f7a2f831bfe2164bb4ecf5fe526ef406d75c548e,critical,True
SS-01571,gunshot_0070.wav,audio data/gunshot/gunshot_0070.wav,gunshot,Gunshot,3.0,16000,1,PCM_16,96044,WAV,outdoor,digital microphone / synthetic,10-100m,original,validation,2026-09-27 12:06:14,55bfb7078c12fc93230c3a4e3122bbf3ca58acb210ba508e5cde68196cafd1cf,critical,True
SS-01572,gunshot_0071.wav,audio data/gunshot/gunshot_0071.wav,gunshot,Gunshot,3.0,16000,1,PCM_16,96044,WAV,outdoor,digital microphone / synthetic,10-100m,original,train,2026-09-27 12:06:14,76e39c6c60f120492b038d379df229bce1033fd3099f38be205f52f0c3992a21,critical,True
SS-01573,gunshot_0072.wav,audio data/gunshot/gunshot_0072.wav,gunshot,Gunshot,3.0,16000,1,PCM_16,96044,WAV,outdoor,digital microphone / synthetic,10-100m,original,train,2026-09-27 12:06:14,eb5c9eac17392a4ecd0f9fa90041846e147136374351554a279a21be69d72fe3,critical,True
SS-01574,gunshot_0073.wav,audio data/gunshot/gunshot_0073.wav,gunshot,Gunshot,3.0,16000,1,PCM_16,96044,WAV,outdoor,digital microphone / synthetic,10-100m,original,train,2026-09-27 12:06:14,35462db0e4ebc78f17a6d322243f95d2888d1ff9d2d6d9cc4a283265c1cd9b46,critical,True
SS-01575,gunshot_0074.wav,audio data/gunshot/gunshot_0074.wav,gunshot,Gunshot,3.0,16000,1,PCM_16,96044,WAV,outdoor,digital microphone / synthetic,10-100m,original,test,2026-09-27 12:06:14,07f65e7fc1c21dadf35d04d72474be8066e38f3e17029bd177eeb2b4f9f3b833,critical,True
SS-01576,gunshot_0075.wav,audio data/gunshot/gunshot_0075.wav,gunshot,Gunshot,3.0,16000,1,PCM_16,96044,WAV,outdoor,digital microphone / synthetic,10-100m,original,train,2026-09-27 12:06:14,aaaac242e53af5b48743986bf315dda3652f735b3f7a2d0f93502ebfe1a28d69,critical,True
SS-01577,gunshot_0076.wav,audio data/gunshot/gunshot_0076.wav,gunshot,Gunshot,3.0,16000,1,PCM_16,96044,WAV,outdoor,digital microphone / synthetic,10-100m,original,train,2026-09-27 12:06:14,88b4f2b44b6202d570b5562dde1080a566af334dcd1adfb067133b930ead1aea,critical,True
SS-01578,gunshot_0077.wav,audio data/gunshot/gunshot_0077.wav,gunshot,Gunshot,3.0,16000,1,PCM_16,96044,WAV,outdoor,digital microphone / synthetic,10-100m,original,train,2026-09-27 12:06:14,8cb3699f24106ea29d73bff9e223a6bbe603891ceeeda52a1aa7409d53e3545a,critical,True
SS-01579,gunshot_0078.wav,audio data/gunshot/gunshot_0078.wav,gunshot,Gunshot,3.0,16000,1,PCM_16,96044,WAV,outdoor,digital microphone / synthetic,10-100m,original,train,2026-09-27 12:06:14,185c94d0717b285cda99c588f0c0605f26ecf336cf3344fe34b6f1a8582b0ff2,critical,True
SS-01580,gunshot_0079.wav,audio data/gunshot/gunshot_0079.wav,gunshot,Gunshot,3.0,16000,1,PCM_16,96044,WAV,outdoor,digital microphone / synthetic,10-100m,original,train,2026-09-27 12:06:14,9be4fe009fec5b5cc4c63060d0bb0e91dbad3b2719b787c336819bddba174cf6,critical,True
SS-01581,gunshot_0080.wav,audio data/gunshot/gunshot_0080.wav,gunshot,Gunshot,3.0,16000,1,PCM_16,96044,WAV,outdoor,digital microphone / synthetic,10-100m,original,test,2026-09-27 12:06:14,dd36768d448db6f6a6f90e98c19e367e7a3d5bf4e4d30542e3cc57c8d558ffb0,critical,True
SS-01582,gunshot_0081.wav,audio data/gunshot/gunshot_0081.wav,gunshot,Gunshot,3.0,16000,1,PCM_16,96044,WAV,outdoor,digital microphone / synthetic,10-100m,original,train,2026-09-27 12:06:14,6e52587ea86a8f8740204278f49ee7a112f4ba2eb1a2dfa99940a97fa08524a1,critical,True
SS-01583,gunshot_0082.wav,audio data/gunshot/gunshot_0082.wav,gunshot,Gunshot,3.0,16000,1,PCM_16,96044,WAV,outdoor,digital microphone / synthetic,10-100m,original,train,2026-09-27 12:06:14,249bda7e279e7828fd050e13e3651fc9d6010fee802045df2c96a4147985d3fa,critical,True
SS-01584,gunshot_0083.wav,audio data/gunshot/gunshot_0083.wav,gunshot,Gunshot,3.0,16000,1,PCM_16,96044,WAV,outdoor,digital microphone / synthetic,10-100m,original,train,2026-09-27 12:06:14,6c39e5ac4a0cbf25032276d1e952814c4eb0a2e52c13c0fd336fa02000837745,critical,True
SS-01585,gunshot_0084.wav,audio data/gunshot/gunshot_0084.wav,gunshot,Gunshot,3.0,16000,1,PCM_16,96044,WAV,outdoor,digital microphone / synthetic,10-100m,original,validation,2026-09-27 12:06:14,9fc39839dc8212264a38afdf6fcb4f897c6948722e936eae37ea022a6d397a1c,critical,True
SS-01586,gunshot_0085.wav,audio data/gunshot/gunshot_0085.wav,gunshot,Gunshot,3.0,16000,1,PCM_16,96044,WAV,outdoor,digital microphone / synthetic,10-100m,original,train,2026-09-27 12:06:14,1afe24cb1653e849cfed69b31c9c9cce59c9d438ae8dc1044694eaa0a334e1e0,critical,True
SS-01587,gunshot_0086.wav,audio data/gunshot/gunshot_0086.wav,gunshot,Gunshot,3.0,16000,1,PCM_16,96044,WAV,outdoor,digital microphone / synthetic,10-100m,original,train,2026-09-27 12:06:14,0fc0f5d8775b58ba8c29b2463e3836a0a8e987f352ff73f57eae1a7f880b4f41,critical,True
SS-01588,gunshot_0087.wav,audio data/gunshot/gunshot_0087.wav,gunshot,Gunshot,3.0,16000,1,PCM_16,96044,WAV,outdoor,digital microphone / synthetic,10-100m,original,train,2026-09-27 12:06:14,c391fce05ad08ebdd52df37cfaa374bf954ae31092f0d0baf056e53eb66f3eb7,critical,True
SS-01589,gunshot_0088.wav,audio data/gunshot/gunshot_0088.wav,gunshot,Gunshot,3.0,16000,1,PCM_16,96044,WAV,outdoor,digital microphone / synthetic,10-100m,original,validation,2026-09-27 12:06:14,e503a0788ac09f8cc683db4c35ff5e5fe06b90d1e1bbd7b5c90f7919789ce0de,critical,True
SS-01590,gunshot_0089.wav,audio data/gunshot/gunshot_0089.wav,gunshot,Gunshot,3.0,16000,1,PCM_16,96044,WAV,outdoor,digital microphone / synthetic,10-100m,original,train,2026-09-27 12:06:14,e7800d50412773d0bc6db488d05926d4a48094b0f066210abc2de53c469f550d,critical,True
SS-01591,gunshot_0090.wav,audio data/gunshot/gunshot_0090.wav,gunshot,Gunshot,3.0,16000,1,PCM_16,96044,WAV,outdoor,digital microphone / synthetic,10-100m,original,train,2026-09-27 12:06:14,9d556fa99a05cb363252d4aa9f9b2df6cdc99f7e7edf6ab211195f54d0dfd880,critical,True
SS-01592,gunshot_0091.wav,audio data/gunshot/gunshot_0091.wav,gunshot,Gunshot,3.0,16000,1,PCM_16,96044,WAV,outdoor,digital microphone / synthetic,10-100m,original,train,2026-09-27 12:06:14,43dc4e502c9ea16a316def87def21df4ff098e3a57813b2ace424fee015b6df9,critical,True
SS-01593,gunshot_0092.wav,audio data/gunshot/gunshot_0092.wav,gunshot,Gunshot,3.0,16000,1,PCM_16,96044,WAV,outdoor,digital microphone / synthetic,10-100m,original,train,2026-09-27 12:06:14,7c2dcf33db6babe498c11bb1b099e2b62ccc12cec4b671c4be70c54864e73139,critical,True
SS-01594,gunshot_0093.wav,audio data/gunshot/gunshot_0093.wav,gunshot,Gunshot,3.0,16000,1,PCM_16,96044,WAV,outdoor,digital microphone / synthetic,10-100m,original,test,2026-09-27 12:06:14,e9cd80d3bb35dd3c1ac4c754b6097b6f3250ebf60cbef8cde860d554205930fb,critical,True
SS-01595,gunshot_0094.wav,audio data/gunshot/gunshot_0094.wav,gunshot,Gunshot,3.0,16000,1,PCM_16,96044,WAV,outdoor,digital microphone / synthetic,10-100m,original,train,2026-09-27 12:06:14,e6a890fa8a93e1e978d78e634a53562b9ee55d7b04b357cfad1140ffc16b5217,critical,True
SS-01596,gunshot_0095.wav,audio data/gunshot/gunshot_0095.wav,gunshot,Gunshot,3.0,16000,1,PCM_16,96044,WAV,outdoor,digital microphone / synthetic,10-100m,original,validation,2026-09-27 12:06:14,fc52669d20d084e0b39094334423c24cc21d89b8271479e248ec7291f7d1ad43,critical,True
SS-01597,gunshot_0096.wav,audio data/gunshot/gunshot_0096.wav,gunshot,Gunshot,3.0,16000,1,PCM_16,96044,WAV,outdoor,digital microphone / synthetic,10-100m,original,train,2026-09-27 12:06:14,dec53ff4a1d7050faf6ec71dc39ec9083de4b3e5620bccae2d9543f47630d6a3,critical,True
SS-01598,gunshot_0097.wav,audio data/gunshot/gunshot_0097.wav,gunshot,Gunshot,3.0,16000,1,PCM_16,96044,WAV,outdoor,digital microphone / synthetic,10-100m,original,validation,2026-09-27 12:06:14,46367574f3f02d1987ca1deec7d8383be9266eeb21f808891be43e77b9be63f2,critical,True
SS-01599,gunshot_0098.wav,audio data/gunshot/gunshot_0098.wav,gunshot,Gunshot,3.0,16000,1,PCM_16,96044,WAV,outdoor,digital microphone / synthetic,10-100m,original,train,2026-09-27 12:06:14,8b13894c27243eb8b432db8e60b022f411c93b6dfcfc9b91d4ba52530c357742,critical,True
SS-01600,gunshot_0099.wav,audio data/gunshot/gunshot_0099.wav,gunshot,Gunshot,3.0,16000,1,PCM_16,96044,WAV,outdoor,digital microphone / synthetic,10-100m,original,train,2026-09-27 12:06:14,4fd355ba29c47dd5752afaac1ac66fabeba105ca2ac6dd174766ef907ede624f,critical,True
SS-01601,gunshot_0100.wav,audio data/gunshot/gunshot_0100.wav,gunshot,Gunshot,3.0,16000,1,PCM_16,96044,WAV,outdoor,digital microphone / synthetic,10-100m,original,train,2026-09-27 12:06:14,9c81d8a0f0dd5781efc9523463b2c1c59953e33632d9fc3be49fefbb0953fc9d,critical,True
SS-01602,gunshot_0101.wav,audio data/gunshot/gunshot_0101.wav,gunshot,Gunshot,3.0,16000,1,PCM_16,96044,WAV,outdoor,digital microphone / synthetic,10-100m,original,train,2026-09-27 12:06:14,eaeb89a3fce09f9f70683cc3c1f59c4839f10ad8a10de0a51620635da099c644,critical,True
SS-01603,gunshot_0102.wav,audio data/gunshot/gunshot_0102.wav,gunshot,Gunshot,3.0,16000,1,PCM_16,96044,WAV,outdoor,digital microphone / synthetic,10-100m,original,train,2026-09-27 12:06:14,7caba1b5ad1f918ba238c12d829ddce1fbb8ff4590e6b89b3834366c612f11c1,critical,True
SS-01604,gunshot_0103.wav,audio data/gunshot/gunshot_0103.wav,gunshot,Gunshot,3.0,16000,1,PCM_16,96044,WAV,outdoor,digital microphone / synthetic,10-100m,original,validation,2026-09-27 12:06:14,ae70729aa4c746b54f36da451b85aeaca757c7a9daf96cfd9f1357a9813056c9,critical,True
SS-01605,gunshot_0104.wav,audio data/gunshot/gunshot_0104.wav,gunshot,Gunshot,3.0,16000,1,PCM_16,96044,WAV,outdoor,digital microphone / synthetic,10-100m,original,train,2026-09-27 12:06:14,8dc2fb87e54cbc8b31007748aa75e725050ffb19e88ce340b90824af338a9d3c,critical,True
SS-01606,gunshot_0105.wav,audio data/gunshot/gunshot_0105.wav,gunshot,Gunshot,3.0,16000,1,PCM_16,96044,WAV,outdoor,digital microphone / synthetic,10-100m,original,train,2026-09-27 12:06:14,35cc6149b27fba1ca489f20a616ce0012524f679f3ea5e1c8f605286ed5e78b7,critical,True
SS-01607,gunshot_0106.wav,audio data/gunshot/gunshot_0106.wav,gunshot,Gunshot,3.0,16000,1,PCM_16,96044,WAV,outdoor,digital microphone / synthetic,10-100m,original,train,2026-09-27 12:06:14,1f08eb4e15190b982aff545c188f990b1854d2ff7aa288ff046777a04467df4d,critical,True
SS-01608,gunshot_0107.wav,audio data/gunshot/gunshot_0107.wav,gunshot,Gunshot,3.0,16000,1,PCM_16,96044,WAV,outdoor,digital microphone / synthetic,10-100m,original,validation,2026-09-27 12:06:14,37d84b3cb8d2fdf9b886a901386ef954e42b5d990c71d624d1308c775221c2c5,critical,True
SS-01609,gunshot_0108.wav,audio data/gunshot/gunshot_0108.wav,gunshot,Gunshot,3.0,16000,1,PCM_16,96044,WAV,outdoor,digital microphone / synthetic,10-100m,original,validation,2026-09-27 12:06:14,2efbf4a83deb2a5da1d1d21c0d176a013af31c48bf729421b663151c82db03f5,critical,True
SS-01610,gunshot_0109.wav,audio data/gunshot/gunshot_0109.wav,gunshot,Gunshot,3.0,16000,1,PCM_16,96044,WAV,outdoor,digital microphone / synthetic,10-100m,original,test,2026-09-27 12:06:14,d1c1588bb26989cedbe8eedb7ba6521d61534cda4cb2468055ae5fe5ae8b9ed5,critical,True
SS-01611,gunshot_0110.wav,audio data/gunshot/gunshot_0110.wav,gunshot,Gunshot,3.0,16000,1,PCM_16,96044,WAV,outdoor,digital microphone / synthetic,10-100m,original,train,2026-09-27 12:06:14,9c320557793754e24b8144685499acc33bf7ade307019674cf3a5b624b698f2b,critical,True
SS-01612,gunshot_0111.wav,audio data/gunshot/gunshot_0111.wav,gunshot,Gunshot,3.0,16000,1,PCM_16,96044,WAV,outdoor,digital microphone / synthetic,10-100m,original,train,2026-09-27 12:06:14,a7a6ca0bd0de1671a483f7b9f113627eeba4a783aa09e80996510a6f3612a223,critical,True
SS-01613,gunshot_0112.wav,audio data/gunshot/gunshot_0112.wav,gunshot,Gunshot,3.0,16000,1,PCM_16,96044,WAV,outdoor,digital microphone / synthetic,10-100m,original,train,2026-09-27 12:06:14,e2b493b371262471f9d396b225ad1ca33b6bae29d77a2e9aa87445cf342deec8,critical,True
SS-01614,gunshot_0113.wav,audio data/gunshot/gunshot_0113.wav,gunshot,Gunshot,3.0,16000,1,PCM_16,96044,WAV,outdoor,digital microphone / synthetic,10-100m,original,train,2026-09-27 12:06:14,d3f02086d8889ddd742a01850c038fb11c5b6805555a0b00c7f6770b47e7194f,critical,True
SS-01615,gunshot_0114.wav,audio data/gunshot/gunshot_0114.wav,gunshot,Gunshot,3.0,16000,1,PCM_16,96044,WAV,outdoor,digital microphone / synthetic,10-100m,original,validation,2026-09-27 12:06:14,357d1bbba445e7c2adb1576667fd6448c365823d1f24228b0571d6445145f56c,critical,True
SS-01616,gunshot_0115.wav,audio data/gunshot/gunshot_0115.wav,gunshot,Gunshot,3.0,16000,1,PCM_16,96044,WAV,outdoor,digital microphone / synthetic,10-100m,original,test,2026-09-27 12:06:14,fa9fff80f44b4f03d098c8400d51beef67c8c3cb667921a8601bdbaa83d7f9cd,critical,True
SS-01617,gunshot_0116.wav,audio data/gunshot/gunshot_0116.wav,gunshot,Gunshot,3.0,16000,1,PCM_16,96044,WAV,outdoor,digital microphone / synthetic,10-100m,original,test,2026-09-27 12:06:14,b48e8e224c6422463bd2af3376245743e54182e0cae34752690490f3864bb62a,critical,True
SS-01618,gunshot_0117.wav,audio data/gunshot/gunshot_0117.wav,gunshot,Gunshot,3.0,16000,1,PCM_16,96044,WAV,outdoor,digital microphone / synthetic,10-100m,original,validation,2026-09-27 12:06:14,07ed331fc10d8f82eaf0e16da13f2095326f159075f5751ddf4216aaf6bbc543,critical,True
SS-01619,gunshot_0118.wav,audio data/gunshot/gunshot_0118.wav,gunshot,Gunshot,3.0,16000,1,PCM_16,96044,WAV,outdoor,digital microphone / synthetic,10-100m,original,train,2026-09-27 12:06:14,b13bdfd1db44d06abb334bef7411e987d07d37d860a571b678406cf88ffae3de,critical,True
SS-01620,gunshot_0119.wav,audio data/gunshot/gunshot_0119.wav,gunshot,Gunshot,3.0,16000,1,PCM_16,96044,WAV,outdoor,digital microphone / synthetic,10-100m,original,train,2026-09-27 12:06:14,c1ec3085e6614d7548ca8468da925839032c71203dfdfde8ee5906bb8fd82a2b,critical,True
SS-01621,gunshot_0120.wav,audio data/gunshot/gunshot_0120.wav,gunshot,Gunshot,3.0,16000,1,PCM_16,96044,WAV,outdoor,digital microphone / synthetic,10-100m,original,train,2026-09-27 12:06:14,64240b57ba915145043d3768517b6f756bb9b80622f7fca317a1cbdcd1583203,critical,True
SS-01622,gunshot_0121.wav,audio data/gunshot/gunshot_0121.wav,gunshot,Gunshot,3.0,16000,1,PCM_16,96044,WAV,outdoor,digital microphone / synthetic,10-100m,original,train,2026-09-27 12:06:14,90877d6662ea13c86a5e02124687e52de828deadb2fc9904cd6d6362876f9a2c,critical,True
SS-01623,gunshot_0122.wav,audio data/gunshot/gunshot_0122.wav,gunshot,Gunshot,3.0,16000,1,PCM_16,96044,WAV,outdoor,digital microphone / synthetic,10-100m,original,train,2026-09-27 12:06:14,a7d5f918839a76a00fc0af126bb86711b8e53cccfb4ac1a9820ec8495b57a76d,critical,True
SS-01624,gunshot_0123.wav,audio data/gunshot/gunshot_0123.wav,gunshot,Gunshot,3.0,16000,1,PCM_16,96044,WAV,outdoor,digital microphone / synthetic,10-100m,original,train,2026-09-27 12:06:14,dca99bd70b50e71070feeaba4aa5d0f91ecbeffe346e53b97d692b81d39a4469,critical,True
SS-01625,gunshot_0124.wav,audio data/gunshot/gunshot_0124.wav,gunshot,Gunshot,3.0,16000,1,PCM_16,96044,WAV,outdoor,digital microphone / synthetic,10-100m,original,train,2026-09-27 12:06:14,54bd0689f167468a92a3355c6a181a771474e8f121c655e189749e89ad03c133,critical,True
SS-01626,gunshot_0125.wav,audio data/gunshot/gunshot_0125.wav,gunshot,Gunshot,3.0,16000,1,PCM_16,96044,WAV,outdoor,digital microphone / synthetic,10-100m,original,validation,2026-09-27 12:06:14,66c6f0c635821801df483cca2a035a081c6842ef957e9c6edad438206f916c11,critical,True
SS-01627,gunshot_0126.wav,audio data/gunshot/gunshot_0126.wav,gunshot,Gunshot,3.0,16000,1,PCM_16,96044,WAV,outdoor,digital microphone / synthetic,10-100m,original,train,2026-09-27 12:06:14,ecd0615270ac067e0f93da9c31394cb6a274d9ad57193bd17bbfa222c7a2e0c1,critical,True
SS-01628,gunshot_0127.wav,audio data/gunshot/gunshot_0127.wav,gunshot,Gunshot,3.0,16000,1,PCM_16,96044,WAV,outdoor,digital microphone / synthetic,10-100m,original,train,2026-09-27 12:06:14,ccda65673b98336bceadac44c980a553a2e23e40c539b4dcdc49aaf82a7dc860,critical,True
SS-01629,gunshot_0128.wav,audio data/gunshot/gunshot_0128.wav,gunshot,Gunshot,3.0,16000,1,PCM_16,96044,WAV,outdoor,digital microphone / synthetic,10-100m,original,train,2026-09-27 12:06:14,34e5b73533684a77f49e625f66d9ad4131680295b1352f29c4491a69c6f35a70,critical,True
SS-01630,gunshot_0129.wav,audio data/gunshot/gunshot_0129.wav,gunshot,Gunshot,3.0,16000,1,PCM_16,96044,WAV,outdoor,digital microphone / synthetic,10-100m,original,train,2026-09-27 12:06:14,239279e3f16f14f71c9352903555c36efea025409c3dcc1479b1ef8c4e902810,critical,True
SS-01631,gunshot_0130.wav,audio data/gunshot/gunshot_0130.wav,gunshot,Gunshot,3.0,16000,1,PCM_16,96044,WAV,outdoor,digital microphone / synthetic,10-100m,original,train,2026-09-27 12:06:14,8441b2a26089c1cdf2890b4a1d1dcce20d29ef48f159448b33b79812e88cd01c,critical,True
SS-01632,gunshot_0131.wav,audio data/gunshot/gunshot_0131.wav,gunshot,Gunshot,3.0,16000,1,PCM_16,96044,WAV,outdoor,digital microphone / synthetic,10-100m,original,train,2026-09-27 12:06:14,ce592b254aab5e4f5163bda3f5eb32677873e3db4ab3e85b0823ff750e210e77,critical,True
SS-01633,gunshot_0132.wav,audio data/gunshot/gunshot_0132.wav,gunshot,Gunshot,3.0,16000,1,PCM_16,96044,WAV,outdoor,digital microphone / synthetic,10-100m,original,train,2026-09-27 12:06:14,e59acc46ccf299ffd2f1911f25ad0f1d1da20da0a2858ee2f34d4ea62eb0688c,critical,True
SS-01634,gunshot_0133.wav,audio data/gunshot/gunshot_0133.wav,gunshot,Gunshot,3.0,16000,1,PCM_16,96044,WAV,outdoor,digital microphone / synthetic,10-100m,original,train,2026-09-27 12:06:14,49f281ec3024d678ca68a086641d2507f714873b3d343d003d9f141695cefee8,critical,True
SS-01635,gunshot_0134.wav,audio data/gunshot/gunshot_0134.wav,gunshot,Gunshot,3.0,16000,1,PCM_16,96044,WAV,outdoor,digital microphone / synthetic,10-100m,original,train,2026-09-27 12:06:14,5d102fad1c9c7949e9b1d7a9bfc3e0e877983cefc6b1b04263041622ba8f36c0,critical,True
SS-01636,gunshot_0135.wav,audio data/gunshot/gunshot_0135.wav,gunshot,Gunshot,3.0,16000,1,PCM_16,96044,WAV,outdoor,digital microphone / synthetic,10-100m,original,train,2026-09-27 12:06:14,1578e5938eac06d3a3a928663af444597f0682f8f10ecf971034a447621e82b6,critical,True
SS-01637,gunshot_0136.wav,audio data/gunshot/gunshot_0136.wav,gunshot,Gunshot,3.0,16000,1,PCM_16,96044,WAV,outdoor,digital microphone / synthetic,10-100m,original,validation,2026-09-27 12:06:14,0e69cf6b59dbe23145f9f005f76d1778913d096fb7fddaa0764deb4f783bb60c,critical,True
SS-01638,gunshot_0137.wav,audio data/gunshot/gunshot_0137.wav,gunshot,Gunshot,3.0,16000,1,PCM_16,96044,WAV,outdoor,digital microphone / synthetic,10-100m,original,test,2026-09-27 12:06:14,02677ee5ccd494ff06fc07739d12787687ba5ad46fffb95d9aac8867e16ebef8,critical,True
SS-01639,gunshot_0138.wav,audio data/gunshot/gunshot_0138.wav,gunshot,Gunshot,3.0,16000,1,PCM_16,96044,WAV,outdoor,digital microphone / synthetic,10-100m,original,train,2026-09-27 12:06:14,1019fe3391f2a9ff3360a618bbd52de1b48705948dddb9b1a66e365f25992d16,critical,True
SS-01640,gunshot_0139.wav,audio data/gunshot/gunshot_0139.wav,gunshot,Gunshot,3.0,16000,1,PCM_16,96044,WAV,outdoor,digital microphone / synthetic,10-100m,original,train,2026-09-27 12:06:14,8ec8bf31b3b602552a64e46067db9c5bceb8df3fcb1cb7599c7624f078a0ff46,critical,True
SS-01641,gunshot_0140.wav,audio data/gunshot/gunshot_0140.wav,gunshot,Gunshot,3.0,16000,1,PCM_16,96044,WAV,outdoor,digital microphone / synthetic,10-100m,original,test,2026-09-27 12:06:14,86c8207028d0e6b3cc40a142b476f118afdf18ee4f19b565b87e4a38e4ec12f5,critical,True
SS-01642,gunshot_0141.wav,audio data/gunshot/gunshot_0141.wav,gunshot,Gunshot,3.0,16000,1,PCM_16,96044,WAV,outdoor,digital microphone / synthetic,10-100m,original,train,2026-09-27 12:06:14,25fe15ac1e486414e82a0cddeb97877b71a50597603a4a24cc57d14a0e2cde50,critical,True
SS-01643,gunshot_0142.wav,audio data/gunshot/gunshot_0142.wav,gunshot,Gunshot,3.0,16000,1,PCM_16,96044,WAV,outdoor,digital microphone / synthetic,10-100m,original,train,2026-09-27 12:06:14,a35efb611e099e191cf999377d0c858280387e97a29207dbd0dabd9c63c75c86,critical,True
SS-01644,gunshot_0143.wav,audio data/gunshot/gunshot_0143.wav,gunshot,Gunshot,3.0,16000,1,PCM_16,96044,WAV,outdoor,digital microphone / synthetic,10-100m,original,test,2026-09-27 12:06:14,93f98e717403f032563fb95ba71b5ed218f3d3340782c0d552cba52a54e966f2,critical,True
SS-01645,gunshot_0144.wav,audio data/gunshot/gunshot_0144.wav,gunshot,Gunshot,3.0,16000,1,PCM_16,96044,WAV,outdoor,digital microphone / synthetic,10-100m,original,train,2026-09-27 12:06:14,5c36dd2cdd5b9c76c9d6d77fb52fe93667ac7f764a4e4d99a7c5c112dbe893dc,critical,True
SS-01646,gunshot_0145.wav,audio data/gunshot/gunshot_0145.wav,gunshot,Gunshot,3.0,16000,1,PCM_16,96044,WAV,outdoor,digital microphone / synthetic,10-100m,original,validation,2026-09-27 12:06:14,c9eba3d7382663cbd789865802bb880243c749b4b02594b0e31883642d6e5a27,critical,True
SS-01647,gunshot_0146.wav,audio data/gunshot/gunshot_0146.wav,gunshot,Gunshot,3.0,16000,1,PCM_16,96044,WAV,outdoor,digital microphone / synthetic,10-100m,original,validation,2026-09-27 12:06:14,a3c334e1e9f001690f91fe736841e0cb63ccaf3219ab3c58a981b5fc9bcc5201,critical,True
SS-01648,gunshot_0147.wav,audio data/gunshot/gunshot_0147.wav,gunshot,Gunshot,3.0,16000,1,PCM_16,96044,WAV,outdoor,digital microphone / synthetic,10-100m,original,train,2026-09-27 12:06:14,3049147c082ec65b6ae5b669213222907ffb66c6e7f2edef6207f07cf63bbe76,critical,True
SS-01649,gunshot_0148.wav,audio data/gunshot/gunshot_0148.wav,gunshot,Gunshot,3.0,16000,1,PCM_16,96044,WAV,outdoor,digital microphone / synthetic,10-100m,original,test,2026-09-27 12:06:14,f26b934cc3a6b56ba41cb2e152c68e3072e5ba753e0bde1643579126971e06f0,critical,True
SS-01650,gunshot_0149.wav,audio data/gunshot/gunshot_0149.wav,gunshot,Gunshot,3.0,16000,1,PCM_16,96044,WAV,outdoor,digital microphone / synthetic,10-100m,original,train,2026-09-27 12:06:14,d3f52d335b9398b202c1ead8f666993b7a38ac98c769ce2a750220768be1f299,critical,True
SS-01651,gunshot_0150.wav,audio data/gunshot/gunshot_0150.wav,gunshot,Gunshot,3.0,16000,1,PCM_16,96044,WAV,outdoor,digital microphone / synthetic,10-100m,original,train,2026-09-27 12:06:14,94d59ade0afb219b1693fba6c48728122b143ced05406b3477270ded88fd6c97,critical,True
SS-01652,gunshot_0151.wav,audio data/gunshot/gunshot_0151.wav,gunshot,Gunshot,3.0,16000,1,PCM_16,96044,WAV,outdoor,digital microphone / synthetic,10-100m,original,train,2026-09-27 12:06:14,238aa1c4c8c11e58d88e33ed2a109edbdc495a3d683e9632b0f480347e93504d,critical,True
SS-01653,gunshot_0152.wav,audio data/gunshot/gunshot_0152.wav,gunshot,Gunshot,3.0,16000,1,PCM_16,96044,WAV,outdoor,digital microphone / synthetic,10-100m,original,train,2026-09-27 12:06:14,b0b75d14684b1dbf0a3b0a18748b1667fb5964974a0d8b788fbec56880556ff4,critical,True
SS-01654,gunshot_0153.wav,audio data/gunshot/gunshot_0153.wav,gunshot,Gunshot,3.0,16000,1,PCM_16,96044,WAV,outdoor,digital microphone / synthetic,10-100m,original,validation,2026-09-27 12:06:14,6c949ca4190716a3900c790fce9a9f2ea49796d7a5ff4cafd49334bbc0daaa63,critical,True
SS-01655,gunshot_0154.wav,audio data/gunshot/gunshot_0154.wav,gunshot,Gunshot,3.0,16000,1,PCM_16,96044,WAV,outdoor,digital microphone / synthetic,10-100m,original,train,2026-09-27 12:06:14,f3afc61fc010e3823c17c7901c0939c7a1205b916a567ceb5ea20df2475f9457,critical,True
SS-01656,gunshot_0155.wav,audio data/gunshot/gunshot_0155.wav,gunshot,Gunshot,3.0,16000,1,PCM_16,96044,WAV,outdoor,digital microphone / synthetic,10-100m,original,train,2026-09-27 12:06:14,2befdcca861ea89b16019d55a73f9151d540ff25fa154eaa2afbbf7439447dbb,critical,True
SS-01657,gunshot_0156.wav,audio data/gunshot/gunshot_0156.wav,gunshot,Gunshot,3.0,16000,1,PCM_16,96044,WAV,outdoor,digital microphone / synthetic,10-100m,original,validation,2026-09-27 12:06:14,0ce24555eafc3aba0992637ef63d79d70835b1717ca056e1f4ce4045af10c6cc,critical,True
SS-01658,gunshot_0157.wav,audio data/gunshot/gunshot_0157.wav,gunshot,Gunshot,3.0,16000,1,PCM_16,96044,WAV,outdoor,digital microphone / synthetic,10-100m,original,train,2026-09-27 12:06:14,8d4e55ed2eb007e3c23103b2ae74ced6bf4a6581bf44eecab8aa3356641d0c43,critical,True
SS-01659,gunshot_0158.wav,audio data/gunshot/gunshot_0158.wav,gunshot,Gunshot,3.0,16000,1,PCM_16,96044,WAV,outdoor,digital microphone / synthetic,10-100m,original,train,2026-09-27 12:06:14,c3bcc458874af939c4b231eea7199969b985aef66fd34ef50e85d378f5b54050,critical,True
SS-01660,gunshot_0159.wav,audio data/gunshot/gunshot_0159.wav,gunshot,Gunshot,3.0,16000,1,PCM_16,96044,WAV,outdoor,digital microphone / synthetic,10-100m,original,test,2026-09-27 12:06:14,61a7e630a73607dd0ab78e27245d2ab095e7f79655dadd49c4ec7e1b803f917b,critical,True
SS-01661,gunshot_0160.wav,audio data/gunshot/gunshot_0160.wav,gunshot,Gunshot,3.0,16000,1,PCM_16,96044,WAV,outdoor,digital microphone / synthetic,10-100m,original,test,2026-09-27 12:06:14,0da9f01b8bc770a95e8b23d0258303e21c2fcf133c745489cc28f3dd6ff0bd8c,critical,True
SS-01662,gunshot_0161.wav,audio data/gunshot/gunshot_0161.wav,gunshot,Gunshot,3.0,16000,1,PCM_16,96044,WAV,outdoor,digital microphone / synthetic,10-100m,original,train,2026-09-27 12:06:14,47d8b6cdae719a02cef12345feb1136486656b84a8445a526a418d52e4170ccc,critical,True
SS-01663,gunshot_0162.wav,audio data/gunshot/gunshot_0162.wav,gunshot,Gunshot,3.0,16000,1,PCM_16,96044,WAV,outdoor,digital microphone / synthetic,10-100m,original,train,2026-09-27 12:06:14,350844d4d4bf629c7a46a101767f50e46a9d725a115265b908af8a284f0107c9,critical,True
SS-01664,gunshot_0163.wav,audio data/gunshot/gunshot_0163.wav,gunshot,Gunshot,3.0,16000,1,PCM_16,96044,WAV,outdoor,digital microphone / synthetic,10-100m,original,validation,2026-09-27 12:06:14,de1b877cd6aaf8625be3369dd4b98c762fdfdd926235be8b6f9db0c3057e3d86,critical,True
SS-01665,gunshot_0164.wav,audio data/gunshot/gunshot_0164.wav,gunshot,Gunshot,3.0,16000,1,PCM_16,96044,WAV,outdoor,digital microphone / synthetic,10-100m,original,train,2026-09-27 12:06:14,806c8cfc9b4e1881527748cae3478dddc03e5f1f4ac837ddfc1cbf392d7720e6,critical,True
SS-01666,gunshot_0165.wav,audio data/gunshot/gunshot_0165.wav,gunshot,Gunshot,3.0,16000,1,PCM_16,96044,WAV,outdoor,digital microphone / synthetic,10-100m,original,train,2026-09-27 12:06:14,aefc3322972321baff1dff1e6887acfdf99ab382509e7c1414af4ef60d7e5a41,critical,True
SS-01667,gunshot_0166.wav,audio data/gunshot/gunshot_0166.wav,gunshot,Gunshot,3.0,16000,1,PCM_16,96044,WAV,outdoor,digital microphone / synthetic,10-100m,original,train,2026-09-27 12:06:14,81f02b03969ef532695ecec65f6ae6b659691779a8a8cd54edceaab61646f800,critical,True
SS-01668,gunshot_0167.wav,audio data/gunshot/gunshot_0167.wav,gunshot,Gunshot,3.0,16000,1,PCM_16,96044,WAV,outdoor,digital microphone / synthetic,10-100m,original,train,2026-09-27 12:06:14,0853c96ca1d37b5ade97779f1906b34532abc49a764879ee7d1214fb8037c309,critical,True
SS-01669,gunshot_0168.wav,audio data/gunshot/gunshot_0168.wav,gunshot,Gunshot,3.0,16000,1,PCM_16,96044,WAV,outdoor,digital microphone / synthetic,10-100m,original,train,2026-09-27 12:06:14,111031e774a49182668084cbdb2458125a7e592807897df691f8e3de690eb24b,critical,True
SS-01670,gunshot_0169.wav,audio data/gunshot/gunshot_0169.wav,gunshot,Gunshot,3.0,16000,1,PCM_16,96044,WAV,outdoor,digital microphone / synthetic,10-100m,original,test,2026-09-27 12:06:14,3893b3abea3da98404c17406f84c5406de36d9230d0a3b0c8f8f259bcaaed266,critical,True
SS-01671,gunshot_0170.wav,audio data/gunshot/gunshot_0170.wav,gunshot,Gunshot,3.0,16000,1,PCM_16,96044,WAV,outdoor,digital microphone / synthetic,10-100m,original,validation,2026-09-27 12:06:14,bde0ae5b82eea323f88f2bc708c7efac41e44fda48d0187b9ca41a491157da44,critical,True
SS-01672,gunshot_0171.wav,audio data/gunshot/gunshot_0171.wav,gunshot,Gunshot,3.0,16000,1,PCM_16,96044,WAV,outdoor,digital microphone / synthetic,10-100m,original,train,2026-09-27 12:06:14,28f072e03a65cb16b89345badb330b2ab829b03d3aca48ae12eacb114cc577f7,critical,True
SS-01673,gunshot_0172.wav,audio data/gunshot/gunshot_0172.wav,gunshot,Gunshot,3.0,16000,1,PCM_16,96044,WAV,outdoor,digital microphone / synthetic,10-100m,original,train,2026-09-27 12:06:14,3111b49740f2b7dd387d733ae1720d50ce4b8098f0fcdc1eb1914bc491e6769c,critical,True
SS-01674,gunshot_0173.wav,audio data/gunshot/gunshot_0173.wav,gunshot,Gunshot,3.0,16000,1,PCM_16,96044,WAV,outdoor,digital microphone / synthetic,10-100m,original,validation,2026-09-27 12:06:14,9402d014f34aa22d5be1398edb6ad4728f01b985621eab3f26663f050d5b27d7,critical,True
SS-01675,gunshot_0174.wav,audio data/gunshot/gunshot_0174.wav,gunshot,Gunshot,3.0,16000,1,PCM_16,96044,WAV,outdoor,digital microphone / synthetic,10-100m,original,test,2026-09-27 12:06:14,f98be170aef8bb8a602d6091702695ecd69a0609519bda207d7535cfe0b6b412,critical,True
SS-01676,gunshot_0175.wav,audio data/gunshot/gunshot_0175.wav,gunshot,Gunshot,3.0,16000,1,PCM_16,96044,WAV,outdoor,digital microphone / synthetic,10-100m,original,train,2026-09-27 12:06:14,4c8a79bf7296bbd1cb4f1e5d7de4117250dc84ff4f477f8cb2aeb56f88b040fd,critical,True
SS-01677,gunshot_0176.wav,audio data/gunshot/gunshot_0176.wav,gunshot,Gunshot,3.0,16000,1,PCM_16,96044,WAV,outdoor,digital microphone / synthetic,10-100m,original,train,2026-09-27 12:06:14,141dd61d47c4b9ba17bf3220a9608fc250df9068aa733fd65ba93b8fa1f4b4e9,critical,True
SS-01678,gunshot_0177.wav,audio data/gunshot/gunshot_0177.wav,gunshot,Gunshot,3.0,16000,1,PCM_16,96044,WAV,outdoor,digital microphone / synthetic,10-100m,original,train,2026-09-27 12:06:14,d3390a89ef85b96ed3aba5b0e86403c6be1120950dd0532ed8cd60b03c1419d1,critical,True
SS-01679,gunshot_0178.wav,audio data/gunshot/gunshot_0178.wav,gunshot,Gunshot,3.0,16000,1,PCM_16,96044,WAV,outdoor,digital microphone / synthetic,10-100m,original,train,2026-09-27 12:06:14,640db73cc636739aa56d8f4c9694e42bcec0bbb28d1b9b3e20074b73a2ba6cf2,critical,True
SS-01680,gunshot_0179.wav,audio data/gunshot/gunshot_0179.wav,gunshot,Gunshot,3.0,16000,1,PCM_16,96044,WAV,outdoor,digital microphone / synthetic,10-100m,original,train,2026-09-27 12:06:14,b0664fd7d8707f966777ae13b6fe873c8b35273e73a3f649bbdefb9962561b0f,critical,True
SS-01681,gunshot_0180.wav,audio data/gunshot/gunshot_0180.wav,gunshot,Gunshot,3.0,16000,1,PCM_16,96044,WAV,outdoor,digital microphone / synthetic,10-100m,original,test,2026-09-27 12:06:14,306813ba677c1a1b67af645a01f79a2f1fb1245636d3edfaf6b92a04480edb4f,critical,True
SS-01682,gunshot_0181.wav,audio data/gunshot/gunshot_0181.wav,gunshot,Gunshot,3.0,16000,1,PCM_16,96044,WAV,outdoor,digital microphone / synthetic,10-100m,original,test,2026-09-27 12:06:14,084f9bf9ed9d4897f93847b01f56f615e8da228d794a225e0aaa1fe715cc3244,critical,True
SS-01683,gunshot_0182.wav,audio data/gunshot/gunshot_0182.wav,gunshot,Gunshot,3.0,16000,1,PCM_16,96044,WAV,outdoor,digital microphone / synthetic,10-100m,original,test,2026-09-27 12:06:14,700cc83ec17ecd93e1d899156b5259e68aebe616568cc9353b3883a613e075fd,critical,True
SS-01684,gunshot_0183.wav,audio data/gunshot/gunshot_0183.wav,gunshot,Gunshot,3.0,16000,1,PCM_16,96044,WAV,outdoor,digital microphone / synthetic,10-100m,original,train,2026-09-27 12:06:14,4aad4c33b3943ce400e93c24a7c69b0993b179ce9617b9d7c744792bb02c6be7,critical,True
SS-01685,gunshot_0184.wav,audio data/gunshot/gunshot_0184.wav,gunshot,Gunshot,3.0,16000,1,PCM_16,96044,WAV,outdoor,digital microphone / synthetic,10-100m,original,train,2026-09-27 12:06:14,41be1800c36ce1732c13711b2e8a2f25e1529b9ad56e86e02aea5246b57f96b4,critical,True
SS-01686,gunshot_0185.wav,audio data/gunshot/gunshot_0185.wav,gunshot,Gunshot,3.0,16000,1,PCM_16,96044,WAV,outdoor,digital microphone / synthetic,10-100m,original,validation,2026-09-27 12:06:14,f6fd8be65c4e782d2786dc57ad7469d00e72446f7225b9d8cc80870e73c7fee2,critical,True
SS-01687,gunshot_0186.wav,audio data/gunshot/gunshot_0186.wav,gunshot,Gunshot,3.0,16000,1,PCM_16,96044,WAV,outdoor,digital microphone / synthetic,10-100m,original,train,2026-09-27 12:06:14,5d356279e4313aa7ad9d6b2339731eaf0c920f0f307b2e2fabb329a363b7dea1,critical,True
SS-01688,gunshot_0187.wav,audio data/gunshot/gunshot_0187.wav,gunshot,Gunshot,3.0,16000,1,PCM_16,96044,WAV,outdoor,digital microphone / synthetic,10-100m,original,train,2026-09-27 12:06:14,4328e18320577c248bd73b5bf8143ac59c23778612bb830234da31dcc046cab9,critical,True
SS-01689,gunshot_0188.wav,audio data/gunshot/gunshot_0188.wav,gunshot,Gunshot,3.0,16000,1,PCM_16,96044,WAV,outdoor,digital microphone / synthetic,10-100m,original,train,2026-09-27 12:06:14,b9145b01d1309dfad6ad2041ded0ea80bb65447ba5d4f2fd23932b761a2fa95c,critical,True
SS-01690,gunshot_0189.wav,audio data/gunshot/gunshot_0189.wav,gunshot,Gunshot,3.0,16000,1,PCM_16,96044,WAV,outdoor,digital microphone / synthetic,10-100m,original,test,2026-09-27 12:06:14,c68a7a958306e3cd2672c5ffcc12bcb91ee9ac5e810ed4a6103039679df87460,critical,True
SS-01691,gunshot_0190.wav,audio data/gunshot/gunshot_0190.wav,gunshot,Gunshot,3.0,16000,1,PCM_16,96044,WAV,outdoor,digital microphone / synthetic,10-100m,original,validation,2026-09-27 12:06:14,fe3a43be78c2278cf2c49441bb579c15b4c9008b9cef9b7f3db54c6edfbdcf45,critical,True
SS-01692,gunshot_0191.wav,audio data/gunshot/gunshot_0191.wav,gunshot,Gunshot,3.0,16000,1,PCM_16,96044,WAV,outdoor,digital microphone / synthetic,10-100m,original,test,2026-09-27 12:06:14,9514a94a7dd7a9a7d4e85f914b4373d187ffd2920ba9708460975a747903e451,critical,True
SS-01693,gunshot_0192.wav,audio data/gunshot/gunshot_0192.wav,gunshot,Gunshot,3.0,16000,1,PCM_16,96044,WAV,outdoor,digital microphone / synthetic,10-100m,original,validation,2026-09-27 12:06:14,561500c77a0cd8ab69de3d3556a6568507e4018a88fef5a7635950547f3e077a,critical,True
SS-01694,gunshot_0193.wav,audio data/gunshot/gunshot_0193.wav,gunshot,Gunshot,3.0,16000,1,PCM_16,96044,WAV,outdoor,digital microphone / synthetic,10-100m,original,train,2026-09-27 12:06:14,ae34d8b0120fd570d552cc2df8abce5f924c9dc0abac2a4a60cad70a51e2a500,critical,True
SS-01695,gunshot_0194.wav,audio data/gunshot/gunshot_0194.wav,gunshot,Gunshot,3.0,16000,1,PCM_16,96044,WAV,outdoor,digital microphone / synthetic,10-100m,original,validation,2026-09-27 12:06:14,1c987eca502e192ec8f2bd0d4353caa7c5039ca5b23a7484f4922e1d338e62b3,critical,True
SS-01696,gunshot_0195.wav,audio data/gunshot/gunshot_0195.wav,gunshot,Gunshot,3.0,16000,1,PCM_16,96044,WAV,outdoor,digital microphone / synthetic,10-100m,original,train,2026-09-27 12:06:14,3dc760a36373709110fc9a6cab8e21b7f450d33c7d7bfe489d8cb80185c2b33a,critical,True
SS-01697,gunshot_0196.wav,audio data/gunshot/gunshot_0196.wav,gunshot,Gunshot,3.0,16000,1,PCM_16,96044,WAV,outdoor,digital microphone / synthetic,10-100m,original,train,2026-09-27 12:06:14,777a48ffa37e445c273f8b15304c452eb7dfa0cf38aaf6974843b90e1fa0d8f2,critical,True
SS-01698,gunshot_0197.wav,audio data/gunshot/gunshot_0197.wav,gunshot,Gunshot,3.0,16000,1,PCM_16,96044,WAV,outdoor,digital microphone / synthetic,10-100m,original,train,2026-09-27 12:06:14,b120ae3904e0cb302a8fa8ca62a1b7676bce3b2417a2c636206d61763c5eca96,critical,True
SS-01699,gunshot_0198.wav,audio data/gunshot/gunshot_0198.wav,gunshot,Gunshot,3.0,16000,1,PCM_16,96044,WAV,outdoor,digital microphone / synthetic,10-100m,original,train,2026-09-27 12:06:14,72abbd78b3675e6245721d3c4a819118cc4c6e959de15413817a5c8bcdc4fec5,critical,True
SS-01700,gunshot_0199.wav,audio data/gunshot/gunshot_0199.wav,gunshot,Gunshot,3.0,16000,1,PCM_16,96044,WAV,outdoor,digital microphone / synthetic,10-100m,original,validation,2026-09-27 12:06:14,11f7ce58a77b9776a8f8491ff7b1ea214c981ccccce95b46c3cc44c52aa986d6,critical,True
SS-01701,gunshot_0200.wav,audio data/gunshot/gunshot_0200.wav,gunshot,Gunshot,3.0,16000,1,PCM_16,96044,WAV,outdoor,digital microphone / synthetic,10-100m,original,train,2026-09-27 12:06:14,d251dfddcffdab783f5d6ab966cf592620b265e027f3cff7a2be101fee8adbd5,critical,True
SS-01702,gunshot_0201.wav,audio data/gunshot/gunshot_0201.wav,gunshot,Gunshot,3.0,16000,1,PCM_16,96044,WAV,outdoor,digital microphone / synthetic,10-100m,original,train,2026-09-27 12:06:14,2a592c78e836284776994c27d08379af302f2a611aff365ac1dc0b545a1a6740,critical,True
SS-01703,gunshot_0202.wav,audio data/gunshot/gunshot_0202.wav,gunshot,Gunshot,3.0,16000,1,PCM_16,96044,WAV,outdoor,digital microphone / synthetic,10-100m,original,train,2026-09-27 12:06:14,d246fe7e4a6d4f0d734e0e0cf9172646223f3321f3a4899eebc21cf544c6e9ae,critical,True
SS-01704,gunshot_0203.wav,audio data/gunshot/gunshot_0203.wav,gunshot,Gunshot,3.0,16000,1,PCM_16,96044,WAV,outdoor,digital microphone / synthetic,10-100m,original,train,2026-09-27 12:06:14,389f959b6495eae66dbfa72faf2496434072678cc99b86aca674b6138209ac70,critical,True
SS-01705,gunshot_0204.wav,audio data/gunshot/gunshot_0204.wav,gunshot,Gunshot,3.0,16000,1,PCM_16,96044,WAV,outdoor,digital microphone / synthetic,10-100m,original,train,2026-09-27 12:06:14,814aac79349d05eb4445b40c78a960172d9badc001d0a67e7cba472d1a6e5871,critical,True
SS-01706,gunshot_0205.wav,audio data/gunshot/gunshot_0205.wav,gunshot,Gunshot,3.0,16000,1,PCM_16,96044,WAV,outdoor,digital microphone / synthetic,10-100m,original,train,2026-09-27 12:06:14,4bb8b3f38bbfc3f93531f0154865893940ed9f1bb8a77b3bd090bb6b1ab9bc16,critical,True
SS-01707,gunshot_0206.wav,audio data/gunshot/gunshot_0206.wav,gunshot,Gunshot,3.0,16000,1,PCM_16,96044,WAV,outdoor,digital microphone / synthetic,10-100m,original,train,2026-09-27 12:06:14,475ded6eabf6eb3dab07b2503b9c9908e5af6f35b0d52923054ecfcc58048b24,critical,True
SS-01708,gunshot_0207.wav,audio data/gunshot/gunshot_0207.wav,gunshot,Gunshot,3.0,16000,1,PCM_16,96044,WAV,outdoor,digital microphone / synthetic,10-100m,original,train,2026-09-27 12:06:14,a3b7ae4accc2d894ef7764200a9818ad7429705fa41136a2c984be1aad495b0a,critical,True
SS-01709,gunshot_0208.wav,audio data/gunshot/gunshot_0208.wav,gunshot,Gunshot,3.0,16000,1,PCM_16,96044,WAV,outdoor,digital microphone / synthetic,10-100m,original,train,2026-09-27 12:06:14,49f24599b629472e9f3be019ca0ed2321aa5b392992955516f686c4ea95a1178,critical,True
SS-01710,gunshot_0209.wav,audio data/gunshot/gunshot_0209.wav,gunshot,Gunshot,3.0,16000,1,PCM_16,96044,WAV,outdoor,digital microphone / synthetic,10-100m,original,train,2026-09-27 12:06:14,27075f1d2a474996f38187a1b6834d579c4e56037a59992f2fd6e4fe705af725,critical,True
SS-01711,gunshot_0210.wav,audio data/gunshot/gunshot_0210.wav,gunshot,Gunshot,3.0,16000,1,PCM_16,96044,WAV,outdoor,digital microphone / synthetic,10-100m,original,train,2026-09-27 12:06:14,96fec61ebd93ea7069003d3853e34fee5ad661ae30a788453832b29542a22515,critical,True
SS-01712,gunshot_0211.wav,audio data/gunshot/gunshot_0211.wav,gunshot,Gunshot,3.0,16000,1,PCM_16,96044,WAV,outdoor,digital microphone / synthetic,10-100m,original,test,2026-09-27 12:06:14,25fe557651ab4ce021cd9940954bc38e654098921f184cfcd4863e00602c88b9,critical,True
SS-01713,gunshot_0212.wav,audio data/gunshot/gunshot_0212.wav,gunshot,Gunshot,3.0,16000,1,PCM_16,96044,WAV,outdoor,digital microphone / synthetic,10-100m,original,train,2026-09-27 12:06:14,ce2b4d82b1197b30d9f5556994fceaea5aa9af0b728e166d558b5391ef3e8a48,critical,True
SS-01714,gunshot_0213.wav,audio data/gunshot/gunshot_0213.wav,gunshot,Gunshot,3.0,16000,1,PCM_16,96044,WAV,outdoor,digital microphone / synthetic,10-100m,original,train,2026-09-27 12:06:14,742368a19be91b347004057888e0fcb70a4249767aa176d5c8d9121c66bea9e8,critical,True
SS-01715,gunshot_0214.wav,audio data/gunshot/gunshot_0214.wav,gunshot,Gunshot,3.0,16000,1,PCM_16,96044,WAV,outdoor,digital microphone / synthetic,10-100m,original,train,2026-09-27 12:06:14,239a7c852ed207b8698bfc2990667ed80a64e5c3caefbd9d0ec2550926be4a62,critical,True
SS-01716,gunshot_0215.wav,audio data/gunshot/gunshot_0215.wav,gunshot,Gunshot,3.0,16000,1,PCM_16,96044,WAV,outdoor,digital microphone / synthetic,10-100m,original,train,2026-09-27 12:06:14,03b6d89ea9d9a3025db4ee78e5a0d14f84d31bea95e4c7fe1d252486c6a7faa6,critical,True
SS-01717,gunshot_0216.wav,audio data/gunshot/gunshot_0216.wav,gunshot,Gunshot,3.0,16000,1,PCM_16,96044,WAV,outdoor,digital microphone / synthetic,10-100m,original,train,2026-09-27 12:06:14,d6842aa2e98db4c0cb96031b3812729a3ce75e0198ea5a91b5e9b6718262c247,critical,True
SS-01718,gunshot_0217.wav,audio data/gunshot/gunshot_0217.wav,gunshot,Gunshot,3.0,16000,1,PCM_16,96044,WAV,outdoor,digital microphone / synthetic,10-100m,original,test,2026-09-27 12:06:14,17a7b1edc65951704a379aa10c6551ec0706471dcbd547b92feef655ce70a729,critical,True
SS-01719,gunshot_0218.wav,audio data/gunshot/gunshot_0218.wav,gunshot,Gunshot,3.0,16000,1,PCM_16,96044,WAV,outdoor,digital microphone / synthetic,10-100m,original,train,2026-09-27 12:06:14,f4d6441e6c37964dbcb292b0018ea6dde47341c64d95c59213af6e1de14196ab,critical,True
SS-01720,gunshot_0219.wav,audio data/gunshot/gunshot_0219.wav,gunshot,Gunshot,3.0,16000,1,PCM_16,96044,WAV,outdoor,digital microphone / synthetic,10-100m,original,train,2026-09-27 12:06:14,08b85cf7ef04997daa63a61a00d08605174947197e86f33e0b8c66a6a6fdd67a,critical,True
SS-01721,gunshot_0220.wav,audio data/gunshot/gunshot_0220.wav,gunshot,Gunshot,3.0,16000,1,PCM_16,96044,WAV,outdoor,digital microphone / synthetic,10-100m,original,test,2026-09-27 12:06:14,5b5f915a6fe51296119aad045ab2b3f7caec7c46c3cc58bf3d4cecdbb65c6065,critical,True
SS-01722,gunshot_0221.wav,audio data/gunshot/gunshot_0221.wav,gunshot,Gunshot,3.0,16000,1,PCM_16,96044,WAV,outdoor,digital microphone / synthetic,10-100m,original,validation,2026-09-27 12:06:14,617c7f191d7b277f9fd60afdaae5a892c5a0e43aff57f38e25d07b536c1bf82b,critical,True
SS-01723,gunshot_0222.wav,audio data/gunshot/gunshot_0222.wav,gunshot,Gunshot,3.0,16000,1,PCM_16,96044,WAV,outdoor,digital microphone / synthetic,10-100m,original,test,2026-09-27 12:06:14,2d4fe1c61d701fe808342cf72e4b23be62c40c2652c301f97c9d547565b4aa38,critical,True
SS-01724,gunshot_0223.wav,audio data/gunshot/gunshot_0223.wav,gunshot,Gunshot,3.0,16000,1,PCM_16,96044,WAV,outdoor,digital microphone / synthetic,10-100m,original,train,2026-09-27 12:06:14,0f2a1448e282b33b9bcc2ad202a5b0b22ffc95c7a60ea22b77b470cc31b2880e,critical,True
SS-01725,gunshot_0224.wav,audio data/gunshot/gunshot_0224.wav,gunshot,Gunshot,3.0,16000,1,PCM_16,96044,WAV,outdoor,digital microphone / synthetic,10-100m,original,train,2026-09-27 12:06:14,e8f438acdc74ca0258f8d67741f6f0ade91b9d81008326fc50db05b4262b0290,critical,True
SS-01726,gunshot_0225.wav,audio data/gunshot/gunshot_0225.wav,gunshot,Gunshot,3.0,16000,1,PCM_16,96044,WAV,outdoor,digital microphone / synthetic,10-100m,original,train,2026-09-27 12:06:14,4384a41774adeeed0d5cbfa7beb513d8d75a0ff6d966b67995d47992ea914907,critical,True
SS-01727,gunshot_0226.wav,audio data/gunshot/gunshot_0226.wav,gunshot,Gunshot,3.0,16000,1,PCM_16,96044,WAV,outdoor,digital microphone / synthetic,10-100m,original,validation,2026-09-27 12:06:14,78d59f94bff58b266bba19f5d087234c2ab5686ed1fa43ec15dcc0ac39c0b8d4,critical,True
SS-01728,gunshot_0227.wav,audio data/gunshot/gunshot_0227.wav,gunshot,Gunshot,3.0,16000,1,PCM_16,96044,WAV,outdoor,digital microphone / synthetic,10-100m,original,validation,2026-09-27 12:06:14,969a6aabaa843a4ae4d5f3131324daa09efd96c9a2cba8def679822c5de863c5,critical,True
SS-01729,gunshot_0228.wav,audio data/gunshot/gunshot_0228.wav,gunshot,Gunshot,3.0,16000,1,PCM_16,96044,WAV,outdoor,digital microphone / synthetic,10-100m,original,train,2026-09-27 12:06:14,8ceed2e98cae4ea7f74759cd633a7a3bc4629e96089a44cd13213d489e0cb9e7,critical,True
SS-01730,gunshot_0229.wav,audio data/gunshot/gunshot_0229.wav,gunshot,Gunshot,3.0,16000,1,PCM_16,96044,WAV,outdoor,digital microphone / synthetic,10-100m,original,train,2026-09-27 12:06:14,fa2330aac37713d24d3b1252d5001090dc6c695e576ea1aacbbbc5d9e02a2380,critical,True
SS-01731,gunshot_0230.wav,audio data/gunshot/gunshot_0230.wav,gunshot,Gunshot,3.0,16000,1,PCM_16,96044,WAV,outdoor,digital microphone / synthetic,10-100m,original,train,2026-09-27 12:06:14,9068cdaea20dbce12773147db8d98723510835b8fdb8673abe86c5fe61a2b82a,critical,True
SS-01732,gunshot_0231.wav,audio data/gunshot/gunshot_0231.wav,gunshot,Gunshot,3.0,16000,1,PCM_16,96044,WAV,outdoor,digital microphone / synthetic,10-100m,original,train,2026-09-27 12:06:14,1b95560b28c83116a0dbbff2435c0c663e30d9948b46a2d6b5e9be6295339e82,critical,True
SS-01733,gunshot_0232.wav,audio data/gunshot/gunshot_0232.wav,gunshot,Gunshot,3.0,16000,1,PCM_16,96044,WAV,outdoor,digital microphone / synthetic,10-100m,original,train,2026-09-27 12:06:14,f0026cb698575934cae4b3414cf65f1bd1712d24e3baf90ff009dbbc4b811029,critical,True
SS-01734,gunshot_0233.wav,audio data/gunshot/gunshot_0233.wav,gunshot,Gunshot,3.0,16000,1,PCM_16,96044,WAV,outdoor,digital microphone / synthetic,10-100m,original,train,2026-09-27 12:06:14,34165eacc37651116277ef6d248915cca7111d1a0383bdefa26df8e4ae246fcd,critical,True
SS-01735,gunshot_0234.wav,audio data/gunshot/gunshot_0234.wav,gunshot,Gunshot,3.0,16000,1,PCM_16,96044,WAV,outdoor,digital microphone / synthetic,10-100m,original,train,2026-09-27 12:06:14,320c0e6ca954db085a9d0a0edeed7a8bae164fc718376646db0f04e247636846,critical,True
SS-01736,gunshot_0235.wav,audio data/gunshot/gunshot_0235.wav,gunshot,Gunshot,3.0,16000,1,PCM_16,96044,WAV,outdoor,digital microphone / synthetic,10-100m,original,train,2026-09-27 12:06:14,81d95771096293e830180501f1cd77900fcf7ba72f174de03de9502e7f56c09e,critical,True
SS-01737,gunshot_0236.wav,audio data/gunshot/gunshot_0236.wav,gunshot,Gunshot,3.0,16000,1,PCM_16,96044,WAV,outdoor,digital microphone / synthetic,10-100m,original,train,2026-09-27 12:06:14,2096b6479e196465c678ca2cb659ec9b413619a47fa53d1be5d6cbb4121b8f55,critical,True
SS-01738,gunshot_0237.wav,audio data/gunshot/gunshot_0237.wav,gunshot,Gunshot,3.0,16000,1,PCM_16,96044,WAV,outdoor,digital microphone / synthetic,10-100m,original,train,2026-09-27 12:06:14,9730e2b0bf4063f95e1925b7c398125039d09bfe5a954486699be6b100f4d357,critical,True
SS-01739,gunshot_0238.wav,audio data/gunshot/gunshot_0238.wav,gunshot,Gunshot,3.0,16000,1,PCM_16,96044,WAV,outdoor,digital microphone / synthetic,10-100m,original,train,2026-09-27 12:06:14,41363521881cb2a1de66b63c13d7168a59ad5048d9200cb44821b901a70e20af,critical,True
SS-01740,gunshot_0239.wav,audio data/gunshot/gunshot_0239.wav,gunshot,Gunshot,3.0,16000,1,PCM_16,96044,WAV,outdoor,digital microphone / synthetic,10-100m,original,validation,2026-09-27 12:06:14,0d3dcf3b6ac82e3b1bde6b512fbabb298e1f6c1d0fe85879dbe1658ba3b2735e,critical,True
SS-01741,gunshot_0240.wav,audio data/gunshot/gunshot_0240.wav,gunshot,Gunshot,3.0,16000,1,PCM_16,96044,WAV,outdoor,digital microphone / synthetic,10-100m,original,train,2026-09-27 12:06:14,d96f6b14b2c427769da198b04146442ce4c87f63eae23cd2e926b3b6602bde46,critical,True
SS-01742,gunshot_0241.wav,audio data/gunshot/gunshot_0241.wav,gunshot,Gunshot,3.0,16000,1,PCM_16,96044,WAV,outdoor,digital microphone / synthetic,10-100m,original,train,2026-09-27 12:06:14,23108edcb7cc3eb62314d6af432e1c217967f4e373957fcfb35d8b272be4e269,critical,True
SS-01743,gunshot_0242.wav,audio data/gunshot/gunshot_0242.wav,gunshot,Gunshot,3.0,16000,1,PCM_16,96044,WAV,outdoor,digital microphone / synthetic,10-100m,original,train,2026-09-27 12:06:14,985aeb3b20de95b9623c7374d2a62a3fd5e09c0d5b8502a310fa5c67a31eb511,critical,True
SS-01744,gunshot_0243.wav,audio data/gunshot/gunshot_0243.wav,gunshot,Gunshot,3.0,16000,1,PCM_16,96044,WAV,outdoor,digital microphone / synthetic,10-100m,original,train,2026-09-27 12:06:14,721e557eb3f8978efc97fcd5e155551850cefffd476e43f8947897beac14bde1,critical,True
SS-01745,gunshot_0244.wav,audio data/gunshot/gunshot_0244.wav,gunshot,Gunshot,3.0,16000,1,PCM_16,96044,WAV,outdoor,digital microphone / synthetic,10-100m,original,validation,2026-09-27 12:06:14,c0e257dbbf5e3d84cbbb8c2f7f48cff826c624350201946085abadbebd9cf8dc,critical,True
SS-01746,gunshot_0245.wav,audio data/gunshot/gunshot_0245.wav,gunshot,Gunshot,3.0,16000,1,PCM_16,96044,WAV,outdoor,digital microphone / synthetic,10-100m,original,train,2026-09-27 12:06:14,53c1a2eeaf7de08f3dc1b69e937e4e4befff4e2d50da56fb5f552c2bfbddaff1,critical,True
SS-01747,gunshot_0246.wav,audio data/gunshot/gunshot_0246.wav,gunshot,Gunshot,3.0,16000,1,PCM_16,96044,WAV,outdoor,digital microphone / synthetic,10-100m,original,train,2026-09-27 12:06:14,129e1111cc659e3a58fb4a2a9e0bdbda6506a71b36cbef1333a54eb47f770ac1,critical,True
SS-01748,gunshot_0247.wav,audio data/gunshot/gunshot_0247.wav,gunshot,Gunshot,3.0,16000,1,PCM_16,96044,WAV,outdoor,digital microphone / synthetic,10-100m,original,test,2026-09-27 12:06:14,db65c2ced35dfb91360595ae0b3243481d49117fe286eb52923c7e47e4c34b54,critical,True
SS-01749,gunshot_0248.wav,audio data/gunshot/gunshot_0248.wav,gunshot,Gunshot,3.0,16000,1,PCM_16,96044,WAV,outdoor,digital microphone / synthetic,10-100m,original,train,2026-09-27 12:06:14,72dbe16a9dced0e4dce9dd9d6f0a36bcc26f6f15186aaa75b2bfa03cd4e7fd3d,critical,True
SS-01750,gunshot_0249.wav,audio data/gunshot/gunshot_0249.wav,gunshot,Gunshot,3.0,16000,1,PCM_16,96044,WAV,outdoor,digital microphone / synthetic,10-100m,original,train,2026-09-27 12:06:14,7a4a958429d2f0f7ac024b59b98b7137943695a68be11d9f46e62e6d52469c59,critical,True
SS-01751,gunshot_0250.wav,audio data/gunshot/gunshot_0250.wav,gunshot,Gunshot,3.0,16000,1,PCM_16,96044,WAV,outdoor,digital microphone / synthetic,10-100m,original,train,2026-09-27 12:06:14,bbdd05cd2a12ad26023a47c02b78f43eba2f50511b8284cdc8bb06a098fe3971,critical,True
SS-01752,gunshot_0251.wav,audio data/gunshot/gunshot_0251.wav,gunshot,Gunshot,3.0,16000,1,PCM_16,96044,WAV,outdoor,digital microphone / synthetic,10-100m,original,train,2026-09-27 12:06:14,638e21c69e23bac400b9159ad1dea016a413124c277625ad5e38113fcb412d83,critical,True
SS-01753,gunshot_0252.wav,audio data/gunshot/gunshot_0252.wav,gunshot,Gunshot,3.0,16000,1,PCM_16,96044,WAV,outdoor,digital microphone / synthetic,10-100m,original,train,2026-09-27 12:06:14,7c0ed26f0075bdcebdab8dfa46e26be0721475a9a66e31369238135e65f08431,critical,True
SS-01754,gunshot_0253.wav,audio data/gunshot/gunshot_0253.wav,gunshot,Gunshot,3.0,16000,1,PCM_16,96044,WAV,outdoor,digital microphone / synthetic,10-100m,original,train,2026-09-27 12:06:14,34492c56afbae2e462d7b17ae8af4170fd5646e6c37549d25f1d51901ec57faf,critical,True
SS-01755,gunshot_0254.wav,audio data/gunshot/gunshot_0254.wav,gunshot,Gunshot,3.0,16000,1,PCM_16,96044,WAV,outdoor,digital microphone / synthetic,10-100m,original,train,2026-09-27 12:06:14,7ff81ef32ab3b82bb5b1a147ab2b2a663d99d384ac9db7f0ae0eae7142e4d94f,critical,True
SS-01756,gunshot_0255.wav,audio data/gunshot/gunshot_0255.wav,gunshot,Gunshot,3.0,16000,1,PCM_16,96044,WAV,outdoor,digital microphone / synthetic,10-100m,original,train,2026-09-27 12:06:14,a1326877366619bb9fc9cc3152803a872141cb1b5c745756e17d30c5e2616b14,critical,True
SS-01757,gunshot_0256.wav,audio data/gunshot/gunshot_0256.wav,gunshot,Gunshot,3.0,16000,1,PCM_16,96044,WAV,outdoor,digital microphone / synthetic,10-100m,original,train,2026-09-27 12:06:14,6ac9c8594a3b476393f65ce4233a0da95190f1acecb7f4edce3821069772b7f4,critical,True
SS-01758,gunshot_0257.wav,audio data/gunshot/gunshot_0257.wav,gunshot,Gunshot,3.0,16000,1,PCM_16,96044,WAV,outdoor,digital microphone / synthetic,10-100m,original,train,2026-09-27 12:06:14,17ef0bd76cbb201333f8859aabcd479566485a7834fa4cc70906a7ed2d298db5,critical,True
SS-01759,gunshot_0258.wav,audio data/gunshot/gunshot_0258.wav,gunshot,Gunshot,3.0,16000,1,PCM_16,96044,WAV,outdoor,digital microphone / synthetic,10-100m,original,train,2026-09-27 12:06:14,8ad250afbf3f124b3838fc10eb6e0d01ed2b994844ea9545857eeb632ce6b427,critical,True
SS-01760,gunshot_0259.wav,audio data/gunshot/gunshot_0259.wav,gunshot,Gunshot,3.0,16000,1,PCM_16,96044,WAV,outdoor,digital microphone / synthetic,10-100m,original,train,2026-09-27 12:06:14,80b3e8e2e6c3d281ac60d40ce9b36e2acdab8a10d5057f56326176d951d64cf4,critical,True
SS-01761,gunshot_0260.wav,audio data/gunshot/gunshot_0260.wav,gunshot,Gunshot,3.0,16000,1,PCM_16,96044,WAV,outdoor,digital microphone / synthetic,10-100m,original,test,2026-09-27 12:06:14,10d099a136882cccb42b3d13e09461f22d125474eb5ef812f21d223b19707d52,critical,True
SS-01762,gunshot_0261.wav,audio data/gunshot/gunshot_0261.wav,gunshot,Gunshot,3.0,16000,1,PCM_16,96044,WAV,outdoor,digital microphone / synthetic,10-100m,original,validation,2026-09-27 12:06:14,2e6c729fbf7bd376255714e421dbb34da9b9641f22f9855d09801fb20a7d9827,critical,True
SS-01763,gunshot_0262.wav,audio data/gunshot/gunshot_0262.wav,gunshot,Gunshot,3.0,16000,1,PCM_16,96044,WAV,outdoor,digital microphone / synthetic,10-100m,original,train,2026-09-27 12:06:14,5dcbefb8874db4c74f7e0b4feb731148677bb539c9aa10629b2dd4db2d444e4f,critical,True
SS-01764,gunshot_0263.wav,audio data/gunshot/gunshot_0263.wav,gunshot,Gunshot,3.0,16000,1,PCM_16,96044,WAV,outdoor,digital microphone / synthetic,10-100m,original,test,2026-09-27 12:06:14,102ef2ae6032778a35170d25383dd8f3178bf5e2c4003604ad923b708b608035,critical,True
SS-01765,gunshot_0264.wav,audio data/gunshot/gunshot_0264.wav,gunshot,Gunshot,3.0,16000,1,PCM_16,96044,WAV,outdoor,digital microphone / synthetic,10-100m,original,train,2026-09-27 12:06:14,1d98c9fae89ddc5a6edede7234c723629366a5896d01d1d7620175cc87374037,critical,True
SS-01766,gunshot_0265.wav,audio data/gunshot/gunshot_0265.wav,gunshot,Gunshot,3.0,16000,1,PCM_16,96044,WAV,outdoor,digital microphone / synthetic,10-100m,original,train,2026-09-27 12:06:14,80dd88d0a05f941bae8d34904eec1d060d9d764a0cde90b93ebb2df9a723a82f,critical,True
SS-01767,gunshot_0266.wav,audio data/gunshot/gunshot_0266.wav,gunshot,Gunshot,3.0,16000,1,PCM_16,96044,WAV,outdoor,digital microphone / synthetic,10-100m,original,validation,2026-09-27 12:06:14,8de2305cf246d95d72223f8e01ddae3aa7722ba1ee9e0dccfd1055cc42db9f23,critical,True
SS-01768,gunshot_0267.wav,audio data/gunshot/gunshot_0267.wav,gunshot,Gunshot,3.0,16000,1,PCM_16,96044,WAV,outdoor,digital microphone / synthetic,10-100m,original,validation,2026-09-27 12:06:14,79bcbddcf2df9a33da1bda0715a8cf22a3d5236733dfbaf1398bc6e72a5fa10a,critical,True
SS-01769,gunshot_0268.wav,audio data/gunshot/gunshot_0268.wav,gunshot,Gunshot,3.0,16000,1,PCM_16,96044,WAV,outdoor,digital microphone / synthetic,10-100m,original,train,2026-09-27 12:06:14,1f87a914485b64e4bff291189e44eadb5162a27184a47c655790ab4ec8e164e0,critical,True
SS-01770,gunshot_0269.wav,audio data/gunshot/gunshot_0269.wav,gunshot,Gunshot,3.0,16000,1,PCM_16,96044,WAV,outdoor,digital microphone / synthetic,10-100m,original,train,2026-09-27 12:06:14,8508585fe8f03873064db0d77cb72cee2e8d7646799f3065d532c92e6c1d6eae,critical,True
SS-01771,gunshot_0270.wav,audio data/gunshot/gunshot_0270.wav,gunshot,Gunshot,3.0,16000,1,PCM_16,96044,WAV,outdoor,digital microphone / synthetic,10-100m,original,train,2026-09-27 12:06:14,c37efeae801583ea06a6ed4f3d6ee35b17259d424b304eee36b6a139250d8a54,critical,True
SS-01772,gunshot_0271.wav,audio data/gunshot/gunshot_0271.wav,gunshot,Gunshot,3.0,16000,1,PCM_16,96044,WAV,outdoor,digital microphone / synthetic,10-100m,original,train,2026-09-27 12:06:14,cb3c514181fad9bb94db2b838b3731a0565243483ee6a8c2a50faaf7fdd4e01a,critical,True
SS-01773,gunshot_0272.wav,audio data/gunshot/gunshot_0272.wav,gunshot,Gunshot,3.0,16000,1,PCM_16,96044,WAV,outdoor,digital microphone / synthetic,10-100m,original,test,2026-09-27 12:06:14,86ef078efb1d5e598ec852b60a282b09003e7ab721b598693270750a547a7ea3,critical,True
SS-01774,gunshot_0273.wav,audio data/gunshot/gunshot_0273.wav,gunshot,Gunshot,3.0,16000,1,PCM_16,96044,WAV,outdoor,digital microphone / synthetic,10-100m,original,validation,2026-09-27 12:06:14,8a7791d430b4389bb0383702a18d006052e3bcfda42b7279cfd274dd796da304,critical,True
SS-01775,gunshot_0274.wav,audio data/gunshot/gunshot_0274.wav,gunshot,Gunshot,3.0,16000,1,PCM_16,96044,WAV,outdoor,digital microphone / synthetic,10-100m,original,train,2026-09-27 12:06:14,11248b25eb1d36f25d41ff0dbfc69ad8eb3b554b8911e1199189ba48463d2527,critical,True
SS-01776,gunshot_0275.wav,audio data/gunshot/gunshot_0275.wav,gunshot,Gunshot,3.0,16000,1,PCM_16,96044,WAV,outdoor,digital microphone / synthetic,10-100m,original,train,2026-09-27 12:06:14,59d00ecc90dc566842bc920ac2ce2f702e94168fb1261c3badf7ac9031d476fa,critical,True
SS-01777,gunshot_0276.wav,audio data/gunshot/gunshot_0276.wav,gunshot,Gunshot,3.0,16000,1,PCM_16,96044,WAV,outdoor,digital microphone / synthetic,10-100m,original,validation,2026-09-27 12:06:14,a48472df73f4113be07c52f59dcc1d94edf044d5479fdaad96066696764b61ce,critical,True
SS-01778,gunshot_0277.wav,audio data/gunshot/gunshot_0277.wav,gunshot,Gunshot,3.0,16000,1,PCM_16,96044,WAV,outdoor,digital microphone / synthetic,10-100m,original,validation,2026-09-27 12:06:14,7bff93f663dc97fa573b34c4174c174e57986e6b94bef2d69bb20cb672eace43,critical,True
SS-01779,gunshot_0278.wav,audio data/gunshot/gunshot_0278.wav,gunshot,Gunshot,3.0,16000,1,PCM_16,96044,WAV,outdoor,digital microphone / synthetic,10-100m,original,train,2026-09-27 12:06:14,144f82f80adc626a6a15e69137376627b724433cd7cd20085fd7592842aae2ce,critical,True
SS-01780,gunshot_0279.wav,audio data/gunshot/gunshot_0279.wav,gunshot,Gunshot,3.0,16000,1,PCM_16,96044,WAV,outdoor,digital microphone / synthetic,10-100m,original,train,2026-09-27 12:06:14,3abfae96db2f498df180382fed184d8465b74d13b961aefe24aba533c7e1fd6c,critical,True
SS-01781,gunshot_0280.wav,audio data/gunshot/gunshot_0280.wav,gunshot,Gunshot,3.0,16000,1,PCM_16,96044,WAV,outdoor,digital microphone / synthetic,10-100m,original,train,2026-09-27 12:06:14,24602cc458c95c708bb048f4d07e13949223f385afdfa4525ba2885acf95392b,critical,True
SS-01782,gunshot_0281.wav,audio data/gunshot/gunshot_0281.wav,gunshot,Gunshot,3.0,16000,1,PCM_16,96044,WAV,outdoor,digital microphone / synthetic,10-100m,original,train,2026-09-27 12:06:14,47a65916ca21973fecacf8fd29a61c9c09b428fbc8cdc4ef4ad784fc8f138c71,critical,True
SS-01783,gunshot_0282.wav,audio data/gunshot/gunshot_0282.wav,gunshot,Gunshot,3.0,16000,1,PCM_16,96044,WAV,outdoor,digital microphone / synthetic,10-100m,original,train,2026-09-27 12:06:14,ea08d027e94016ddc5fd9c53cb377aa9519fe98232e664856dc6847a46b62853,critical,True
SS-01784,gunshot_0283.wav,audio data/gunshot/gunshot_0283.wav,gunshot,Gunshot,3.0,16000,1,PCM_16,96044,WAV,outdoor,digital microphone / synthetic,10-100m,original,train,2026-09-27 12:06:14,d36c130e5898f0dc9f9546de83c0f2ade8eb97a04271fbd165a33ebf8639de96,critical,True
SS-01785,gunshot_0284.wav,audio data/gunshot/gunshot_0284.wav,gunshot,Gunshot,3.0,16000,1,PCM_16,96044,WAV,outdoor,digital microphone / synthetic,10-100m,original,train,2026-09-27 12:06:14,e068bf744e80df6fabf6ba7b2a45dd5f595fff4a6622d0a8595647610a300561,critical,True
SS-01786,gunshot_0285.wav,audio data/gunshot/gunshot_0285.wav,gunshot,Gunshot,3.0,16000,1,PCM_16,96044,WAV,outdoor,digital microphone / synthetic,10-100m,original,test,2026-09-27 12:06:14,f453bc9e733079330831b694f03e8f150aaed7d71e014b284350d5d117893bc5,critical,True
SS-01787,gunshot_0286.wav,audio data/gunshot/gunshot_0286.wav,gunshot,Gunshot,3.0,16000,1,PCM_16,96044,WAV,outdoor,digital microphone / synthetic,10-100m,original,train,2026-09-27 12:06:14,a6be91cd790d468df312530aeff60eec71ea1936ca52dd35e6ba98d643bf5581,critical,True
SS-01788,gunshot_0287.wav,audio data/gunshot/gunshot_0287.wav,gunshot,Gunshot,3.0,16000,1,PCM_16,96044,WAV,outdoor,digital microphone / synthetic,10-100m,original,train,2026-09-27 12:06:14,e2626f1280b2fa2d6fde11bd56ea43f9b0899f43cd5bb26fc01b8202272fff8d,critical,True
SS-01789,gunshot_0288.wav,audio data/gunshot/gunshot_0288.wav,gunshot,Gunshot,3.0,16000,1,PCM_16,96044,WAV,outdoor,digital microphone / synthetic,10-100m,original,test,2026-09-27 12:06:14,3b4644d33c75d6c3a75c6ea98b2b99a2511320746ede80ba125b895d6a734344,critical,True
SS-01790,gunshot_0289.wav,audio data/gunshot/gunshot_0289.wav,gunshot,Gunshot,3.0,16000,1,PCM_16,96044,WAV,outdoor,digital microphone / synthetic,10-100m,original,validation,2026-09-27 12:06:14,3f7060da4ffc87d64cc0d47d146fc5394fe36bac660ffd15b76ac5552d76bad4,critical,True
SS-01791,gunshot_0290.wav,audio data/gunshot/gunshot_0290.wav,gunshot,Gunshot,3.0,16000,1,PCM_16,96044,WAV,outdoor,digital microphone / synthetic,10-100m,original,test,2026-09-27 12:06:14,6202688dbaef76ae1a42f8066e0937a81680cd79764566dfb53beb04246749ea,critical,True
SS-01792,gunshot_0291.wav,audio data/gunshot/gunshot_0291.wav,gunshot,Gunshot,3.0,16000,1,PCM_16,96044,WAV,outdoor,digital microphone / synthetic,10-100m,original,train,2026-09-27 12:06:14,6c03ab6baca6a3a1b1cf991ec36b1a7542c445f92de0c169e04a43203a65d503,critical,True
SS-01793,gunshot_0292.wav,audio data/gunshot/gunshot_0292.wav,gunshot,Gunshot,3.0,16000,1,PCM_16,96044,WAV,outdoor,digital microphone / synthetic,10-100m,original,train,2026-09-27 12:06:14,2667173acee9884ff14001902a23772e6c06131fd9904d0203050c8cacfe9ea1,critical,True
SS-01794,gunshot_0293.wav,audio data/gunshot/gunshot_0293.wav,gunshot,Gunshot,3.0,16000,1,PCM_16,96044,WAV,outdoor,digital microphone / synthetic,10-100m,original,train,2026-09-27 12:06:14,ffd2dae8149df6932220821e53bad81673b2adc1f8490ada19df0732831172cd,critical,True
SS-01795,gunshot_0294.wav,audio data/gunshot/gunshot_0294.wav,gunshot,Gunshot,3.0,16000,1,PCM_16,96044,WAV,outdoor,digital microphone / synthetic,10-100m,original,train,2026-09-27 12:06:14,282a096d6123dad73d227cc3cb4264a245767ddae8d8ed49721717a3e6f84409,critical,True
SS-01796,gunshot_0295.wav,audio data/gunshot/gunshot_0295.wav,gunshot,Gunshot,3.0,16000,1,PCM_16,96044,WAV,outdoor,digital microphone / synthetic,10-100m,original,train,2026-09-27 12:06:14,aa79a2e5232ecc5cec930acd45165b6acd2d13fd646866be3fef054ee8afbc44,critical,True
SS-01797,gunshot_0296.wav,audio data/gunshot/gunshot_0296.wav,gunshot,Gunshot,3.0,16000,1,PCM_16,96044,WAV,outdoor,digital microphone / synthetic,10-100m,original,train,2026-09-27 12:06:14,88fb833029038aba5ce87e1fa45e04889649aad5ef9862513a982347717bbe75,critical,True
SS-01798,gunshot_0297.wav,audio data/gunshot/gunshot_0297.wav,gunshot,Gunshot,3.0,16000,1,PCM_16,96044,WAV,outdoor,digital microphone / synthetic,10-100m,original,train,2026-09-27 12:06:14,8577b61bab00b3d96d2cd81cb3953348cc66a32bbe50774a3741d0ea66f09da9,critical,True
SS-01799,gunshot_0298.wav,audio data/gunshot/gunshot_0298.wav,gunshot,Gunshot,3.0,16000,1,PCM_16,96044,WAV,outdoor,digital microphone / synthetic,10-100m,original,train,2026-09-27 12:06:14,1e53be17bedc7ea86f23d55f09781b3383a586954dfa5203c3ba5cdb6b2097a6,critical,True
SS-01800,gunshot_0299.wav,audio data/gunshot/gunshot_0299.wav,gunshot,Gunshot,3.0,16000,1,PCM_16,96044,WAV,outdoor,digital microphone / synthetic,10-100m,original,train,2026-09-27 12:06:14,7fdb629c0aa45e09ba964b1ad24368b652139e19aa8cfe1eaf1d99e7e4317bd7,critical,True
SS-01801,gunshot_0300.wav,audio data/gunshot/gunshot_0300.wav,gunshot,Gunshot,3.0,16000,1,PCM_16,96044,WAV,outdoor,digital microphone / synthetic,10-100m,original,train,2026-09-27 12:06:14,36e91aa00ac18453463cc779cfadbd79ebc135f39e17311426bffa206a0f1180,critical,True
SS-01802,machinery_fault_0001.wav,audio data/machinery_fault/machinery_fault_0001.wav,machinery_fault,Machinery Fault,3.0,16000,1,PCM_16,96044,WAV,industrial/indoor,digital microphone / synthetic,1-10m,original,train,2026-09-27 12:06:14,4858e3f43f1278b24375609a901030d847067521457adce65c6c754435d3b013,high,False
SS-01803,machinery_fault_0002.wav,audio data/machinery_fault/machinery_fault_0002.wav,machinery_fault,Machinery Fault,3.0,16000,1,PCM_16,96044,WAV,industrial/indoor,digital microphone / synthetic,1-10m,original,train,2026-09-27 12:06:14,a905ebd224f2ec2341c5af44c1e37a5d68e4770a2147cc54decb0427798984dd,high,False
SS-01804,machinery_fault_0003.wav,audio data/machinery_fault/machinery_fault_0003.wav,machinery_fault,Machinery Fault,3.0,16000,1,PCM_16,96044,WAV,industrial/indoor,digital microphone / synthetic,1-10m,original,train,2026-09-27 12:06:14,d6586d99d07bed35fdb10906b578bc52e3c4acbfd1b42cfcd2319548bfa58084,high,False
SS-01805,machinery_fault_0004.wav,audio data/machinery_fault/machinery_fault_0004.wav,machinery_fault,Machinery Fault,3.0,16000,1,PCM_16,96044,WAV,industrial/indoor,digital microphone / synthetic,1-10m,original,train,2026-09-27 12:06:14,0e53c03f9fa12c940693560e4b144aa3644bc0639a1780f2cd08947560960c52,high,False
SS-01806,machinery_fault_0005.wav,audio data/machinery_fault/machinery_fault_0005.wav,machinery_fault,Machinery Fault,3.0,16000,1,PCM_16,96044,WAV,industrial/indoor,digital microphone / synthetic,1-10m,original,train,2026-09-27 12:06:14,b83a44b084787f4f163483c568e50ea0d94207fb2aef0a9ef9363dccdd1fd1c3,high,False
SS-01807,machinery_fault_0006.wav,audio data/machinery_fault/machinery_fault_0006.wav,machinery_fault,Machinery Fault,3.0,16000,1,PCM_16,96044,WAV,industrial/indoor,digital microphone / synthetic,1-10m,original,train,2026-09-27 12:06:14,84cb060595200e08d7454af9f26f24e36277b3b745b33fffd0ca92b86e95d55c,high,False
SS-01808,machinery_fault_0007.wav,audio data/machinery_fault/machinery_fault_0007.wav,machinery_fault,Machinery Fault,3.0,16000,1,PCM_16,96044,WAV,industrial/indoor,digital microphone / synthetic,1-10m,original,validation,2026-09-27 12:06:14,065a83afce8a47dfa1490e4f7951a4c69d250a4055eee133896897ba4cfa60bc,high,False
SS-01809,machinery_fault_0008.wav,audio data/machinery_fault/machinery_fault_0008.wav,machinery_fault,Machinery Fault,3.0,16000,1,PCM_16,96044,WAV,industrial/indoor,digital microphone / synthetic,1-10m,original,validation,2026-09-27 12:06:14,ecff711649ea8e3ef643ad9e804ebcc69b0e4923c232f4793284ce32996a2d2f,high,False
SS-01810,machinery_fault_0009.wav,audio data/machinery_fault/machinery_fault_0009.wav,machinery_fault,Machinery Fault,3.0,16000,1,PCM_16,96044,WAV,industrial/indoor,digital microphone / synthetic,1-10m,original,train,2026-09-27 12:06:14,ebc4611a695cdf6d9665e58ca5e1f4461119bc9be2f06b677a55133c404e515f,high,False
SS-01811,machinery_fault_0010.wav,audio data/machinery_fault/machinery_fault_0010.wav,machinery_fault,Machinery Fault,3.0,16000,1,PCM_16,96044,WAV,industrial/indoor,digital microphone / synthetic,1-10m,original,train,2026-09-27 12:06:14,9d15d5eab888c534172f638620bf3e880aa629db94af6c42f94cf4095c637b5b,high,False
SS-01812,machinery_fault_0011.wav,audio data/machinery_fault/machinery_fault_0011.wav,machinery_fault,Machinery Fault,3.0,16000,1,PCM_16,96044,WAV,industrial/indoor,digital microphone / synthetic,1-10m,original,train,2026-09-27 12:06:14,763688ee11dbc7e9ae92ab78f891553534c671c1d9e4ea98fb2230133a2c5921,high,False
SS-01813,machinery_fault_0012.wav,audio data/machinery_fault/machinery_fault_0012.wav,machinery_fault,Machinery Fault,3.0,16000,1,PCM_16,96044,WAV,industrial/indoor,digital microphone / synthetic,1-10m,original,train,2026-09-27 12:06:14,5e285e065b57dd5307a37615599c634198cb75f1dab211c3c2dd94f574767d99,high,False
SS-01814,machinery_fault_0013.wav,audio data/machinery_fault/machinery_fault_0013.wav,machinery_fault,Machinery Fault,3.0,16000,1,PCM_16,96044,WAV,industrial/indoor,digital microphone / synthetic,1-10m,original,train,2026-09-27 12:06:14,9243674599b43976d1e1b6ca43c8b7645096e79e3b625686be2d0104859d009e,high,False
SS-01815,machinery_fault_0014.wav,audio data/machinery_fault/machinery_fault_0014.wav,machinery_fault,Machinery Fault,3.0,16000,1,PCM_16,96044,WAV,industrial/indoor,digital microphone / synthetic,1-10m,original,validation,2026-09-27 12:06:14,d866519cc3cc67d1199a053532eb891aba3acf8b4910dc898ee6c7a352b02b05,high,False
SS-01816,machinery_fault_0015.wav,audio data/machinery_fault/machinery_fault_0015.wav,machinery_fault,Machinery Fault,3.0,16000,1,PCM_16,96044,WAV,industrial/indoor,digital microphone / synthetic,1-10m,original,train,2026-09-27 12:06:14,d182539de8af4e8937939c8879ad70e3ebedddffb1ac924c23936f18d6bec0cd,high,False
SS-01817,machinery_fault_0016.wav,audio data/machinery_fault/machinery_fault_0016.wav,machinery_fault,Machinery Fault,3.0,16000,1,PCM_16,96044,WAV,industrial/indoor,digital microphone / synthetic,1-10m,original,train,2026-09-27 12:06:14,331c300f0c287417d4fdbdbefc824ea27f029e7207f5e3703651a8ecbf2571d6,high,False
SS-01818,machinery_fault_0017.wav,audio data/machinery_fault/machinery_fault_0017.wav,machinery_fault,Machinery Fault,3.0,16000,1,PCM_16,96044,WAV,industrial/indoor,digital microphone / synthetic,1-10m,original,train,2026-09-27 12:06:14,c87950e00eb8fbcdd911f9ecf44141d72e73c68ac2717368946b2056fb89bf43,high,False
SS-01819,machinery_fault_0018.wav,audio data/machinery_fault/machinery_fault_0018.wav,machinery_fault,Machinery Fault,3.0,16000,1,PCM_16,96044,WAV,industrial/indoor,digital microphone / synthetic,1-10m,original,train,2026-09-27 12:06:14,18020190fc61b0bb1bb4c3871759c16e2a67034ace675b9cf64347e473679472,high,False
SS-01820,machinery_fault_0019.wav,audio data/machinery_fault/machinery_fault_0019.wav,machinery_fault,Machinery Fault,3.0,16000,1,PCM_16,96044,WAV,industrial/indoor,digital microphone / synthetic,1-10m,original,train,2026-09-27 12:06:14,142fd66157a3ea016f1c161f8b18e05c9fc5af2ef8604ebb55a87c203f08c2b4,high,False
SS-01821,machinery_fault_0020.wav,audio data/machinery_fault/machinery_fault_0020.wav,machinery_fault,Machinery Fault,3.0,16000,1,PCM_16,96044,WAV,industrial/indoor,digital microphone / synthetic,1-10m,original,test,2026-09-27 12:06:14,059344e9cb6384e5edcd72a9e14608cdbf670d9bb6f25138a8aa787022bdf53a,high,False
SS-01822,machinery_fault_0021.wav,audio data/machinery_fault/machinery_fault_0021.wav,machinery_fault,Machinery Fault,3.0,16000,1,PCM_16,96044,WAV,industrial/indoor,digital microphone / synthetic,1-10m,original,validation,2026-09-27 12:06:14,bb921e57e2bf36cfad332c3f95c5e9e1579367260436fa64beb22e4de5c93eb2,high,False
SS-01823,machinery_fault_0022.wav,audio data/machinery_fault/machinery_fault_0022.wav,machinery_fault,Machinery Fault,3.0,16000,1,PCM_16,96044,WAV,industrial/indoor,digital microphone / synthetic,1-10m,original,validation,2026-09-27 12:06:14,f6bae46192ee80955b965afd60b5441389a853fafce06c0216563965629d1b6b,high,False
SS-01824,machinery_fault_0023.wav,audio data/machinery_fault/machinery_fault_0023.wav,machinery_fault,Machinery Fault,3.0,16000,1,PCM_16,96044,WAV,industrial/indoor,digital microphone / synthetic,1-10m,original,test,2026-09-27 12:06:14,339a722de41b8cb61dcabea592666305d57ca3ae514dbacdedb4c593a88d0022,high,False
SS-01825,machinery_fault_0024.wav,audio data/machinery_fault/machinery_fault_0024.wav,machinery_fault,Machinery Fault,3.0,16000,1,PCM_16,96044,WAV,industrial/indoor,digital microphone / synthetic,1-10m,original,validation,2026-09-27 12:06:14,f7f28d1277feeab89beb0479cd45007d4ab2a12528e4a7d3617bae0ad9908c33,high,False
SS-01826,machinery_fault_0025.wav,audio data/machinery_fault/machinery_fault_0025.wav,machinery_fault,Machinery Fault,3.0,16000,1,PCM_16,96044,WAV,industrial/indoor,digital microphone / synthetic,1-10m,original,train,2026-09-27 12:06:14,befea4514c346266fdbd5dfcfd0c1bd825de665907aa2a289603f5f2c70706bd,high,False
SS-01827,machinery_fault_0026.wav,audio data/machinery_fault/machinery_fault_0026.wav,machinery_fault,Machinery Fault,3.0,16000,1,PCM_16,96044,WAV,industrial/indoor,digital microphone / synthetic,1-10m,original,train,2026-09-27 12:06:14,9f708c390315f05a40ee8571787e0f7c55e6720c663250ecc5bae1ba33e4b036,high,False
SS-01828,machinery_fault_0027.wav,audio data/machinery_fault/machinery_fault_0027.wav,machinery_fault,Machinery Fault,3.0,16000,1,PCM_16,96044,WAV,industrial/indoor,digital microphone / synthetic,1-10m,original,validation,2026-09-27 12:06:14,5aa9a5744faef03df2158bc10b55dca66c38b4129cec019348d5e0771eeff4e2,high,False
SS-01829,machinery_fault_0028.wav,audio data/machinery_fault/machinery_fault_0028.wav,machinery_fault,Machinery Fault,3.0,16000,1,PCM_16,96044,WAV,industrial/indoor,digital microphone / synthetic,1-10m,original,train,2026-09-27 12:06:14,5f1bd017911b9405b6e0a7853ecd011b0f55318b8450045f85de7c60d9caba4d,high,False
SS-01830,machinery_fault_0029.wav,audio data/machinery_fault/machinery_fault_0029.wav,machinery_fault,Machinery Fault,3.0,16000,1,PCM_16,96044,WAV,industrial/indoor,digital microphone / synthetic,1-10m,original,train,2026-09-27 12:06:14,47d55ee8e9b90773a0b545c72c8fcc7a85861588bc2d53e946cd4a4d14a3c108,high,False
SS-01831,machinery_fault_0030.wav,audio data/machinery_fault/machinery_fault_0030.wav,machinery_fault,Machinery Fault,3.0,16000,1,PCM_16,96044,WAV,industrial/indoor,digital microphone / synthetic,1-10m,original,train,2026-09-27 12:06:14,864674b1897bcc71b6240f81a23096a9e5c3edd3131058ec2558243101c978fb,high,False
SS-01832,machinery_fault_0031.wav,audio data/machinery_fault/machinery_fault_0031.wav,machinery_fault,Machinery Fault,3.0,16000,1,PCM_16,96044,WAV,industrial/indoor,digital microphone / synthetic,1-10m,original,train,2026-09-27 12:06:14,6d528c25d5375eaafc88e987ffea46d1a71b03e033b8cb91dcd4ae108267127d,high,False
SS-01833,machinery_fault_0032.wav,audio data/machinery_fault/machinery_fault_0032.wav,machinery_fault,Machinery Fault,3.0,16000,1,PCM_16,96044,WAV,industrial/indoor,digital microphone / synthetic,1-10m,original,validation,2026-09-27 12:06:14,ef883e2a99112d417a50a67c0b7dfd75fdd993197818778bd414ffd981323318,high,False
SS-01834,machinery_fault_0033.wav,audio data/machinery_fault/machinery_fault_0033.wav,machinery_fault,Machinery Fault,3.0,16000,1,PCM_16,96044,WAV,industrial/indoor,digital microphone / synthetic,1-10m,original,train,2026-09-27 12:06:14,88bb3e971f1128973941b7c4e38f9a118556f419509efc6a82c7a83d3f889138,high,False
SS-01835,machinery_fault_0034.wav,audio data/machinery_fault/machinery_fault_0034.wav,machinery_fault,Machinery Fault,3.0,16000,1,PCM_16,96044,WAV,industrial/indoor,digital microphone / synthetic,1-10m,original,train,2026-09-27 12:06:14,cb15c57319dfc293aa5cdfe6ca209f5e9070f0135d35fc2f334ac41b0f7dcc65,high,False
SS-01836,machinery_fault_0035.wav,audio data/machinery_fault/machinery_fault_0035.wav,machinery_fault,Machinery Fault,3.0,16000,1,PCM_16,96044,WAV,industrial/indoor,digital microphone / synthetic,1-10m,original,train,2026-09-27 12:06:14,769e4b5eabe591e721253fdafbe6b884dbd5900125fff10fa16ac98fd093519b,high,False
SS-01837,machinery_fault_0036.wav,audio data/machinery_fault/machinery_fault_0036.wav,machinery_fault,Machinery Fault,3.0,16000,1,PCM_16,96044,WAV,industrial/indoor,digital microphone / synthetic,1-10m,original,validation,2026-09-27 12:06:14,d34d13030285f98ee7c7e8b744153da0a3f18d8c42c1338980ffa80ffbbbbe07,high,False
SS-01838,machinery_fault_0037.wav,audio data/machinery_fault/machinery_fault_0037.wav,machinery_fault,Machinery Fault,3.0,16000,1,PCM_16,96044,WAV,industrial/indoor,digital microphone / synthetic,1-10m,original,train,2026-09-27 12:06:14,29dd17f38915fde61d6b5b64f8ff752b9971f4eee657ef81cb8d841497cdb9b0,high,False
SS-01839,machinery_fault_0038.wav,audio data/machinery_fault/machinery_fault_0038.wav,machinery_fault,Machinery Fault,3.0,16000,1,PCM_16,96044,WAV,industrial/indoor,digital microphone / synthetic,1-10m,original,validation,2026-09-27 12:06:14,a365b4ada538f29852869653a618c659dd6b9d47a2bd1a097507603c37aa3624,high,False
SS-01840,machinery_fault_0039.wav,audio data/machinery_fault/machinery_fault_0039.wav,machinery_fault,Machinery Fault,3.0,16000,1,PCM_16,96044,WAV,industrial/indoor,digital microphone / synthetic,1-10m,original,train,2026-09-27 12:06:14,275123cfb9be5361d15358e0a1fe9e61563e8a191470924b93ceb742fd8215e4,high,False
SS-01841,machinery_fault_0040.wav,audio data/machinery_fault/machinery_fault_0040.wav,machinery_fault,Machinery Fault,3.0,16000,1,PCM_16,96044,WAV,industrial/indoor,digital microphone / synthetic,1-10m,original,test,2026-09-27 12:06:14,2e30faada05828b6c77a4d043854337a520e80e986db74a443996b2338af0314,high,False
SS-01842,machinery_fault_0041.wav,audio data/machinery_fault/machinery_fault_0041.wav,machinery_fault,Machinery Fault,3.0,16000,1,PCM_16,96044,WAV,industrial/indoor,digital microphone / synthetic,1-10m,original,train,2026-09-27 12:06:14,262ae08dafcc311a98a0c431943891945e0988bc4330650c5066ba53c613ee1c,high,False
SS-01843,machinery_fault_0042.wav,audio data/machinery_fault/machinery_fault_0042.wav,machinery_fault,Machinery Fault,3.0,16000,1,PCM_16,96044,WAV,industrial/indoor,digital microphone / synthetic,1-10m,original,validation,2026-09-27 12:06:14,1943ce75549a3cb630854fea4d6f92c0ab260152ed8fb11b2bc6aae385154da0,high,False
SS-01844,machinery_fault_0043.wav,audio data/machinery_fault/machinery_fault_0043.wav,machinery_fault,Machinery Fault,3.0,16000,1,PCM_16,96044,WAV,industrial/indoor,digital microphone / synthetic,1-10m,original,train,2026-09-27 12:06:14,46a22592e3c87458b0bddbe62f52da0cf4e7f5029c0955ec3ea1445e1b807ac7,high,False
SS-01845,machinery_fault_0044.wav,audio data/machinery_fault/machinery_fault_0044.wav,machinery_fault,Machinery Fault,3.0,16000,1,PCM_16,96044,WAV,industrial/indoor,digital microphone / synthetic,1-10m,original,train,2026-09-27 12:06:14,7ad3ddf3c89045f97136cdcc15820ecf0c1cbb8037c94439690b401d8d35ac25,high,False
SS-01846,machinery_fault_0045.wav,audio data/machinery_fault/machinery_fault_0045.wav,machinery_fault,Machinery Fault,3.0,16000,1,PCM_16,96044,WAV,industrial/indoor,digital microphone / synthetic,1-10m,original,train,2026-09-27 12:06:14,b1b398fcd216b5a88f951ff868d99d368ce59ee9cddc54005965f9e07558fbb4,high,False
SS-01847,machinery_fault_0046.wav,audio data/machinery_fault/machinery_fault_0046.wav,machinery_fault,Machinery Fault,3.0,16000,1,PCM_16,96044,WAV,industrial/indoor,digital microphone / synthetic,1-10m,original,train,2026-09-27 12:06:14,0fd21edb3281e7d537e01244265e11aa0d5240246b36263afa3e797d8d71dc99,high,False
SS-01848,machinery_fault_0047.wav,audio data/machinery_fault/machinery_fault_0047.wav,machinery_fault,Machinery Fault,3.0,16000,1,PCM_16,96044,WAV,industrial/indoor,digital microphone / synthetic,1-10m,original,train,2026-09-27 12:06:14,a73abf4f4df261005b94a164788caefddcb068ed5222486cb16b49a0855f560a,high,False
SS-01849,machinery_fault_0048.wav,audio data/machinery_fault/machinery_fault_0048.wav,machinery_fault,Machinery Fault,3.0,16000,1,PCM_16,96044,WAV,industrial/indoor,digital microphone / synthetic,1-10m,original,train,2026-09-27 12:06:14,bba4fa117a16dc0539b5bb599bded2816e588411148b8eee97e7b5e30d997ea0,high,False
SS-01850,machinery_fault_0049.wav,audio data/machinery_fault/machinery_fault_0049.wav,machinery_fault,Machinery Fault,3.0,16000,1,PCM_16,96044,WAV,industrial/indoor,digital microphone / synthetic,1-10m,original,train,2026-09-27 12:06:14,690cd5e343e661a25b6595fe4f9de48d6eab5ee09ed20d3d97a7f52c72829379,high,False
SS-01851,machinery_fault_0050.wav,audio data/machinery_fault/machinery_fault_0050.wav,machinery_fault,Machinery Fault,3.0,16000,1,PCM_16,96044,WAV,industrial/indoor,digital microphone / synthetic,1-10m,original,train,2026-09-27 12:06:14,8d805b2f08776af3dc07f866fc6eafff551ba167c9d1bfcb435ff4ae6a695e47,high,False
SS-01852,machinery_fault_0051.wav,audio data/machinery_fault/machinery_fault_0051.wav,machinery_fault,Machinery Fault,3.0,16000,1,PCM_16,96044,WAV,industrial/indoor,digital microphone / synthetic,1-10m,original,train,2026-09-27 12:06:14,0395860920cd2ad76c40059e40b603133eb5af5148cd047c5e55721e0323c52a,high,False
SS-01853,machinery_fault_0052.wav,audio data/machinery_fault/machinery_fault_0052.wav,machinery_fault,Machinery Fault,3.0,16000,1,PCM_16,96044,WAV,industrial/indoor,digital microphone / synthetic,1-10m,original,test,2026-09-27 12:06:14,4e33689b95768e40ad3676c2ce0c26fe1d5c43ac75e57aa11c31f56e11dee6a0,high,False
SS-01854,machinery_fault_0053.wav,audio data/machinery_fault/machinery_fault_0053.wav,machinery_fault,Machinery Fault,3.0,16000,1,PCM_16,96044,WAV,industrial/indoor,digital microphone / synthetic,1-10m,original,train,2026-09-27 12:06:14,2a60d3f59790a058b775fb056b4ac35bf50f4f2ac95158c0a21d6f98267b085a,high,False
SS-01855,machinery_fault_0054.wav,audio data/machinery_fault/machinery_fault_0054.wav,machinery_fault,Machinery Fault,3.0,16000,1,PCM_16,96044,WAV,industrial/indoor,digital microphone / synthetic,1-10m,original,train,2026-09-27 12:06:14,34dbf9a1f84cf75b87f28e7b75478655dc1a62a713d32c2b342af1465355b2ed,high,False
SS-01856,machinery_fault_0055.wav,audio data/machinery_fault/machinery_fault_0055.wav,machinery_fault,Machinery Fault,3.0,16000,1,PCM_16,96044,WAV,industrial/indoor,digital microphone / synthetic,1-10m,original,train,2026-09-27 12:06:14,fad1a4b8f3871ea594f4872b2891d601f88bbef444ea56bb73a0f10261849c6b,high,False
SS-01857,machinery_fault_0056.wav,audio data/machinery_fault/machinery_fault_0056.wav,machinery_fault,Machinery Fault,3.0,16000,1,PCM_16,96044,WAV,industrial/indoor,digital microphone / synthetic,1-10m,original,train,2026-09-27 12:06:14,bb43a895e23759b8bd02d4226fd5a1414a14f591beb08092ec1510d68f5c5f0d,high,False
SS-01858,machinery_fault_0057.wav,audio data/machinery_fault/machinery_fault_0057.wav,machinery_fault,Machinery Fault,3.0,16000,1,PCM_16,96044,WAV,industrial/indoor,digital microphone / synthetic,1-10m,original,validation,2026-09-27 12:06:14,57d9d05bb27b268273552ff7410f507705b7a9c6b56c764e6f979806c421a7a3,high,False
SS-01859,machinery_fault_0058.wav,audio data/machinery_fault/machinery_fault_0058.wav,machinery_fault,Machinery Fault,3.0,16000,1,PCM_16,96044,WAV,industrial/indoor,digital microphone / synthetic,1-10m,original,validation,2026-09-27 12:06:14,1eec0242ed528b596a2ba60a1803650472158d355110426e4c4679ce4f94b89e,high,False
SS-01860,machinery_fault_0059.wav,audio data/machinery_fault/machinery_fault_0059.wav,machinery_fault,Machinery Fault,3.0,16000,1,PCM_16,96044,WAV,industrial/indoor,digital microphone / synthetic,1-10m,original,train,2026-09-27 12:06:14,2cc7223bdd2128c9369000c52407968b5663f67f95d85d6a32e07dc4ad7d8fc6,high,False
SS-01861,machinery_fault_0060.wav,audio data/machinery_fault/machinery_fault_0060.wav,machinery_fault,Machinery Fault,3.0,16000,1,PCM_16,96044,WAV,industrial/indoor,digital microphone / synthetic,1-10m,original,train,2026-09-27 12:06:14,e5ffd7d70e8af9de7edadfb9e35a294d299c88416e73f766887b5d65ecdc80f3,high,False
SS-01862,machinery_fault_0061.wav,audio data/machinery_fault/machinery_fault_0061.wav,machinery_fault,Machinery Fault,3.0,16000,1,PCM_16,96044,WAV,industrial/indoor,digital microphone / synthetic,1-10m,original,validation,2026-09-27 12:06:14,99a7388deaa16f7fa136c71c9085a2130ce1ca84c1a15e9a7a88a097c0e284dc,high,False
SS-01863,machinery_fault_0062.wav,audio data/machinery_fault/machinery_fault_0062.wav,machinery_fault,Machinery Fault,3.0,16000,1,PCM_16,96044,WAV,industrial/indoor,digital microphone / synthetic,1-10m,original,train,2026-09-27 12:06:14,0f7185a9faf8f6428f4d566b11a48b6478fcc8ac27be0c0d26c098612d3b4c14,high,False
SS-01864,machinery_fault_0063.wav,audio data/machinery_fault/machinery_fault_0063.wav,machinery_fault,Machinery Fault,3.0,16000,1,PCM_16,96044,WAV,industrial/indoor,digital microphone / synthetic,1-10m,original,train,2026-09-27 12:06:14,ee56dff0930d7bdddfcf8eb90c09678015742474dc76fe35f527c3fdd97a9466,high,False
SS-01865,machinery_fault_0064.wav,audio data/machinery_fault/machinery_fault_0064.wav,machinery_fault,Machinery Fault,3.0,16000,1,PCM_16,96044,WAV,industrial/indoor,digital microphone / synthetic,1-10m,original,train,2026-09-27 12:06:14,a81d57b9479dc744d567d9033cc379b6583a0e63e75c0875d9012625748e03e0,high,False
SS-01866,machinery_fault_0065.wav,audio data/machinery_fault/machinery_fault_0065.wav,machinery_fault,Machinery Fault,3.0,16000,1,PCM_16,96044,WAV,industrial/indoor,digital microphone / synthetic,1-10m,original,validation,2026-09-27 12:06:14,c19352cf5e7253ef8b16fbe2125a6e2eb9232e9cbf36d6981ec598eb7b77b64a,high,False
SS-01867,machinery_fault_0066.wav,audio data/machinery_fault/machinery_fault_0066.wav,machinery_fault,Machinery Fault,3.0,16000,1,PCM_16,96044,WAV,industrial/indoor,digital microphone / synthetic,1-10m,original,train,2026-09-27 12:06:14,05923eec048c031b882dc3a2ffda4cf7d9b286660a6b491bbcf1a841af838415,high,False
SS-01868,machinery_fault_0067.wav,audio data/machinery_fault/machinery_fault_0067.wav,machinery_fault,Machinery Fault,3.0,16000,1,PCM_16,96044,WAV,industrial/indoor,digital microphone / synthetic,1-10m,original,train,2026-09-27 12:06:14,7f045d425d2b7513a3ad5ead91b087574b5c34c7046dc527a623144d881c600c,high,False
SS-01869,machinery_fault_0068.wav,audio data/machinery_fault/machinery_fault_0068.wav,machinery_fault,Machinery Fault,3.0,16000,1,PCM_16,96044,WAV,industrial/indoor,digital microphone / synthetic,1-10m,original,test,2026-09-27 12:06:14,23dd78f358bc8d9560fbd91075100d363e01abf5571bfcfc5365fb9409aa4dbc,high,False
SS-01870,machinery_fault_0069.wav,audio data/machinery_fault/machinery_fault_0069.wav,machinery_fault,Machinery Fault,3.0,16000,1,PCM_16,96044,WAV,industrial/indoor,digital microphone / synthetic,1-10m,original,train,2026-09-27 12:06:14,e152efef61934a640dae560a378181915e6969986d78e43e3a955df29521ae55,high,False
SS-01871,machinery_fault_0070.wav,audio data/machinery_fault/machinery_fault_0070.wav,machinery_fault,Machinery Fault,3.0,16000,1,PCM_16,96044,WAV,industrial/indoor,digital microphone / synthetic,1-10m,original,validation,2026-09-27 12:06:14,d2abc150cc009722074b9ddb884fdf67bf409b6a3d044718858eb581dde98672,high,False
SS-01872,machinery_fault_0071.wav,audio data/machinery_fault/machinery_fault_0071.wav,machinery_fault,Machinery Fault,3.0,16000,1,PCM_16,96044,WAV,industrial/indoor,digital microphone / synthetic,1-10m,original,test,2026-09-27 12:06:14,4dc4bedc43f2cae20e770638b9328a5eac96b00448efcfc7e91b5947ac566b3d,high,False
SS-01873,machinery_fault_0072.wav,audio data/machinery_fault/machinery_fault_0072.wav,machinery_fault,Machinery Fault,3.0,16000,1,PCM_16,96044,WAV,industrial/indoor,digital microphone / synthetic,1-10m,original,train,2026-09-27 12:06:14,ae8aafe10f9e83a90df939e8f0662f715a6307cebeb6ee9c214b7fc37f298ee8,high,False
SS-01874,machinery_fault_0073.wav,audio data/machinery_fault/machinery_fault_0073.wav,machinery_fault,Machinery Fault,3.0,16000,1,PCM_16,96044,WAV,industrial/indoor,digital microphone / synthetic,1-10m,original,validation,2026-09-27 12:06:14,9e4ee7b25a1e5e050d2d7231586d96ebfe7af8bf3054b62bb8598132eae5bfae,high,False
SS-01875,machinery_fault_0074.wav,audio data/machinery_fault/machinery_fault_0074.wav,machinery_fault,Machinery Fault,3.0,16000,1,PCM_16,96044,WAV,industrial/indoor,digital microphone / synthetic,1-10m,original,train,2026-09-27 12:06:14,8df394a5281c69a1a93e727cc7883a17499dba578b10473a2c82f2e37c9b53aa,high,False
SS-01876,machinery_fault_0075.wav,audio data/machinery_fault/machinery_fault_0075.wav,machinery_fault,Machinery Fault,3.0,16000,1,PCM_16,96044,WAV,industrial/indoor,digital microphone / synthetic,1-10m,original,train,2026-09-27 12:06:14,0480adae6f5f03a405a502977803145a6e2f027458066ed1de074d0728433f20,high,False
SS-01877,machinery_fault_0076.wav,audio data/machinery_fault/machinery_fault_0076.wav,machinery_fault,Machinery Fault,3.0,16000,1,PCM_16,96044,WAV,industrial/indoor,digital microphone / synthetic,1-10m,original,train,2026-09-27 12:06:14,9a3e44a8cbf910b0ea240c02e039632548fb9bbca7f704f96d516f110b0f8bdd,high,False
SS-01878,machinery_fault_0077.wav,audio data/machinery_fault/machinery_fault_0077.wav,machinery_fault,Machinery Fault,3.0,16000,1,PCM_16,96044,WAV,industrial/indoor,digital microphone / synthetic,1-10m,original,train,2026-09-27 12:06:14,a4e2586c40bfe398f9b3068be02df687732ff6b5c00733c1dd8f7e280d32f84a,high,False
SS-01879,machinery_fault_0078.wav,audio data/machinery_fault/machinery_fault_0078.wav,machinery_fault,Machinery Fault,3.0,16000,1,PCM_16,96044,WAV,industrial/indoor,digital microphone / synthetic,1-10m,original,train,2026-09-27 12:06:14,eb8540c77b685a6b1c43a1361bc86249e37b57e8f47874a1450dd190e4e679b6,high,False
SS-01880,machinery_fault_0079.wav,audio data/machinery_fault/machinery_fault_0079.wav,machinery_fault,Machinery Fault,3.0,16000,1,PCM_16,96044,WAV,industrial/indoor,digital microphone / synthetic,1-10m,original,test,2026-09-27 12:06:14,695f0743401ae4d18eee4208672ff8bd124a3c24a02f0259dbc01864a1b15048,high,False
SS-01881,machinery_fault_0080.wav,audio data/machinery_fault/machinery_fault_0080.wav,machinery_fault,Machinery Fault,3.0,16000,1,PCM_16,96044,WAV,industrial/indoor,digital microphone / synthetic,1-10m,original,test,2026-09-27 12:06:14,21a17ae9e3b470e1f39944536e92de86320cd2f150c7f3d176b6fb786fe16b03,high,False
SS-01882,machinery_fault_0081.wav,audio data/machinery_fault/machinery_fault_0081.wav,machinery_fault,Machinery Fault,3.0,16000,1,PCM_16,96044,WAV,industrial/indoor,digital microphone / synthetic,1-10m,original,train,2026-09-27 12:06:14,21856ce2f2641e4ac2164bb05724cf578e9e23eb857915863a750f6d779f5c31,high,False
SS-01883,machinery_fault_0082.wav,audio data/machinery_fault/machinery_fault_0082.wav,machinery_fault,Machinery Fault,3.0,16000,1,PCM_16,96044,WAV,industrial/indoor,digital microphone / synthetic,1-10m,original,train,2026-09-27 12:06:14,89b851fe3d014d745c0432188733dac25f4dea0e00e2cfb3fb2909873cf6b039,high,False
SS-01884,machinery_fault_0083.wav,audio data/machinery_fault/machinery_fault_0083.wav,machinery_fault,Machinery Fault,3.0,16000,1,PCM_16,96044,WAV,industrial/indoor,digital microphone / synthetic,1-10m,original,test,2026-09-27 12:06:14,67c3481ae24cf8a61c049daf7fcad1d2f5d40f4ea55f68df7b006e51139ae381,high,False
SS-01885,machinery_fault_0084.wav,audio data/machinery_fault/machinery_fault_0084.wav,machinery_fault,Machinery Fault,3.0,16000,1,PCM_16,96044,WAV,industrial/indoor,digital microphone / synthetic,1-10m,original,test,2026-09-27 12:06:14,aa35910ef570f6e289277d9f709e6c50b9586f3471ed15e7ecdf65cfa4cf1e3c,high,False
SS-01886,machinery_fault_0085.wav,audio data/machinery_fault/machinery_fault_0085.wav,machinery_fault,Machinery Fault,3.0,16000,1,PCM_16,96044,WAV,industrial/indoor,digital microphone / synthetic,1-10m,original,test,2026-09-27 12:06:14,2da85266cd759fbde1d2f047464510f009891e2288397753894bd3ad7bba0dd2,high,False
SS-01887,machinery_fault_0086.wav,audio data/machinery_fault/machinery_fault_0086.wav,machinery_fault,Machinery Fault,3.0,16000,1,PCM_16,96044,WAV,industrial/indoor,digital microphone / synthetic,1-10m,original,train,2026-09-27 12:06:14,110d40fb71d2cb1f5add6bece928412b624cb691feef75a63201da1b5e27ca63,high,False
SS-01888,machinery_fault_0087.wav,audio data/machinery_fault/machinery_fault_0087.wav,machinery_fault,Machinery Fault,3.0,16000,1,PCM_16,96044,WAV,industrial/indoor,digital microphone / synthetic,1-10m,original,train,2026-09-27 12:06:14,232f951390ba74632f70f43fa3519d28f0ea47e7220fa0b01f598a673dc29a9b,high,False
SS-01889,machinery_fault_0088.wav,audio data/machinery_fault/machinery_fault_0088.wav,machinery_fault,Machinery Fault,3.0,16000,1,PCM_16,96044,WAV,industrial/indoor,digital microphone / synthetic,1-10m,original,train,2026-09-27 12:06:14,7ca7557fcce50add9b86250688433f02aaa83d80154549ab089e4e3c4f14f50b,high,False
SS-01890,machinery_fault_0089.wav,audio data/machinery_fault/machinery_fault_0089.wav,machinery_fault,Machinery Fault,3.0,16000,1,PCM_16,96044,WAV,industrial/indoor,digital microphone / synthetic,1-10m,original,train,2026-09-27 12:06:14,a69c43daf7b6c29aa4ff4fafe3aa58a8fcf096ef279efce6a97e6c54ae0f98fc,high,False
SS-01891,machinery_fault_0090.wav,audio data/machinery_fault/machinery_fault_0090.wav,machinery_fault,Machinery Fault,3.0,16000,1,PCM_16,96044,WAV,industrial/indoor,digital microphone / synthetic,1-10m,original,validation,2026-09-27 12:06:14,367013410815e4223c1a26175d1a3a4791cfd784923d3fa1f190ae94d0e8ab4b,high,False
SS-01892,machinery_fault_0091.wav,audio data/machinery_fault/machinery_fault_0091.wav,machinery_fault,Machinery Fault,3.0,16000,1,PCM_16,96044,WAV,industrial/indoor,digital microphone / synthetic,1-10m,original,train,2026-09-27 12:06:14,fc54fa6413dceb2c0631a4e399c84ae90d169f791507894864676ce6f98d8e28,high,False
SS-01893,machinery_fault_0092.wav,audio data/machinery_fault/machinery_fault_0092.wav,machinery_fault,Machinery Fault,3.0,16000,1,PCM_16,96044,WAV,industrial/indoor,digital microphone / synthetic,1-10m,original,train,2026-09-27 12:06:14,1851c7e18b2ab61a04fee9645b0c8596413d54e48acb4fec48ace7ca5c74d4fd,high,False
SS-01894,machinery_fault_0093.wav,audio data/machinery_fault/machinery_fault_0093.wav,machinery_fault,Machinery Fault,3.0,16000,1,PCM_16,96044,WAV,industrial/indoor,digital microphone / synthetic,1-10m,original,test,2026-09-27 12:06:14,65ac1c17a4f8a073ae39da55b11bd68051dc23250de0d46f606b4a75a198cd99,high,False
SS-01895,machinery_fault_0094.wav,audio data/machinery_fault/machinery_fault_0094.wav,machinery_fault,Machinery Fault,3.0,16000,1,PCM_16,96044,WAV,industrial/indoor,digital microphone / synthetic,1-10m,original,train,2026-09-27 12:06:14,5b481959c48cc2168e6c30de0a0405dd25ecec174895330cc728767e4a279342,high,False
SS-01896,machinery_fault_0095.wav,audio data/machinery_fault/machinery_fault_0095.wav,machinery_fault,Machinery Fault,3.0,16000,1,PCM_16,96044,WAV,industrial/indoor,digital microphone / synthetic,1-10m,original,train,2026-09-27 12:06:14,3a2e9ee037dc1b3f19d8152e7db09c3d53eeba21e06c73b4ad77fdd53098d3eb,high,False
SS-01897,machinery_fault_0096.wav,audio data/machinery_fault/machinery_fault_0096.wav,machinery_fault,Machinery Fault,3.0,16000,1,PCM_16,96044,WAV,industrial/indoor,digital microphone / synthetic,1-10m,original,validation,2026-09-27 12:06:14,956860997270518b6fb9456713467a93e4d6ee94f5f10478631b985f5c21a2ef,high,False
SS-01898,machinery_fault_0097.wav,audio data/machinery_fault/machinery_fault_0097.wav,machinery_fault,Machinery Fault,3.0,16000,1,PCM_16,96044,WAV,industrial/indoor,digital microphone / synthetic,1-10m,original,train,2026-09-27 12:06:14,9f34b414f67257d9dea21bfe82bdd9148e459355f28da1f687d48d8b1b2a0554,high,False
SS-01899,machinery_fault_0098.wav,audio data/machinery_fault/machinery_fault_0098.wav,machinery_fault,Machinery Fault,3.0,16000,1,PCM_16,96044,WAV,industrial/indoor,digital microphone / synthetic,1-10m,original,train,2026-09-27 12:06:14,57a478c7e81c3fdd40637b9a0ffab25cdc1ecbe1d0b2542363b6b4b9326e8262,high,False
SS-01900,machinery_fault_0099.wav,audio data/machinery_fault/machinery_fault_0099.wav,machinery_fault,Machinery Fault,3.0,16000,1,PCM_16,96044,WAV,industrial/indoor,digital microphone / synthetic,1-10m,original,test,2026-09-27 12:06:14,671a329bfb6714df29920621ae963b07f26d2db4d966bc9ad27e3ce7d416a8bb,high,False
SS-01901,machinery_fault_0100.wav,audio data/machinery_fault/machinery_fault_0100.wav,machinery_fault,Machinery Fault,3.0,16000,1,PCM_16,96044,WAV,industrial/indoor,digital microphone / synthetic,1-10m,original,test,2026-09-27 12:06:14,7466876f5292452ec9fbe9b8d95a66bc40bac84885175a046b61f307a4bc1d09,high,False
SS-01902,machinery_fault_0101.wav,audio data/machinery_fault/machinery_fault_0101.wav,machinery_fault,Machinery Fault,3.0,16000,1,PCM_16,96044,WAV,industrial/indoor,digital microphone / synthetic,1-10m,original,train,2026-09-27 12:06:14,f8d5a467aef11a0213ac966e057aed8ed8fd3fc8aeddf5fbfa045a80a6c67291,high,False
SS-01903,machinery_fault_0102.wav,audio data/machinery_fault/machinery_fault_0102.wav,machinery_fault,Machinery Fault,3.0,16000,1,PCM_16,96044,WAV,industrial/indoor,digital microphone / synthetic,1-10m,original,validation,2026-09-27 12:06:14,70be4ab218b87d91a4e8bfb2059efefae695279075d5bf51590476f484b241e3,high,False
SS-01904,machinery_fault_0103.wav,audio data/machinery_fault/machinery_fault_0103.wav,machinery_fault,Machinery Fault,3.0,16000,1,PCM_16,96044,WAV,industrial/indoor,digital microphone / synthetic,1-10m,original,test,2026-09-27 12:06:14,c3e6b598c8273b4de1c5e2ed20f6575d145dd425701a44cafdad3a0abb6c3edd,high,False
SS-01905,machinery_fault_0104.wav,audio data/machinery_fault/machinery_fault_0104.wav,machinery_fault,Machinery Fault,3.0,16000,1,PCM_16,96044,WAV,industrial/indoor,digital microphone / synthetic,1-10m,original,train,2026-09-27 12:06:14,f6b55133b4557adfbbc2c7b0605911125f4a845ff7b133a4d7f7caf110bb9809,high,False
SS-01906,machinery_fault_0105.wav,audio data/machinery_fault/machinery_fault_0105.wav,machinery_fault,Machinery Fault,3.0,16000,1,PCM_16,96044,WAV,industrial/indoor,digital microphone / synthetic,1-10m,original,train,2026-09-27 12:06:14,fa4c315caf262df45feff092039348975710a2c2c46bfe582673f622fb890d3f,high,False
SS-01907,machinery_fault_0106.wav,audio data/machinery_fault/machinery_fault_0106.wav,machinery_fault,Machinery Fault,3.0,16000,1,PCM_16,96044,WAV,industrial/indoor,digital microphone / synthetic,1-10m,original,train,2026-09-27 12:06:14,b22e38f43c8060015d5760bc83a77149e1e504126afb54b4ec51d753277d6046,high,False
SS-01908,machinery_fault_0107.wav,audio data/machinery_fault/machinery_fault_0107.wav,machinery_fault,Machinery Fault,3.0,16000,1,PCM_16,96044,WAV,industrial/indoor,digital microphone / synthetic,1-10m,original,validation,2026-09-27 12:06:14,30cacab76995217499cc21c790a1a9d75f84f339bff6a81871d1a0534c01c899,high,False
SS-01909,machinery_fault_0108.wav,audio data/machinery_fault/machinery_fault_0108.wav,machinery_fault,Machinery Fault,3.0,16000,1,PCM_16,96044,WAV,industrial/indoor,digital microphone / synthetic,1-10m,original,train,2026-09-27 12:06:14,e2d9cbfbe39166eab151da98f90ee319cfe95b5a161891194bcee137cc41ee2e,high,False
SS-01910,machinery_fault_0109.wav,audio data/machinery_fault/machinery_fault_0109.wav,machinery_fault,Machinery Fault,3.0,16000,1,PCM_16,96044,WAV,industrial/indoor,digital microphone / synthetic,1-10m,original,train,2026-09-27 12:06:14,ebdd892d5a289e4e8806529be36fc4edd2bed3d996150e70855381493981ada8,high,False
SS-01911,machinery_fault_0110.wav,audio data/machinery_fault/machinery_fault_0110.wav,machinery_fault,Machinery Fault,3.0,16000,1,PCM_16,96044,WAV,industrial/indoor,digital microphone / synthetic,1-10m,original,test,2026-09-27 12:06:14,8ecc17a9857a64f8f4275fb78a7fa09c1c1e5fd79aa2d77c58b46266cc2d4d6c,high,False
SS-01912,machinery_fault_0111.wav,audio data/machinery_fault/machinery_fault_0111.wav,machinery_fault,Machinery Fault,3.0,16000,1,PCM_16,96044,WAV,industrial/indoor,digital microphone / synthetic,1-10m,original,train,2026-09-27 12:06:14,89d029e5a74a3fe72f7adbd62cc5bba23daafce91580cf450f91a765fc2fe861,high,False
SS-01913,machinery_fault_0112.wav,audio data/machinery_fault/machinery_fault_0112.wav,machinery_fault,Machinery Fault,3.0,16000,1,PCM_16,96044,WAV,industrial/indoor,digital microphone / synthetic,1-10m,original,validation,2026-09-27 12:06:14,68006bbe832d6bfc306e72e54b3ea66f4d77eceaff3a4037c5684967e902ef16,high,False
SS-01914,machinery_fault_0113.wav,audio data/machinery_fault/machinery_fault_0113.wav,machinery_fault,Machinery Fault,3.0,16000,1,PCM_16,96044,WAV,industrial/indoor,digital microphone / synthetic,1-10m,original,train,2026-09-27 12:06:14,eede44059e97a167d5c27bbc3a629770a9e14312b17976c93e90e7a9e0306321,high,False
SS-01915,machinery_fault_0114.wav,audio data/machinery_fault/machinery_fault_0114.wav,machinery_fault,Machinery Fault,3.0,16000,1,PCM_16,96044,WAV,industrial/indoor,digital microphone / synthetic,1-10m,original,train,2026-09-27 12:06:14,ac83c21cf688cc09afd9507b938e3a12e2c4d8b25da678c8e73ee5f3c0929ea4,high,False
SS-01916,machinery_fault_0115.wav,audio data/machinery_fault/machinery_fault_0115.wav,machinery_fault,Machinery Fault,3.0,16000,1,PCM_16,96044,WAV,industrial/indoor,digital microphone / synthetic,1-10m,original,train,2026-09-27 12:06:14,16c16c4e3a24a0821888dfdd51b5c687e84ef27945212f8c56b5d30a79127ba4,high,False
SS-01917,machinery_fault_0116.wav,audio data/machinery_fault/machinery_fault_0116.wav,machinery_fault,Machinery Fault,3.0,16000,1,PCM_16,96044,WAV,industrial/indoor,digital microphone / synthetic,1-10m,original,test,2026-09-27 12:06:14,1ce42db8079ab99bbabc74eca34ec3db62d659b9a5aa21a5c4f7e33ea3d4f958,high,False
SS-01918,machinery_fault_0117.wav,audio data/machinery_fault/machinery_fault_0117.wav,machinery_fault,Machinery Fault,3.0,16000,1,PCM_16,96044,WAV,industrial/indoor,digital microphone / synthetic,1-10m,original,train,2026-09-27 12:06:14,6ac144ce02cfc0ea4127ab72f3e41460027f72b487857106ea21e8a8aaf60377,high,False
SS-01919,machinery_fault_0118.wav,audio data/machinery_fault/machinery_fault_0118.wav,machinery_fault,Machinery Fault,3.0,16000,1,PCM_16,96044,WAV,industrial/indoor,digital microphone / synthetic,1-10m,original,train,2026-09-27 12:06:14,fe02de333d34bd036a19a41d55ebc94ac7f62f198727ed850825cd99c96b9574,high,False
SS-01920,machinery_fault_0119.wav,audio data/machinery_fault/machinery_fault_0119.wav,machinery_fault,Machinery Fault,3.0,16000,1,PCM_16,96044,WAV,industrial/indoor,digital microphone / synthetic,1-10m,original,train,2026-09-27 12:06:14,f86c915686f16e786169cc9a43e2ee6a8d710b4b6d3570091206e4a88f1869fc,high,False
SS-01921,machinery_fault_0120.wav,audio data/machinery_fault/machinery_fault_0120.wav,machinery_fault,Machinery Fault,3.0,16000,1,PCM_16,96044,WAV,industrial/indoor,digital microphone / synthetic,1-10m,original,test,2026-09-27 12:06:14,8388dd1f9f4f6862cdc441bb7e322a92ff20e7cd4269dde80034d1968946f2c3,high,False
SS-01922,machinery_fault_0121.wav,audio data/machinery_fault/machinery_fault_0121.wav,machinery_fault,Machinery Fault,3.0,16000,1,PCM_16,96044,WAV,industrial/indoor,digital microphone / synthetic,1-10m,original,train,2026-09-27 12:06:14,83f500b4118230190dbf076216f723ef51ea4ca14b3c89d706dfebe77c10bbe7,high,False
SS-01923,machinery_fault_0122.wav,audio data/machinery_fault/machinery_fault_0122.wav,machinery_fault,Machinery Fault,3.0,16000,1,PCM_16,96044,WAV,industrial/indoor,digital microphone / synthetic,1-10m,original,test,2026-09-27 12:06:14,4e747e671f0b488df603f703accf1aff04a67141fcd14300b260dfda8e20f576,high,False
SS-01924,machinery_fault_0123.wav,audio data/machinery_fault/machinery_fault_0123.wav,machinery_fault,Machinery Fault,3.0,16000,1,PCM_16,96044,WAV,industrial/indoor,digital microphone / synthetic,1-10m,original,test,2026-09-27 12:06:14,85dbde203a31e91311346fe539a7b330d1a52d3a239247cb79e7f58734429be4,high,False
SS-01925,machinery_fault_0124.wav,audio data/machinery_fault/machinery_fault_0124.wav,machinery_fault,Machinery Fault,3.0,16000,1,PCM_16,96044,WAV,industrial/indoor,digital microphone / synthetic,1-10m,original,validation,2026-09-27 12:06:14,b732ba471fe9fa7a9215141086aa5f7944903987a63e70a404a1392d9bc1bf71,high,False
SS-01926,machinery_fault_0125.wav,audio data/machinery_fault/machinery_fault_0125.wav,machinery_fault,Machinery Fault,3.0,16000,1,PCM_16,96044,WAV,industrial/indoor,digital microphone / synthetic,1-10m,original,train,2026-09-27 12:06:14,9ace50660da3fef0ea073195f7ba9d8cc1355ae4084249ff1951f6dbe87c4324,high,False
SS-01927,machinery_fault_0126.wav,audio data/machinery_fault/machinery_fault_0126.wav,machinery_fault,Machinery Fault,3.0,16000,1,PCM_16,96044,WAV,industrial/indoor,digital microphone / synthetic,1-10m,original,train,2026-09-27 12:06:14,3b160c0796adf7f8edaa2bf3679a1b2c904d358858ab94ca6775d3bd009347b5,high,False
SS-01928,machinery_fault_0127.wav,audio data/machinery_fault/machinery_fault_0127.wav,machinery_fault,Machinery Fault,3.0,16000,1,PCM_16,96044,WAV,industrial/indoor,digital microphone / synthetic,1-10m,original,train,2026-09-27 12:06:14,b431e73ff6962b448ec50b1ba58c55938692120f558e8bc7ec9a625ba97a9018,high,False
SS-01929,machinery_fault_0128.wav,audio data/machinery_fault/machinery_fault_0128.wav,machinery_fault,Machinery Fault,3.0,16000,1,PCM_16,96044,WAV,industrial/indoor,digital microphone / synthetic,1-10m,original,train,2026-09-27 12:06:14,e9a16ca6e7bfee340cca7147ad748be36fa048e475f8088b9e8c8a345dd5980d,high,False
SS-01930,machinery_fault_0129.wav,audio data/machinery_fault/machinery_fault_0129.wav,machinery_fault,Machinery Fault,3.0,16000,1,PCM_16,96044,WAV,industrial/indoor,digital microphone / synthetic,1-10m,original,validation,2026-09-27 12:06:14,b01ec4099e58b8b267955d095bd62f81045cfc20815d9bbd68f8da75e1b76444,high,False
SS-01931,machinery_fault_0130.wav,audio data/machinery_fault/machinery_fault_0130.wav,machinery_fault,Machinery Fault,3.0,16000,1,PCM_16,96044,WAV,industrial/indoor,digital microphone / synthetic,1-10m,original,train,2026-09-27 12:06:14,bd70f2e2f0a4edc193930630aaa20ee39eefa614a53a349c74ff2f290cce8517,high,False
SS-01932,machinery_fault_0131.wav,audio data/machinery_fault/machinery_fault_0131.wav,machinery_fault,Machinery Fault,3.0,16000,1,PCM_16,96044,WAV,industrial/indoor,digital microphone / synthetic,1-10m,original,train,2026-09-27 12:06:14,163593b81ff1f450250235306a3ff37caa6fa1a0e27ae6b7d0080788de36b685,high,False
SS-01933,machinery_fault_0132.wav,audio data/machinery_fault/machinery_fault_0132.wav,machinery_fault,Machinery Fault,3.0,16000,1,PCM_16,96044,WAV,industrial/indoor,digital microphone / synthetic,1-10m,original,validation,2026-09-27 12:06:14,475272e74ac72880c285d3209e77a256f48bb97a5387c211b8480ea174b70f12,high,False
SS-01934,machinery_fault_0133.wav,audio data/machinery_fault/machinery_fault_0133.wav,machinery_fault,Machinery Fault,3.0,16000,1,PCM_16,96044,WAV,industrial/indoor,digital microphone / synthetic,1-10m,original,validation,2026-09-27 12:06:14,ecdf4f2dbd54c19c0ef2df28aba8f6ff3af2e78f75559063e3ec7a48d192cf31,high,False
SS-01935,machinery_fault_0134.wav,audio data/machinery_fault/machinery_fault_0134.wav,machinery_fault,Machinery Fault,3.0,16000,1,PCM_16,96044,WAV,industrial/indoor,digital microphone / synthetic,1-10m,original,train,2026-09-27 12:06:14,f6121eaf861bf44a6802a1608ef02986dc66aea8bfe64c69a998859643edfc05,high,False
SS-01936,machinery_fault_0135.wav,audio data/machinery_fault/machinery_fault_0135.wav,machinery_fault,Machinery Fault,3.0,16000,1,PCM_16,96044,WAV,industrial/indoor,digital microphone / synthetic,1-10m,original,train,2026-09-27 12:06:14,e9b1907b1a635c46688c437d30e3d6d29eaae1c58cc48fe5533acabc643416da,high,False
SS-01937,machinery_fault_0136.wav,audio data/machinery_fault/machinery_fault_0136.wav,machinery_fault,Machinery Fault,3.0,16000,1,PCM_16,96044,WAV,industrial/indoor,digital microphone / synthetic,1-10m,original,train,2026-09-27 12:06:14,f3932c616ffb50369ecf4b98010c96ac4250f6353580b83c896ab33e52fe5686,high,False
SS-01938,machinery_fault_0137.wav,audio data/machinery_fault/machinery_fault_0137.wav,machinery_fault,Machinery Fault,3.0,16000,1,PCM_16,96044,WAV,industrial/indoor,digital microphone / synthetic,1-10m,original,train,2026-09-27 12:06:14,0b52e0b5860a96f1801e8fbee3be9a11dd3b0dd56b3d1c4de75e688ee3b22b47,high,False
SS-01939,machinery_fault_0138.wav,audio data/machinery_fault/machinery_fault_0138.wav,machinery_fault,Machinery Fault,3.0,16000,1,PCM_16,96044,WAV,industrial/indoor,digital microphone / synthetic,1-10m,original,train,2026-09-27 12:06:14,adf1c6fcf28b1e2ad2c7a1c104164a0be207587d2c76637cfc203d99c345491c,high,False
SS-01940,machinery_fault_0139.wav,audio data/machinery_fault/machinery_fault_0139.wav,machinery_fault,Machinery Fault,3.0,16000,1,PCM_16,96044,WAV,industrial/indoor,digital microphone / synthetic,1-10m,original,train,2026-09-27 12:06:14,b0058b3be7def1024f95ff2cca8a02b9a6b6e9c7fbfa797d082c5937862fcfe7,high,False
SS-01941,machinery_fault_0140.wav,audio data/machinery_fault/machinery_fault_0140.wav,machinery_fault,Machinery Fault,3.0,16000,1,PCM_16,96044,WAV,industrial/indoor,digital microphone / synthetic,1-10m,original,train,2026-09-27 12:06:14,dae1341e342766e806ff28c3886d12e2bb3bb0002014eeb95699fa19fedb5f59,high,False
SS-01942,machinery_fault_0141.wav,audio data/machinery_fault/machinery_fault_0141.wav,machinery_fault,Machinery Fault,3.0,16000,1,PCM_16,96044,WAV,industrial/indoor,digital microphone / synthetic,1-10m,original,train,2026-09-27 12:06:14,168180660484524f8bc5e8c953fa2fcf180520121c65faeedc3fb18476b9f85f,high,False
SS-01943,machinery_fault_0142.wav,audio data/machinery_fault/machinery_fault_0142.wav,machinery_fault,Machinery Fault,3.0,16000,1,PCM_16,96044,WAV,industrial/indoor,digital microphone / synthetic,1-10m,original,validation,2026-09-27 12:06:14,d886428889199972351bf01f887f83e11c825347a98b9fe0b39baab5f3b35088,high,False
SS-01944,machinery_fault_0143.wav,audio data/machinery_fault/machinery_fault_0143.wav,machinery_fault,Machinery Fault,3.0,16000,1,PCM_16,96044,WAV,industrial/indoor,digital microphone / synthetic,1-10m,original,train,2026-09-27 12:06:14,c609d1bb850c2f150507f0f9703c9045d40d2d71b7a7d64363090a50434a99a6,high,False
SS-01945,machinery_fault_0144.wav,audio data/machinery_fault/machinery_fault_0144.wav,machinery_fault,Machinery Fault,3.0,16000,1,PCM_16,96044,WAV,industrial/indoor,digital microphone / synthetic,1-10m,original,train,2026-09-27 12:06:14,193ba7d1a22e17aa3ee259b1297c825ac20598563827d3f3f97e86751b54304b,high,False
SS-01946,machinery_fault_0145.wav,audio data/machinery_fault/machinery_fault_0145.wav,machinery_fault,Machinery Fault,3.0,16000,1,PCM_16,96044,WAV,industrial/indoor,digital microphone / synthetic,1-10m,original,test,2026-09-27 12:06:14,9481d8b1c20049c19b7ed298daee4cd115e88e405ebc74e7ad0a44f673c54d9c,high,False
SS-01947,machinery_fault_0146.wav,audio data/machinery_fault/machinery_fault_0146.wav,machinery_fault,Machinery Fault,3.0,16000,1,PCM_16,96044,WAV,industrial/indoor,digital microphone / synthetic,1-10m,original,test,2026-09-27 12:06:14,93595e4b1d3a665b3c0d399418c43bd48f4f648c3770fe7ff169dca09fdd4d63,high,False
SS-01948,machinery_fault_0147.wav,audio data/machinery_fault/machinery_fault_0147.wav,machinery_fault,Machinery Fault,3.0,16000,1,PCM_16,96044,WAV,industrial/indoor,digital microphone / synthetic,1-10m,original,train,2026-09-27 12:06:14,c37f269e827797b223cc8391439d5211877579864b6d15af22385c951dea00dd,high,False
SS-01949,machinery_fault_0148.wav,audio data/machinery_fault/machinery_fault_0148.wav,machinery_fault,Machinery Fault,3.0,16000,1,PCM_16,96044,WAV,industrial/indoor,digital microphone / synthetic,1-10m,original,train,2026-09-27 12:06:14,67f1d85ac00f609369f5789edfd8b214043bbc5b5fb9cf7d926951b36edd2c23,high,False
SS-01950,machinery_fault_0149.wav,audio data/machinery_fault/machinery_fault_0149.wav,machinery_fault,Machinery Fault,3.0,16000,1,PCM_16,96044,WAV,industrial/indoor,digital microphone / synthetic,1-10m,original,train,2026-09-27 12:06:14,306c6bab837660fd4522f0372a823aab679c75dd13b44926758db92109886187,high,False
SS-01951,machinery_fault_0150.wav,audio data/machinery_fault/machinery_fault_0150.wav,machinery_fault,Machinery Fault,3.0,16000,1,PCM_16,96044,WAV,industrial/indoor,digital microphone / synthetic,1-10m,original,train,2026-09-27 12:06:14,20237dd2a366ed743e03741d468e2398881221a9659b719050a3c57b1ce2f473,high,False
SS-01952,machinery_fault_0151.wav,audio data/machinery_fault/machinery_fault_0151.wav,machinery_fault,Machinery Fault,3.0,16000,1,PCM_16,96044,WAV,industrial/indoor,digital microphone / synthetic,1-10m,original,train,2026-09-27 12:06:14,929b37b65f86fcb405ddf5dc16d082e4665f2fd125908a902e668db7966107fd,high,False
SS-01953,machinery_fault_0152.wav,audio data/machinery_fault/machinery_fault_0152.wav,machinery_fault,Machinery Fault,3.0,16000,1,PCM_16,96044,WAV,industrial/indoor,digital microphone / synthetic,1-10m,original,test,2026-09-27 12:06:14,cc32381c498cadbb6e7ba4ff73b39c290402e960acc58b2e16d6b56b71e0f73c,high,False
SS-01954,machinery_fault_0153.wav,audio data/machinery_fault/machinery_fault_0153.wav,machinery_fault,Machinery Fault,3.0,16000,1,PCM_16,96044,WAV,industrial/indoor,digital microphone / synthetic,1-10m,original,train,2026-09-27 12:06:14,e38bf4ff019175fdec101ce8a5e194d95026a8e0e53862c35ffd86392f1256af,high,False
SS-01955,machinery_fault_0154.wav,audio data/machinery_fault/machinery_fault_0154.wav,machinery_fault,Machinery Fault,3.0,16000,1,PCM_16,96044,WAV,industrial/indoor,digital microphone / synthetic,1-10m,original,train,2026-09-27 12:06:14,7cd568ced4251f9b3d51b0704fac415258c36316a70110b9fbd9bd18b585f571,high,False
SS-01956,machinery_fault_0155.wav,audio data/machinery_fault/machinery_fault_0155.wav,machinery_fault,Machinery Fault,3.0,16000,1,PCM_16,96044,WAV,industrial/indoor,digital microphone / synthetic,1-10m,original,validation,2026-09-27 12:06:14,2836402f361b0378c6b1e61f45c683e6cf2c27621a925a247a2b0c3760b9d6f5,high,False
SS-01957,machinery_fault_0156.wav,audio data/machinery_fault/machinery_fault_0156.wav,machinery_fault,Machinery Fault,3.0,16000,1,PCM_16,96044,WAV,industrial/indoor,digital microphone / synthetic,1-10m,original,train,2026-09-27 12:06:14,451aad3a573a50b28fe1780cbd2f92e5b06b1d40ab8c7587c802e0477f1de08f,high,False
SS-01958,machinery_fault_0157.wav,audio data/machinery_fault/machinery_fault_0157.wav,machinery_fault,Machinery Fault,3.0,16000,1,PCM_16,96044,WAV,industrial/indoor,digital microphone / synthetic,1-10m,original,train,2026-09-27 12:06:14,7fc08f2bd5c9054d0de9b3869767fa74c9e7d56cd56b80073e88b9309ef72ff7,high,False
SS-01959,machinery_fault_0158.wav,audio data/machinery_fault/machinery_fault_0158.wav,machinery_fault,Machinery Fault,3.0,16000,1,PCM_16,96044,WAV,industrial/indoor,digital microphone / synthetic,1-10m,original,train,2026-09-27 12:06:14,44fc04521615e4ff035b96dc887942665096cea1fb84417002395228efcd6414,high,False
SS-01960,machinery_fault_0159.wav,audio data/machinery_fault/machinery_fault_0159.wav,machinery_fault,Machinery Fault,3.0,16000,1,PCM_16,96044,WAV,industrial/indoor,digital microphone / synthetic,1-10m,original,test,2026-09-27 12:06:14,bb1193029947a7388193f7ebfb8fa84ec89cbedd886794cfae6380d7e863ccdc,high,False
SS-01961,machinery_fault_0160.wav,audio data/machinery_fault/machinery_fault_0160.wav,machinery_fault,Machinery Fault,3.0,16000,1,PCM_16,96044,WAV,industrial/indoor,digital microphone / synthetic,1-10m,original,train,2026-09-27 12:06:14,3973fae5e36f844a15f3146639e4de98cbe60ca03d4e0ab42d3ad1d6d9746e6a,high,False
SS-01962,machinery_fault_0161.wav,audio data/machinery_fault/machinery_fault_0161.wav,machinery_fault,Machinery Fault,3.0,16000,1,PCM_16,96044,WAV,industrial/indoor,digital microphone / synthetic,1-10m,original,train,2026-09-27 12:06:14,501c364b3f42eecf71950ccdec684c278e41fc10d753a1207a34c0ec46270cab,high,False
SS-01963,machinery_fault_0162.wav,audio data/machinery_fault/machinery_fault_0162.wav,machinery_fault,Machinery Fault,3.0,16000,1,PCM_16,96044,WAV,industrial/indoor,digital microphone / synthetic,1-10m,original,train,2026-09-27 12:06:14,dfef5e5c9dadcfd708950e74a875df4cf357c254b6c321ee8da5c44b222fd307,high,False
SS-01964,machinery_fault_0163.wav,audio data/machinery_fault/machinery_fault_0163.wav,machinery_fault,Machinery Fault,3.0,16000,1,PCM_16,96044,WAV,industrial/indoor,digital microphone / synthetic,1-10m,original,train,2026-09-27 12:06:14,a38239013aeab6fc68ee285b07078fa94426fff8c11c6df1213971d9dd7e56b3,high,False
SS-01965,machinery_fault_0164.wav,audio data/machinery_fault/machinery_fault_0164.wav,machinery_fault,Machinery Fault,3.0,16000,1,PCM_16,96044,WAV,industrial/indoor,digital microphone / synthetic,1-10m,original,train,2026-09-27 12:06:14,3dd6ce2d2d04e6b745acad33370f8490139ee23491aa48f24254245ed4b15b46,high,False
SS-01966,machinery_fault_0165.wav,audio data/machinery_fault/machinery_fault_0165.wav,machinery_fault,Machinery Fault,3.0,16000,1,PCM_16,96044,WAV,industrial/indoor,digital microphone / synthetic,1-10m,original,validation,2026-09-27 12:06:14,44f46ac5c4d2fecc3b69859af0526f522a7520e6fd15f9add8b4525fcba30595,high,False
SS-01967,machinery_fault_0166.wav,audio data/machinery_fault/machinery_fault_0166.wav,machinery_fault,Machinery Fault,3.0,16000,1,PCM_16,96044,WAV,industrial/indoor,digital microphone / synthetic,1-10m,original,train,2026-09-27 12:06:14,e58f181d91c1a0eeaacde6d419784b8af5602f88a50142ead0f47e92adeecda0,high,False
SS-01968,machinery_fault_0167.wav,audio data/machinery_fault/machinery_fault_0167.wav,machinery_fault,Machinery Fault,3.0,16000,1,PCM_16,96044,WAV,industrial/indoor,digital microphone / synthetic,1-10m,original,train,2026-09-27 12:06:14,388bcde9ee6196b407c8abe0ca2072714ce57be9bf81f7856a6105fc0a2bae46,high,False
SS-01969,machinery_fault_0168.wav,audio data/machinery_fault/machinery_fault_0168.wav,machinery_fault,Machinery Fault,3.0,16000,1,PCM_16,96044,WAV,industrial/indoor,digital microphone / synthetic,1-10m,original,train,2026-09-27 12:06:14,108f1b7673137389c0e18118abc9c424a3c8f1148fc243f9411d0ef6a3fb3b23,high,False
SS-01970,machinery_fault_0169.wav,audio data/machinery_fault/machinery_fault_0169.wav,machinery_fault,Machinery Fault,3.0,16000,1,PCM_16,96044,WAV,industrial/indoor,digital microphone / synthetic,1-10m,original,train,2026-09-27 12:06:14,a1cd18a58c544c19708d18edb50cc8e447fc30a5e9432d4523a27c00f57ffa15,high,False
SS-01971,machinery_fault_0170.wav,audio data/machinery_fault/machinery_fault_0170.wav,machinery_fault,Machinery Fault,3.0,16000,1,PCM_16,96044,WAV,industrial/indoor,digital microphone / synthetic,1-10m,original,train,2026-09-27 12:06:14,0340f2ea7ae6e1168ac919e991da0674eb45cbcb7e66ab7d711ada263d3931bb,high,False
SS-01972,machinery_fault_0171.wav,audio data/machinery_fault/machinery_fault_0171.wav,machinery_fault,Machinery Fault,3.0,16000,1,PCM_16,96044,WAV,industrial/indoor,digital microphone / synthetic,1-10m,original,train,2026-09-27 12:06:14,63268504100502b454d267f942b0a1d38148f46b1794db8606805cd2cb05eef3,high,False
SS-01973,machinery_fault_0172.wav,audio data/machinery_fault/machinery_fault_0172.wav,machinery_fault,Machinery Fault,3.0,16000,1,PCM_16,96044,WAV,industrial/indoor,digital microphone / synthetic,1-10m,original,train,2026-09-27 12:06:14,33f21e658f02f1c99b66019b44ce9b6f6e726fadb75e65954f6626682cb989fd,high,False
SS-01974,machinery_fault_0173.wav,audio data/machinery_fault/machinery_fault_0173.wav,machinery_fault,Machinery Fault,3.0,16000,1,PCM_16,96044,WAV,industrial/indoor,digital microphone / synthetic,1-10m,original,test,2026-09-27 12:06:14,2da26780f53dd0905f8b466a52e3dd789927a3de29200e34e11d2768021e7d4d,high,False
SS-01975,machinery_fault_0174.wav,audio data/machinery_fault/machinery_fault_0174.wav,machinery_fault,Machinery Fault,3.0,16000,1,PCM_16,96044,WAV,industrial/indoor,digital microphone / synthetic,1-10m,original,train,2026-09-27 12:06:14,643062219ea777ca19717bab977b50dbb84ca84a7887477513ee3d1e1dcaaea8,high,False
SS-01976,machinery_fault_0175.wav,audio data/machinery_fault/machinery_fault_0175.wav,machinery_fault,Machinery Fault,3.0,16000,1,PCM_16,96044,WAV,industrial/indoor,digital microphone / synthetic,1-10m,original,test,2026-09-27 12:06:14,c8c1385ca39af7b313934b8300ea06f7d8d549d455de1f1fa5e0c3792168ac70,high,False
SS-01977,machinery_fault_0176.wav,audio data/machinery_fault/machinery_fault_0176.wav,machinery_fault,Machinery Fault,3.0,16000,1,PCM_16,96044,WAV,industrial/indoor,digital microphone / synthetic,1-10m,original,train,2026-09-27 12:06:14,db495fe5d6210472a56d2829067ea890257134e1ad426d0b0df3a3823ecb14ab,high,False
SS-01978,machinery_fault_0177.wav,audio data/machinery_fault/machinery_fault_0177.wav,machinery_fault,Machinery Fault,3.0,16000,1,PCM_16,96044,WAV,industrial/indoor,digital microphone / synthetic,1-10m,original,train,2026-09-27 12:06:14,0ab4b355bd95cb0c58f39c2f6e87931e1acbc685dcee6b2e48d726ae2574eb92,high,False
SS-01979,machinery_fault_0178.wav,audio data/machinery_fault/machinery_fault_0178.wav,machinery_fault,Machinery Fault,3.0,16000,1,PCM_16,96044,WAV,industrial/indoor,digital microphone / synthetic,1-10m,original,train,2026-09-27 12:06:14,5d8f35c9bf3fa6608e2c8582bf874d03c3ceed97726f9d193d61d19d3832e8da,high,False
SS-01980,machinery_fault_0179.wav,audio data/machinery_fault/machinery_fault_0179.wav,machinery_fault,Machinery Fault,3.0,16000,1,PCM_16,96044,WAV,industrial/indoor,digital microphone / synthetic,1-10m,original,train,2026-09-27 12:06:14,fc4d201a75c07a290a2ec3438d880270997d785673dfab49f20cd0d88a7bcd17,high,False
SS-01981,machinery_fault_0180.wav,audio data/machinery_fault/machinery_fault_0180.wav,machinery_fault,Machinery Fault,3.0,16000,1,PCM_16,96044,WAV,industrial/indoor,digital microphone / synthetic,1-10m,original,train,2026-09-27 12:06:14,fa6e2cea6c68690d32d72240b454e5c11035059ca38604a728e4dca199f80583,high,False
SS-01982,machinery_fault_0181.wav,audio data/machinery_fault/machinery_fault_0181.wav,machinery_fault,Machinery Fault,3.0,16000,1,PCM_16,96044,WAV,industrial/indoor,digital microphone / synthetic,1-10m,original,train,2026-09-27 12:06:14,14dce6dec620544f6ef05d2e0e9865ba5d2c0cafb92f05290c6fc1af02ef3499,high,False
SS-01983,machinery_fault_0182.wav,audio data/machinery_fault/machinery_fault_0182.wav,machinery_fault,Machinery Fault,3.0,16000,1,PCM_16,96044,WAV,industrial/indoor,digital microphone / synthetic,1-10m,original,train,2026-09-27 12:06:14,3b82e00207f7ba183bbf02a60a90ec64e9e3a9fc84f594d21fd4f5f095637b45,high,False
SS-01984,machinery_fault_0183.wav,audio data/machinery_fault/machinery_fault_0183.wav,machinery_fault,Machinery Fault,3.0,16000,1,PCM_16,96044,WAV,industrial/indoor,digital microphone / synthetic,1-10m,original,validation,2026-09-27 12:06:14,877aaf57b90d7bb04e8c578e4d95e75815572d6a12df56e9b011a3d3a7124f5a,high,False
SS-01985,machinery_fault_0184.wav,audio data/machinery_fault/machinery_fault_0184.wav,machinery_fault,Machinery Fault,3.0,16000,1,PCM_16,96044,WAV,industrial/indoor,digital microphone / synthetic,1-10m,original,train,2026-09-27 12:06:14,97030e18195a05a08a9af23fc0727b605b56ae404b6f8e0cbada918612801ce9,high,False
SS-01986,machinery_fault_0185.wav,audio data/machinery_fault/machinery_fault_0185.wav,machinery_fault,Machinery Fault,3.0,16000,1,PCM_16,96044,WAV,industrial/indoor,digital microphone / synthetic,1-10m,original,train,2026-09-27 12:06:14,8d9dfe132685f640de647e4c027b04e5482968986a1a73fc6494e3f5bb5293cc,high,False
SS-01987,machinery_fault_0186.wav,audio data/machinery_fault/machinery_fault_0186.wav,machinery_fault,Machinery Fault,3.0,16000,1,PCM_16,96044,WAV,industrial/indoor,digital microphone / synthetic,1-10m,original,train,2026-09-27 12:06:14,ab7f50f382422d51ff0f78ca25b8a9edb476ab0557305bd454a97a3d7ddabde2,high,False
SS-01988,machinery_fault_0187.wav,audio data/machinery_fault/machinery_fault_0187.wav,machinery_fault,Machinery Fault,3.0,16000,1,PCM_16,96044,WAV,industrial/indoor,digital microphone / synthetic,1-10m,original,test,2026-09-27 12:06:14,6ebe941ad21dcebd87c022abbbc8529b95975b251bea66314667ba0c8fbc6e0c,high,False
SS-01989,machinery_fault_0188.wav,audio data/machinery_fault/machinery_fault_0188.wav,machinery_fault,Machinery Fault,3.0,16000,1,PCM_16,96044,WAV,industrial/indoor,digital microphone / synthetic,1-10m,original,train,2026-09-27 12:06:14,aa44951c206370e5bed756bfc7cb4834525bd51cecfd8e70abea6cae547eb70e,high,False
SS-01990,machinery_fault_0189.wav,audio data/machinery_fault/machinery_fault_0189.wav,machinery_fault,Machinery Fault,3.0,16000,1,PCM_16,96044,WAV,industrial/indoor,digital microphone / synthetic,1-10m,original,test,2026-09-27 12:06:14,8edf3ad7569b2bade6ca70d6578f608578d51ba3f8988007ff4e597f365c288c,high,False
SS-01991,machinery_fault_0190.wav,audio data/machinery_fault/machinery_fault_0190.wav,machinery_fault,Machinery Fault,3.0,16000,1,PCM_16,96044,WAV,industrial/indoor,digital microphone / synthetic,1-10m,original,train,2026-09-27 12:06:14,9777faf6066e6c38a80a2a30845e739a9cab5c57ef6b6f5e9fe9a48dd766e030,high,False
SS-01992,machinery_fault_0191.wav,audio data/machinery_fault/machinery_fault_0191.wav,machinery_fault,Machinery Fault,3.0,16000,1,PCM_16,96044,WAV,industrial/indoor,digital microphone / synthetic,1-10m,original,train,2026-09-27 12:06:14,e94ab5476803bdba16bd2c17253f297160d1bca128dbd76792f9893304930a5a,high,False
SS-01993,machinery_fault_0192.wav,audio data/machinery_fault/machinery_fault_0192.wav,machinery_fault,Machinery Fault,3.0,16000,1,PCM_16,96044,WAV,industrial/indoor,digital microphone / synthetic,1-10m,original,train,2026-09-27 12:06:14,b5de76ddedffdd550b8fe32b05bcf2d4bbb0ca6a59a4f90dcc1a7a8c30c9aefb,high,False
SS-01994,machinery_fault_0193.wav,audio data/machinery_fault/machinery_fault_0193.wav,machinery_fault,Machinery Fault,3.0,16000,1,PCM_16,96044,WAV,industrial/indoor,digital microphone / synthetic,1-10m,original,test,2026-09-27 12:06:14,75ed68655762b15118958bcce18ce7ad34a0514c48ac52cdc11b25f85afb99f9,high,False
SS-01995,machinery_fault_0194.wav,audio data/machinery_fault/machinery_fault_0194.wav,machinery_fault,Machinery Fault,3.0,16000,1,PCM_16,96044,WAV,industrial/indoor,digital microphone / synthetic,1-10m,original,train,2026-09-27 12:06:14,9077ee963f3b548471dada15698c36160325de9889592b192945dc1648ef2f7b,high,False
SS-01996,machinery_fault_0195.wav,audio data/machinery_fault/machinery_fault_0195.wav,machinery_fault,Machinery Fault,3.0,16000,1,PCM_16,96044,WAV,industrial/indoor,digital microphone / synthetic,1-10m,original,train,2026-09-27 12:06:14,31cda78e010ce724061d87648e9917265511ced51e41bbfa50abf79e9dce560c,high,False
SS-01997,machinery_fault_0196.wav,audio data/machinery_fault/machinery_fault_0196.wav,machinery_fault,Machinery Fault,3.0,16000,1,PCM_16,96044,WAV,industrial/indoor,digital microphone / synthetic,1-10m,original,test,2026-09-27 12:06:14,716974829950e6d9b8b6892ff48c327be543e9f27d66a89dcf949d9d260f09a9,high,False
SS-01998,machinery_fault_0197.wav,audio data/machinery_fault/machinery_fault_0197.wav,machinery_fault,Machinery Fault,3.0,16000,1,PCM_16,96044,WAV,industrial/indoor,digital microphone / synthetic,1-10m,original,train,2026-09-27 12:06:14,3f64dd0f1e3b77bde3dd780cf3e3cdf83c96bad410e7d3060db6127423460e42,high,False
SS-01999,machinery_fault_0198.wav,audio data/machinery_fault/machinery_fault_0198.wav,machinery_fault,Machinery Fault,3.0,16000,1,PCM_16,96044,WAV,industrial/indoor,digital microphone / synthetic,1-10m,original,train,2026-09-27 12:06:14,a481036a076467deb2cddb84149a264b399b89d6857abcb0cc2b1e9f789d3b65,high,False
SS-02000,machinery_fault_0199.wav,audio data/machinery_fault/machinery_fault_0199.wav,machinery_fault,Machinery Fault,3.0,16000,1,PCM_16,96044,WAV,industrial/indoor,digital microphone / synthetic,1-10m,original,train,2026-09-27 12:06:14,9b825bec062eb4da068325bdb370097c2d68245a8cb59cf0b7cd8fe8868b1c63,high,False
SS-02001,machinery_fault_0200.wav,audio data/machinery_fault/machinery_fault_0200.wav,machinery_fault,Machinery Fault,3.0,16000,1,PCM_16,96044,WAV,industrial/indoor,digital microphone / synthetic,1-10m,original,train,2026-09-27 12:06:14,c46f88d5460f877d6257d95db2bd784f41dfb325ea75023eebad5b872bc8b7e0,high,False
SS-02002,machinery_fault_0201.wav,audio data/machinery_fault/machinery_fault_0201.wav,machinery_fault,Machinery Fault,3.0,16000,1,PCM_16,96044,WAV,industrial/indoor,digital microphone / synthetic,1-10m,original,train,2026-09-27 12:06:14,3bfc98619898a7f1cc5798003bf57a6eb9807031a0476dbab475d7eb4e3dd328,high,False
SS-02003,machinery_fault_0202.wav,audio data/machinery_fault/machinery_fault_0202.wav,machinery_fault,Machinery Fault,3.0,16000,1,PCM_16,96044,WAV,industrial/indoor,digital microphone / synthetic,1-10m,original,train,2026-09-27 12:06:14,af460acf0d80c37c24d3e38b06c7b310cc30bdfec5599ae395ed8ed3ef125c87,high,False
SS-02004,machinery_fault_0203.wav,audio data/machinery_fault/machinery_fault_0203.wav,machinery_fault,Machinery Fault,3.0,16000,1,PCM_16,96044,WAV,industrial/indoor,digital microphone / synthetic,1-10m,original,train,2026-09-27 12:06:14,98578137eae695ed358e837f93ac8be688d923eb67f0fd99a474276f5cc539c5,high,False
SS-02005,machinery_fault_0204.wav,audio data/machinery_fault/machinery_fault_0204.wav,machinery_fault,Machinery Fault,3.0,16000,1,PCM_16,96044,WAV,industrial/indoor,digital microphone / synthetic,1-10m,original,train,2026-09-27 12:06:14,c756c07b4966a2013270847fd90820512085449fc501ed366c7c29a5eeed8162,high,False
SS-02006,machinery_fault_0205.wav,audio data/machinery_fault/machinery_fault_0205.wav,machinery_fault,Machinery Fault,3.0,16000,1,PCM_16,96044,WAV,industrial/indoor,digital microphone / synthetic,1-10m,original,train,2026-09-27 12:06:14,2c58c8ac7f6c56dea96abd8305b2ae42f273e419542989f66896b9834786f8ce,high,False
SS-02007,machinery_fault_0206.wav,audio data/machinery_fault/machinery_fault_0206.wav,machinery_fault,Machinery Fault,3.0,16000,1,PCM_16,96044,WAV,industrial/indoor,digital microphone / synthetic,1-10m,original,validation,2026-09-27 12:06:14,3603780d6f3f44f8742d72f1e61bb32773e36c2d2253db2d0857da1c1b802b19,high,False
SS-02008,machinery_fault_0207.wav,audio data/machinery_fault/machinery_fault_0207.wav,machinery_fault,Machinery Fault,3.0,16000,1,PCM_16,96044,WAV,industrial/indoor,digital microphone / synthetic,1-10m,original,train,2026-09-27 12:06:14,b2dd8886d53bc6b3dbe0889dbf3b894f8cc20f64df303b5629c586694d9dab2a,high,False
SS-02009,machinery_fault_0208.wav,audio data/machinery_fault/machinery_fault_0208.wav,machinery_fault,Machinery Fault,3.0,16000,1,PCM_16,96044,WAV,industrial/indoor,digital microphone / synthetic,1-10m,original,train,2026-09-27 12:06:14,615dc96464703f0e27e1f3d9ef01a7b3e3897cd5ea9727bbd55c939b59b41aa5,high,False
SS-02010,machinery_fault_0209.wav,audio data/machinery_fault/machinery_fault_0209.wav,machinery_fault,Machinery Fault,3.0,16000,1,PCM_16,96044,WAV,industrial/indoor,digital microphone / synthetic,1-10m,original,train,2026-09-27 12:06:14,a76846417c94241684258967248cdd1abab5bfd31c9b9aafdfaca9167f90ad35,high,False
SS-02011,machinery_fault_0210.wav,audio data/machinery_fault/machinery_fault_0210.wav,machinery_fault,Machinery Fault,3.0,16000,1,PCM_16,96044,WAV,industrial/indoor,digital microphone / synthetic,1-10m,original,validation,2026-09-27 12:06:14,1c9acbebee0cba9d8a31a8cf7d17b4e1ab655bbf3741b3e7a992e184e3371ca2,high,False
SS-02012,machinery_fault_0211.wav,audio data/machinery_fault/machinery_fault_0211.wav,machinery_fault,Machinery Fault,3.0,16000,1,PCM_16,96044,WAV,industrial/indoor,digital microphone / synthetic,1-10m,original,test,2026-09-27 12:06:14,8b862b2ed29dbc713b243abc5a240994ed7223569c65f83242118097dc3bcb6c,high,False
SS-02013,machinery_fault_0212.wav,audio data/machinery_fault/machinery_fault_0212.wav,machinery_fault,Machinery Fault,3.0,16000,1,PCM_16,96044,WAV,industrial/indoor,digital microphone / synthetic,1-10m,original,train,2026-09-27 12:06:14,cc2425181586fd67f0e99bd148e3ac1a2a7214f0b4e52ddc473c896841b506fc,high,False
SS-02014,machinery_fault_0213.wav,audio data/machinery_fault/machinery_fault_0213.wav,machinery_fault,Machinery Fault,3.0,16000,1,PCM_16,96044,WAV,industrial/indoor,digital microphone / synthetic,1-10m,original,validation,2026-09-27 12:06:14,8905cc6ae19b66f47bc58f00bf13785796d07f656dd997d5a00cb943298cfbe2,high,False
SS-02015,machinery_fault_0214.wav,audio data/machinery_fault/machinery_fault_0214.wav,machinery_fault,Machinery Fault,3.0,16000,1,PCM_16,96044,WAV,industrial/indoor,digital microphone / synthetic,1-10m,original,train,2026-09-27 12:06:14,7f9e82e9f3daf950e9230691ed26246624e259d760496e740d3597f1c9f2072c,high,False
SS-02016,machinery_fault_0215.wav,audio data/machinery_fault/machinery_fault_0215.wav,machinery_fault,Machinery Fault,3.0,16000,1,PCM_16,96044,WAV,industrial/indoor,digital microphone / synthetic,1-10m,original,test,2026-09-27 12:06:14,ddec9f85302e6ca0f5718806dfaf99136d3449769fa79bd52994ef573b033f03,high,False
SS-02017,machinery_fault_0216.wav,audio data/machinery_fault/machinery_fault_0216.wav,machinery_fault,Machinery Fault,3.0,16000,1,PCM_16,96044,WAV,industrial/indoor,digital microphone / synthetic,1-10m,original,train,2026-09-27 12:06:14,a90b3d8d7861f2805ed91925dc9afa3195c9fc5a8b2131781ef198464300a106,high,False
SS-02018,machinery_fault_0217.wav,audio data/machinery_fault/machinery_fault_0217.wav,machinery_fault,Machinery Fault,3.0,16000,1,PCM_16,96044,WAV,industrial/indoor,digital microphone / synthetic,1-10m,original,validation,2026-09-27 12:06:14,38ef6b0bfbddac028be05a02ffc62507624d34fcaf496f86901535aa625c4328,high,False
SS-02019,machinery_fault_0218.wav,audio data/machinery_fault/machinery_fault_0218.wav,machinery_fault,Machinery Fault,3.0,16000,1,PCM_16,96044,WAV,industrial/indoor,digital microphone / synthetic,1-10m,original,validation,2026-09-27 12:06:14,76b66ffe051722869e2a390045083b3fabf0b86710bd2fd371e2d8d3579d6148,high,False
SS-02020,machinery_fault_0219.wav,audio data/machinery_fault/machinery_fault_0219.wav,machinery_fault,Machinery Fault,3.0,16000,1,PCM_16,96044,WAV,industrial/indoor,digital microphone / synthetic,1-10m,original,train,2026-09-27 12:06:14,ddb0e42263cbfa341b0c69c21c50ce4881aeb4847de415cde755acef8818fd7b,high,False
SS-02021,machinery_fault_0220.wav,audio data/machinery_fault/machinery_fault_0220.wav,machinery_fault,Machinery Fault,3.0,16000,1,PCM_16,96044,WAV,industrial/indoor,digital microphone / synthetic,1-10m,original,train,2026-09-27 12:06:14,48549dbe171f6e807b0bcd5e75b9fc027b05580073a0ea2110eb38193ea692e3,high,False
SS-02022,machinery_fault_0221.wav,audio data/machinery_fault/machinery_fault_0221.wav,machinery_fault,Machinery Fault,3.0,16000,1,PCM_16,96044,WAV,industrial/indoor,digital microphone / synthetic,1-10m,original,train,2026-09-27 12:06:14,8c34e50dd74757b0322c8cc56c3c1b7654979293672c48f99ab070a6cb829d83,high,False
SS-02023,machinery_fault_0222.wav,audio data/machinery_fault/machinery_fault_0222.wav,machinery_fault,Machinery Fault,3.0,16000,1,PCM_16,96044,WAV,industrial/indoor,digital microphone / synthetic,1-10m,original,train,2026-09-27 12:06:14,e77c67b36be1f628926e8036ad230b84cdb49127f951b77224825317342bdee8,high,False
SS-02024,machinery_fault_0223.wav,audio data/machinery_fault/machinery_fault_0223.wav,machinery_fault,Machinery Fault,3.0,16000,1,PCM_16,96044,WAV,industrial/indoor,digital microphone / synthetic,1-10m,original,train,2026-09-27 12:06:14,f0ef76a23cb672486b878fe83d16f0dccdf02eefd1328bb58514e9de650e3dba,high,False
SS-02025,machinery_fault_0224.wav,audio data/machinery_fault/machinery_fault_0224.wav,machinery_fault,Machinery Fault,3.0,16000,1,PCM_16,96044,WAV,industrial/indoor,digital microphone / synthetic,1-10m,original,validation,2026-09-27 12:06:14,dd88b3f6d92769a76e50bba52f001aacb9c2d4609ca512dc00aeee5cdb80a263,high,False
SS-02026,machinery_fault_0225.wav,audio data/machinery_fault/machinery_fault_0225.wav,machinery_fault,Machinery Fault,3.0,16000,1,PCM_16,96044,WAV,industrial/indoor,digital microphone / synthetic,1-10m,original,test,2026-09-27 12:06:14,a26ee117d9b846bebd27171d3b65e7ecc7c820df210d8b75b8cba14dfa1f1317,high,False
SS-02027,machinery_fault_0226.wav,audio data/machinery_fault/machinery_fault_0226.wav,machinery_fault,Machinery Fault,3.0,16000,1,PCM_16,96044,WAV,industrial/indoor,digital microphone / synthetic,1-10m,original,test,2026-09-27 12:06:14,38b9da147b74e034b9d73b552c029419169b01cabfd106a8345a789db76035d2,high,False
SS-02028,machinery_fault_0227.wav,audio data/machinery_fault/machinery_fault_0227.wav,machinery_fault,Machinery Fault,3.0,16000,1,PCM_16,96044,WAV,industrial/indoor,digital microphone / synthetic,1-10m,original,train,2026-09-27 12:06:14,96522fc53bc7df8c2269063b86262cf7c509fdeaff1e01bc123466e1c841e8de,high,False
SS-02029,machinery_fault_0228.wav,audio data/machinery_fault/machinery_fault_0228.wav,machinery_fault,Machinery Fault,3.0,16000,1,PCM_16,96044,WAV,industrial/indoor,digital microphone / synthetic,1-10m,original,test,2026-09-27 12:06:14,17fafc3241b4589bf60006020068bae05bb2f3b7fce6f5abaa3b56620d0cdcac,high,False
SS-02030,machinery_fault_0229.wav,audio data/machinery_fault/machinery_fault_0229.wav,machinery_fault,Machinery Fault,3.0,16000,1,PCM_16,96044,WAV,industrial/indoor,digital microphone / synthetic,1-10m,original,train,2026-09-27 12:06:14,0137e22dabb0ab31fd06a9c6cf5e639ada7c2876fdbb84f5cd5df9e96a20a6a3,high,False
SS-02031,machinery_fault_0230.wav,audio data/machinery_fault/machinery_fault_0230.wav,machinery_fault,Machinery Fault,3.0,16000,1,PCM_16,96044,WAV,industrial/indoor,digital microphone / synthetic,1-10m,original,test,2026-09-27 12:06:14,25cab3e63df956ca750270f1d9a128ea91df2e9b5410bca5f0734da7c7af0ef8,high,False
SS-02032,machinery_fault_0231.wav,audio data/machinery_fault/machinery_fault_0231.wav,machinery_fault,Machinery Fault,3.0,16000,1,PCM_16,96044,WAV,industrial/indoor,digital microphone / synthetic,1-10m,original,train,2026-09-27 12:06:14,47ccf75a705cdd92741f836d0a3287f867a138e037832086e467570795a644f1,high,False
SS-02033,machinery_fault_0232.wav,audio data/machinery_fault/machinery_fault_0232.wav,machinery_fault,Machinery Fault,3.0,16000,1,PCM_16,96044,WAV,industrial/indoor,digital microphone / synthetic,1-10m,original,validation,2026-09-27 12:06:14,6cee24a6709e4ae4e22faf02db4ba9dcc5239470fff5317d68afcafd9e3466f5,high,False
SS-02034,machinery_fault_0233.wav,audio data/machinery_fault/machinery_fault_0233.wav,machinery_fault,Machinery Fault,3.0,16000,1,PCM_16,96044,WAV,industrial/indoor,digital microphone / synthetic,1-10m,original,train,2026-09-27 12:06:14,e290f800f9a4c8f96fdfe425ed11f310ce91d7de1c5693c82a170f20704e2567,high,False
SS-02035,machinery_fault_0234.wav,audio data/machinery_fault/machinery_fault_0234.wav,machinery_fault,Machinery Fault,3.0,16000,1,PCM_16,96044,WAV,industrial/indoor,digital microphone / synthetic,1-10m,original,train,2026-09-27 12:06:14,15c7ac770f5745097636d0fce68212febe49d2d23bfe4767a2afc1d960e23740,high,False
SS-02036,machinery_fault_0235.wav,audio data/machinery_fault/machinery_fault_0235.wav,machinery_fault,Machinery Fault,3.0,16000,1,PCM_16,96044,WAV,industrial/indoor,digital microphone / synthetic,1-10m,original,train,2026-09-27 12:06:14,deca11addf7a1df23de2ac15659a35880883b4d4cc4b0f6360b36f6b07bb46a6,high,False
SS-02037,machinery_fault_0236.wav,audio data/machinery_fault/machinery_fault_0236.wav,machinery_fault,Machinery Fault,3.0,16000,1,PCM_16,96044,WAV,industrial/indoor,digital microphone / synthetic,1-10m,original,train,2026-09-27 12:06:14,85bd008c0ebe428793720e3e6893f8d85d627ff6aaf8a9d1df9b44aa7e2d7783,high,False
SS-02038,machinery_fault_0237.wav,audio data/machinery_fault/machinery_fault_0237.wav,machinery_fault,Machinery Fault,3.0,16000,1,PCM_16,96044,WAV,industrial/indoor,digital microphone / synthetic,1-10m,original,test,2026-09-27 12:06:14,ab43d546b418008b58ce919341d0dd744334a227efd50aaf269454a9695b0878,high,False
SS-02039,machinery_fault_0238.wav,audio data/machinery_fault/machinery_fault_0238.wav,machinery_fault,Machinery Fault,3.0,16000,1,PCM_16,96044,WAV,industrial/indoor,digital microphone / synthetic,1-10m,original,train,2026-09-27 12:06:14,beef8c5eea271ef4318f1ac073e94a5ee546a9510a215b2567e63344ba00e1a8,high,False
SS-02040,machinery_fault_0239.wav,audio data/machinery_fault/machinery_fault_0239.wav,machinery_fault,Machinery Fault,3.0,16000,1,PCM_16,96044,WAV,industrial/indoor,digital microphone / synthetic,1-10m,original,train,2026-09-27 12:06:14,ae092efa3149bf301431e850e338a3489b4833eecdb79e3138c306658b2ffb06,high,False
SS-02041,machinery_fault_0240.wav,audio data/machinery_fault/machinery_fault_0240.wav,machinery_fault,Machinery Fault,3.0,16000,1,PCM_16,96044,WAV,industrial/indoor,digital microphone / synthetic,1-10m,original,validation,2026-09-27 12:06:14,ef7d285c5bb38795be64aa14b4b576896ffe2c897938bb6bb3740af158216837,high,False
SS-02042,machinery_fault_0241.wav,audio data/machinery_fault/machinery_fault_0241.wav,machinery_fault,Machinery Fault,3.0,16000,1,PCM_16,96044,WAV,industrial/indoor,digital microphone / synthetic,1-10m,original,test,2026-09-27 12:06:14,0c330e8fc64f4b86b108be19b494f592019235f8573a0ad0e782d25c2c64b08a,high,False
SS-02043,machinery_fault_0242.wav,audio data/machinery_fault/machinery_fault_0242.wav,machinery_fault,Machinery Fault,3.0,16000,1,PCM_16,96044,WAV,industrial/indoor,digital microphone / synthetic,1-10m,original,train,2026-09-27 12:06:14,c17d8e919ace31084fc417f926acbb38ba01c17c44a9f1df35c6f8a5b4a7b5cc,high,False
SS-02044,machinery_fault_0243.wav,audio data/machinery_fault/machinery_fault_0243.wav,machinery_fault,Machinery Fault,3.0,16000,1,PCM_16,96044,WAV,industrial/indoor,digital microphone / synthetic,1-10m,original,train,2026-09-27 12:06:14,27bdc872d85a8fbcf752b0220630268578322b04ad6e0f7e065d0882d9b9ff3c,high,False
SS-02045,machinery_fault_0244.wav,audio data/machinery_fault/machinery_fault_0244.wav,machinery_fault,Machinery Fault,3.0,16000,1,PCM_16,96044,WAV,industrial/indoor,digital microphone / synthetic,1-10m,original,train,2026-09-27 12:06:14,44ebf6d668bb1579140ae399b9844e8adcabf80203a9cc6e6c42d13e26b31776,high,False
SS-02046,machinery_fault_0245.wav,audio data/machinery_fault/machinery_fault_0245.wav,machinery_fault,Machinery Fault,3.0,16000,1,PCM_16,96044,WAV,industrial/indoor,digital microphone / synthetic,1-10m,original,train,2026-09-27 12:06:14,56ac1e171285a9137eae6532d1f7e32d8a1eb516bab55ec1df641dff2ece2c96,high,False
SS-02047,machinery_fault_0246.wav,audio data/machinery_fault/machinery_fault_0246.wav,machinery_fault,Machinery Fault,3.0,16000,1,PCM_16,96044,WAV,industrial/indoor,digital microphone / synthetic,1-10m,original,validation,2026-09-27 12:06:14,08fe074f9052b19c9ef97cf7e7b2e1aaf6c7ee117652cb08237b9c4c18dd7e51,high,False
SS-02048,machinery_fault_0247.wav,audio data/machinery_fault/machinery_fault_0247.wav,machinery_fault,Machinery Fault,3.0,16000,1,PCM_16,96044,WAV,industrial/indoor,digital microphone / synthetic,1-10m,original,train,2026-09-27 12:06:14,66aee10a2d83a27cfb4ad95110d3aee9682a59cc730205d336dffc68d0c4b759,high,False
SS-02049,machinery_fault_0248.wav,audio data/machinery_fault/machinery_fault_0248.wav,machinery_fault,Machinery Fault,3.0,16000,1,PCM_16,96044,WAV,industrial/indoor,digital microphone / synthetic,1-10m,original,train,2026-09-27 12:06:14,7a6333fd77245b6739c547027ebd5d053bc6f2ccb05188ece7afb5c8b9328ed9,high,False
SS-02050,machinery_fault_0249.wav,audio data/machinery_fault/machinery_fault_0249.wav,machinery_fault,Machinery Fault,3.0,16000,1,PCM_16,96044,WAV,industrial/indoor,digital microphone / synthetic,1-10m,original,test,2026-09-27 12:06:14,4e165cace97c39ce1dbb9cb0dd0b7875165f3b56cb852fcd213f65cee307aa73,high,False
SS-02051,machinery_fault_0250.wav,audio data/machinery_fault/machinery_fault_0250.wav,machinery_fault,Machinery Fault,3.0,16000,1,PCM_16,96044,WAV,industrial/indoor,digital microphone / synthetic,1-10m,original,validation,2026-09-27 12:06:14,b6b0b5ad8d8e6ec3722a566a765cd21a0b9d74b35ffb3c8853b29f0d141c8e8f,high,False
SS-02052,machinery_fault_0251.wav,audio data/machinery_fault/machinery_fault_0251.wav,machinery_fault,Machinery Fault,3.0,16000,1,PCM_16,96044,WAV,industrial/indoor,digital microphone / synthetic,1-10m,original,train,2026-09-27 12:06:14,5aca8ac8cf552749b145f89c504221bcd575b16b52e2135452d6472fee4aa83e,high,False
SS-02053,machinery_fault_0252.wav,audio data/machinery_fault/machinery_fault_0252.wav,machinery_fault,Machinery Fault,3.0,16000,1,PCM_16,96044,WAV,industrial/indoor,digital microphone / synthetic,1-10m,original,validation,2026-09-27 12:06:14,27a010fec94c89943200c02c9a57992c8ce5a2fe7c7d04122c14409bd767a9f6,high,False
SS-02054,machinery_fault_0253.wav,audio data/machinery_fault/machinery_fault_0253.wav,machinery_fault,Machinery Fault,3.0,16000,1,PCM_16,96044,WAV,industrial/indoor,digital microphone / synthetic,1-10m,original,train,2026-09-27 12:06:14,776c971a4494606af6520e0dc85b634a279561599a11de347752a177a4cd33ac,high,False
SS-02055,machinery_fault_0254.wav,audio data/machinery_fault/machinery_fault_0254.wav,machinery_fault,Machinery Fault,3.0,16000,1,PCM_16,96044,WAV,industrial/indoor,digital microphone / synthetic,1-10m,original,train,2026-09-27 12:06:14,7eb896d5db5c35bd273ac829a85d3acaa20b2c636f16942cf896b8429bbc90b4,high,False
SS-02056,machinery_fault_0255.wav,audio data/machinery_fault/machinery_fault_0255.wav,machinery_fault,Machinery Fault,3.0,16000,1,PCM_16,96044,WAV,industrial/indoor,digital microphone / synthetic,1-10m,original,train,2026-09-27 12:06:14,5ac546dd2abe736cac8c2cbc90951b121a59741f85cd1b3f0cc64cbfee6e82a1,high,False
SS-02057,machinery_fault_0256.wav,audio data/machinery_fault/machinery_fault_0256.wav,machinery_fault,Machinery Fault,3.0,16000,1,PCM_16,96044,WAV,industrial/indoor,digital microphone / synthetic,1-10m,original,train,2026-09-27 12:06:14,d85227d295d70f63a5f97d518199877bba83e5f8facd17632fb99c37ef07b2cb,high,False
SS-02058,machinery_fault_0257.wav,audio data/machinery_fault/machinery_fault_0257.wav,machinery_fault,Machinery Fault,3.0,16000,1,PCM_16,96044,WAV,industrial/indoor,digital microphone / synthetic,1-10m,original,train,2026-09-27 12:06:14,ec8478e2df8834102e513080f09f601bcc99a5e50166ad90c02ccf047a13cfa5,high,False
SS-02059,machinery_fault_0258.wav,audio data/machinery_fault/machinery_fault_0258.wav,machinery_fault,Machinery Fault,3.0,16000,1,PCM_16,96044,WAV,industrial/indoor,digital microphone / synthetic,1-10m,original,test,2026-09-27 12:06:14,0451ed94fe479759eaab77560aedadfd40771e5ed25cd94b6a3632e0b90ce574,high,False
SS-02060,machinery_fault_0259.wav,audio data/machinery_fault/machinery_fault_0259.wav,machinery_fault,Machinery Fault,3.0,16000,1,PCM_16,96044,WAV,industrial/indoor,digital microphone / synthetic,1-10m,original,train,2026-09-27 12:06:14,908b654f51205798adc2ea1445b15f0c83ddfd3d1db9530722fa6905fec18e1f,high,False
SS-02061,machinery_fault_0260.wav,audio data/machinery_fault/machinery_fault_0260.wav,machinery_fault,Machinery Fault,3.0,16000,1,PCM_16,96044,WAV,industrial/indoor,digital microphone / synthetic,1-10m,original,test,2026-09-27 12:06:14,4cab637b1ea0b9cf9b46aef98b4568c3275a481f8f67d88a85752a8911f0e287,high,False
SS-02062,machinery_fault_0261.wav,audio data/machinery_fault/machinery_fault_0261.wav,machinery_fault,Machinery Fault,3.0,16000,1,PCM_16,96044,WAV,industrial/indoor,digital microphone / synthetic,1-10m,original,train,2026-09-27 12:06:14,545602d02823ce5df2d9b0cf5579321b73ecb96caf7af2bbdab48a275b969224,high,False
SS-02063,machinery_fault_0262.wav,audio data/machinery_fault/machinery_fault_0262.wav,machinery_fault,Machinery Fault,3.0,16000,1,PCM_16,96044,WAV,industrial/indoor,digital microphone / synthetic,1-10m,original,train,2026-09-27 12:06:14,d9d19e2fb514ce431f790438228af0d3712812d2f2a0b97a556110946c8d4844,high,False
SS-02064,machinery_fault_0263.wav,audio data/machinery_fault/machinery_fault_0263.wav,machinery_fault,Machinery Fault,3.0,16000,1,PCM_16,96044,WAV,industrial/indoor,digital microphone / synthetic,1-10m,original,train,2026-09-27 12:06:14,f82e593de785955436d4a56f9ef72dcd257c714d6f2e62731a20060e87e8a8fd,high,False
SS-02065,machinery_fault_0264.wav,audio data/machinery_fault/machinery_fault_0264.wav,machinery_fault,Machinery Fault,3.0,16000,1,PCM_16,96044,WAV,industrial/indoor,digital microphone / synthetic,1-10m,original,train,2026-09-27 12:06:14,c5754f4117198224dcb7931acbb0f4786f0d5ba7f6c118edfe3a944cc1eb1ecf,high,False
SS-02066,machinery_fault_0265.wav,audio data/machinery_fault/machinery_fault_0265.wav,machinery_fault,Machinery Fault,3.0,16000,1,PCM_16,96044,WAV,industrial/indoor,digital microphone / synthetic,1-10m,original,train,2026-09-27 12:06:14,6f2ff43b2585e6c5b7cadbbb9fb18fc0077329b19032fbaf59407b598b0ecff0,high,False
SS-02067,machinery_fault_0266.wav,audio data/machinery_fault/machinery_fault_0266.wav,machinery_fault,Machinery Fault,3.0,16000,1,PCM_16,96044,WAV,industrial/indoor,digital microphone / synthetic,1-10m,original,validation,2026-09-27 12:06:14,3d5e27150e9c6c392e89407d0a841b7dce3617c7030aa96f1c7ce9217fd8a15f,high,False
SS-02068,machinery_fault_0267.wav,audio data/machinery_fault/machinery_fault_0267.wav,machinery_fault,Machinery Fault,3.0,16000,1,PCM_16,96044,WAV,industrial/indoor,digital microphone / synthetic,1-10m,original,train,2026-09-27 12:06:14,3d184fd044859f45053dd71317bfaefa042a8f15e9a0ab90a53436220b2415d9,high,False
SS-02069,machinery_fault_0268.wav,audio data/machinery_fault/machinery_fault_0268.wav,machinery_fault,Machinery Fault,3.0,16000,1,PCM_16,96044,WAV,industrial/indoor,digital microphone / synthetic,1-10m,original,train,2026-09-27 12:06:14,5e1a59c0a9b63ebb9cf9608b946fce8f613b74ea85ab695550a0793d989f9f7c,high,False
SS-02070,machinery_fault_0269.wav,audio data/machinery_fault/machinery_fault_0269.wav,machinery_fault,Machinery Fault,3.0,16000,1,PCM_16,96044,WAV,industrial/indoor,digital microphone / synthetic,1-10m,original,train,2026-09-27 12:06:14,8fe6ec85187130a6f4e79310857c9ab6fc5865593204c58461af2ed5646a5db6,high,False
SS-02071,machinery_fault_0270.wav,audio data/machinery_fault/machinery_fault_0270.wav,machinery_fault,Machinery Fault,3.0,16000,1,PCM_16,96044,WAV,industrial/indoor,digital microphone / synthetic,1-10m,original,test,2026-09-27 12:06:14,4b05aa0558906285ad75231143111f2b2f978987a6fca87c424ffbb6f3cacd0f,high,False
SS-02072,machinery_fault_0271.wav,audio data/machinery_fault/machinery_fault_0271.wav,machinery_fault,Machinery Fault,3.0,16000,1,PCM_16,96044,WAV,industrial/indoor,digital microphone / synthetic,1-10m,original,train,2026-09-27 12:06:14,7575d91d5505d4f9e3d7cd281165054d4fed07aeaba4437f91c01969f197528f,high,False
SS-02073,machinery_fault_0272.wav,audio data/machinery_fault/machinery_fault_0272.wav,machinery_fault,Machinery Fault,3.0,16000,1,PCM_16,96044,WAV,industrial/indoor,digital microphone / synthetic,1-10m,original,train,2026-09-27 12:06:14,621d9c9d1c17c41ebb075007d0b1372ab3fa87bb6504350dd5093e359c5959df,high,False
SS-02074,machinery_fault_0273.wav,audio data/machinery_fault/machinery_fault_0273.wav,machinery_fault,Machinery Fault,3.0,16000,1,PCM_16,96044,WAV,industrial/indoor,digital microphone / synthetic,1-10m,original,train,2026-09-27 12:06:14,94ec3b7b45680904b66baed35fcb4b5fa7837e186f859cc41f6277b0eee3ebc4,high,False
SS-02075,machinery_fault_0274.wav,audio data/machinery_fault/machinery_fault_0274.wav,machinery_fault,Machinery Fault,3.0,16000,1,PCM_16,96044,WAV,industrial/indoor,digital microphone / synthetic,1-10m,original,train,2026-09-27 12:06:14,9814ff2aa2acf0aab2e23fcaa9979db9a1e63cc39e9dd9a27b737f161453db37,high,False
SS-02076,machinery_fault_0275.wav,audio data/machinery_fault/machinery_fault_0275.wav,machinery_fault,Machinery Fault,3.0,16000,1,PCM_16,96044,WAV,industrial/indoor,digital microphone / synthetic,1-10m,original,train,2026-09-27 12:06:14,dbc358b9dbbe126bdac4d294b7f70fe5ed045a96c6aaf7c3ad0f3a86b55f6ff7,high,False
SS-02077,machinery_fault_0276.wav,audio data/machinery_fault/machinery_fault_0276.wav,machinery_fault,Machinery Fault,3.0,16000,1,PCM_16,96044,WAV,industrial/indoor,digital microphone / synthetic,1-10m,original,train,2026-09-27 12:06:14,82757dd208b9dbf7fba3d0ba0d0196553bcd6d8bc459675bdeccd1a6cf2bf268,high,False
SS-02078,machinery_fault_0277.wav,audio data/machinery_fault/machinery_fault_0277.wav,machinery_fault,Machinery Fault,3.0,16000,1,PCM_16,96044,WAV,industrial/indoor,digital microphone / synthetic,1-10m,original,test,2026-09-27 12:06:14,76e58b273720513565c1e91fe9ddcf4cbdd044836a1092c621036c6c05250003,high,False
SS-02079,machinery_fault_0278.wav,audio data/machinery_fault/machinery_fault_0278.wav,machinery_fault,Machinery Fault,3.0,16000,1,PCM_16,96044,WAV,industrial/indoor,digital microphone / synthetic,1-10m,original,train,2026-09-27 12:06:14,a334b893fe87cd9b6afddb74b0bfa59efc55d27128c53ee9c1e87a700fc0e00b,high,False
SS-02080,machinery_fault_0279.wav,audio data/machinery_fault/machinery_fault_0279.wav,machinery_fault,Machinery Fault,3.0,16000,1,PCM_16,96044,WAV,industrial/indoor,digital microphone / synthetic,1-10m,original,train,2026-09-27 12:06:14,5c45e2a714f1fa6568ea75896ba469be408bae7c20be8026688bceada8808e70,high,False
SS-02081,machinery_fault_0280.wav,audio data/machinery_fault/machinery_fault_0280.wav,machinery_fault,Machinery Fault,3.0,16000,1,PCM_16,96044,WAV,industrial/indoor,digital microphone / synthetic,1-10m,original,train,2026-09-27 12:06:14,5276547815dcc8a3e2bc3050fb5336eb8ed668d8da025e56d9c5d51eba3e22f2,high,False
SS-02082,machinery_fault_0281.wav,audio data/machinery_fault/machinery_fault_0281.wav,machinery_fault,Machinery Fault,3.0,16000,1,PCM_16,96044,WAV,industrial/indoor,digital microphone / synthetic,1-10m,original,train,2026-09-27 12:06:14,a198cffac8e99fdad237430d3f24eeded188d109866f1f195a9113c216370cdc,high,False
SS-02083,machinery_fault_0282.wav,audio data/machinery_fault/machinery_fault_0282.wav,machinery_fault,Machinery Fault,3.0,16000,1,PCM_16,96044,WAV,industrial/indoor,digital microphone / synthetic,1-10m,original,train,2026-09-27 12:06:14,c5092e41ce4a4dc8cbe12c160ad2f18c8ed9db9eb8449aa018d47634658a6ff0,high,False
SS-02084,machinery_fault_0283.wav,audio data/machinery_fault/machinery_fault_0283.wav,machinery_fault,Machinery Fault,3.0,16000,1,PCM_16,96044,WAV,industrial/indoor,digital microphone / synthetic,1-10m,original,train,2026-09-27 12:06:14,f50753d24d16b360bdb16a81321be20e6419709d89bdee3ca3817ef62fa30805,high,False
SS-02085,machinery_fault_0284.wav,audio data/machinery_fault/machinery_fault_0284.wav,machinery_fault,Machinery Fault,3.0,16000,1,PCM_16,96044,WAV,industrial/indoor,digital microphone / synthetic,1-10m,original,train,2026-09-27 12:06:14,ce4161905d52a37989008dfd61f96ebf68be416b968cdcaba8e29fbc72d4b0c8,high,False
SS-02086,machinery_fault_0285.wav,audio data/machinery_fault/machinery_fault_0285.wav,machinery_fault,Machinery Fault,3.0,16000,1,PCM_16,96044,WAV,industrial/indoor,digital microphone / synthetic,1-10m,original,train,2026-09-27 12:06:14,8ccc48fd6dff2a0a0f75d7e5f5fb32b9bc84613beb1a7a46677b2e6bf62f04c6,high,False
SS-02087,machinery_fault_0286.wav,audio data/machinery_fault/machinery_fault_0286.wav,machinery_fault,Machinery Fault,3.0,16000,1,PCM_16,96044,WAV,industrial/indoor,digital microphone / synthetic,1-10m,original,train,2026-09-27 12:06:14,10ca2b295f76d14cc959463dfef33a3cad36c9c0ecb87e416f4ba5c4385de1c7,high,False
SS-02088,machinery_fault_0287.wav,audio data/machinery_fault/machinery_fault_0287.wav,machinery_fault,Machinery Fault,3.0,16000,1,PCM_16,96044,WAV,industrial/indoor,digital microphone / synthetic,1-10m,original,train,2026-09-27 12:06:14,0a51e9e47723ffedfba0a03cd24312056d51c495d4c6fa134b781cc1fb2e934a,high,False
SS-02089,machinery_fault_0288.wav,audio data/machinery_fault/machinery_fault_0288.wav,machinery_fault,Machinery Fault,3.0,16000,1,PCM_16,96044,WAV,industrial/indoor,digital microphone / synthetic,1-10m,original,validation,2026-09-27 12:06:14,d13c17b707e7a99c91a35c8fd3555afd45fa8e79c6d90a7edba22505ba287dcf,high,False
SS-02090,machinery_fault_0289.wav,audio data/machinery_fault/machinery_fault_0289.wav,machinery_fault,Machinery Fault,3.0,16000,1,PCM_16,96044,WAV,industrial/indoor,digital microphone / synthetic,1-10m,original,train,2026-09-27 12:06:14,75e99831a06a4dcfbdc8be4820d3a7918beeacfb220eafd5eb96c9dc4b2ab95b,high,False
SS-02091,machinery_fault_0290.wav,audio data/machinery_fault/machinery_fault_0290.wav,machinery_fault,Machinery Fault,3.0,16000,1,PCM_16,96044,WAV,industrial/indoor,digital microphone / synthetic,1-10m,original,train,2026-09-27 12:06:14,f52e6ad2975e84db2bf8bf2c9a3cf8e83dc08419b8eb61eac524f71df72e13f3,high,False
SS-02092,machinery_fault_0291.wav,audio data/machinery_fault/machinery_fault_0291.wav,machinery_fault,Machinery Fault,3.0,16000,1,PCM_16,96044,WAV,industrial/indoor,digital microphone / synthetic,1-10m,original,train,2026-09-27 12:06:14,ece19e12d0b5ab0b8c8e8b6de58cf4bdcea8ec08089f2af751b59850ca4cfa98,high,False
SS-02093,machinery_fault_0292.wav,audio data/machinery_fault/machinery_fault_0292.wav,machinery_fault,Machinery Fault,3.0,16000,1,PCM_16,96044,WAV,industrial/indoor,digital microphone / synthetic,1-10m,original,train,2026-09-27 12:06:14,6c1182f5af598aa55ab7b74f805ed7b24d9dc38f6ee9c92c64b1e71f1aef533d,high,False
SS-02094,machinery_fault_0293.wav,audio data/machinery_fault/machinery_fault_0293.wav,machinery_fault,Machinery Fault,3.0,16000,1,PCM_16,96044,WAV,industrial/indoor,digital microphone / synthetic,1-10m,original,train,2026-09-27 12:06:14,9a3cf25c55ad8ea7526cdb0823dd9d6dcf28a6cc5819d22bd97bc8e3011cf443,high,False
SS-02095,machinery_fault_0294.wav,audio data/machinery_fault/machinery_fault_0294.wav,machinery_fault,Machinery Fault,3.0,16000,1,PCM_16,96044,WAV,industrial/indoor,digital microphone / synthetic,1-10m,original,validation,2026-09-27 12:06:14,831f1755956acad3f264cc1f405d9b8326268ad3a60a5aa2744779e124594621,high,False
SS-02096,machinery_fault_0295.wav,audio data/machinery_fault/machinery_fault_0295.wav,machinery_fault,Machinery Fault,3.0,16000,1,PCM_16,96044,WAV,industrial/indoor,digital microphone / synthetic,1-10m,original,validation,2026-09-27 12:06:14,3be1a446ba26d431468385c6710322665cb997d2543d2306d0390a1cfc99f0ca,high,False
SS-02097,machinery_fault_0296.wav,audio data/machinery_fault/machinery_fault_0296.wav,machinery_fault,Machinery Fault,3.0,16000,1,PCM_16,96044,WAV,industrial/indoor,digital microphone / synthetic,1-10m,original,train,2026-09-27 12:06:14,5267a0e39b75f47c2c86a88a5af1967904e5ed40091839bdf4d4fe56155bfa8e,high,False
SS-02098,machinery_fault_0297.wav,audio data/machinery_fault/machinery_fault_0297.wav,machinery_fault,Machinery Fault,3.0,16000,1,PCM_16,96044,WAV,industrial/indoor,digital microphone / synthetic,1-10m,original,train,2026-09-27 12:06:14,435a319346bc1f91b9234ce6812fe400fc1e817341c49ff59c3abb6278444b7a,high,False
SS-02099,machinery_fault_0298.wav,audio data/machinery_fault/machinery_fault_0298.wav,machinery_fault,Machinery Fault,3.0,16000,1,PCM_16,96044,WAV,industrial/indoor,digital microphone / synthetic,1-10m,original,train,2026-09-27 12:06:14,a263313dafc842030e5d1c44b3c9f89302d4ba271aec929ca9f6f469eaaf0acb,high,False
SS-02100,machinery_fault_0299.wav,audio data/machinery_fault/machinery_fault_0299.wav,machinery_fault,Machinery Fault,3.0,16000,1,PCM_16,96044,WAV,industrial/indoor,digital microphone / synthetic,1-10m,original,test,2026-09-27 12:06:14,a10782d8379a481a8d9966cdb443db29b6b5912fb784a2b596d71440165cd2f8,high,False
SS-02101,machinery_fault_0300.wav,audio data/machinery_fault/machinery_fault_0300.wav,machinery_fault,Machinery Fault,3.0,16000,1,PCM_16,96044,WAV,industrial/indoor,digital microphone / synthetic,1-10m,original,test,2026-09-27 12:06:14,6b5d8277083008e134563e952bf0999a8464f5fb9fb243ad25c167ba25fd1567,high,False
SS-02102,panic_scream_0001.wav,audio data/panic_scream/panic_scream_0001.wav,panic_scream,Panic Scream,3.0,16000,1,PCM_16,96044,WAV,indoor/outdoor,digital microphone / synthetic,1-15m,original,train,2026-09-27 12:06:14,9266cc0506ac764ed29a865411fa4d8f979634a6ee93d6d67577053910fe829e,critical,True
SS-02103,panic_scream_0002.wav,audio data/panic_scream/panic_scream_0002.wav,panic_scream,Panic Scream,3.0,16000,1,PCM_16,96044,WAV,indoor/outdoor,digital microphone / synthetic,1-15m,original,train,2026-09-27 12:06:14,208fb20a60746b8cbbf78c96dfbe707830971f1c44365b2fb4817985fac350a7,critical,True
SS-02104,panic_scream_0003.wav,audio data/panic_scream/panic_scream_0003.wav,panic_scream,Panic Scream,3.0,16000,1,PCM_16,96044,WAV,indoor/outdoor,digital microphone / synthetic,1-15m,original,train,2026-09-27 12:06:14,54f41ee7fe9cdb327c01e5eb2d5c7081fc16fd67253543de8d09f826d8996e4c,critical,True
SS-02105,panic_scream_0004.wav,audio data/panic_scream/panic_scream_0004.wav,panic_scream,Panic Scream,3.0,16000,1,PCM_16,96044,WAV,indoor/outdoor,digital microphone / synthetic,1-15m,original,train,2026-09-27 12:06:14,195fa2014d438ac87729074793eac37a904117391bbd3ea1da2bd7ca69eab1b0,critical,True
SS-02106,panic_scream_0005.wav,audio data/panic_scream/panic_scream_0005.wav,panic_scream,Panic Scream,3.0,16000,1,PCM_16,96044,WAV,indoor/outdoor,digital microphone / synthetic,1-15m,original,train,2026-09-27 12:06:14,f96ca89dc8fc72164a20a7f990a8d90a8bdedffd2e751e6b0e55223e5493767b,critical,True
SS-02107,panic_scream_0006.wav,audio data/panic_scream/panic_scream_0006.wav,panic_scream,Panic Scream,3.0,16000,1,PCM_16,96044,WAV,indoor/outdoor,digital microphone / synthetic,1-15m,original,train,2026-09-27 12:06:14,26e596a0666b61d9a6aae8bc40ef19aa430f87a763dd9adb54577edb41e318ce,critical,True
SS-02108,panic_scream_0007.wav,audio data/panic_scream/panic_scream_0007.wav,panic_scream,Panic Scream,3.0,16000,1,PCM_16,96044,WAV,indoor/outdoor,digital microphone / synthetic,1-15m,original,train,2026-09-27 12:06:14,f990cd9f54b1ac6b27fa895e204161a26d9e18ca900413f755801cf8dd77e2de,critical,True
SS-02109,panic_scream_0008.wav,audio data/panic_scream/panic_scream_0008.wav,panic_scream,Panic Scream,3.0,16000,1,PCM_16,96044,WAV,indoor/outdoor,digital microphone / synthetic,1-15m,original,train,2026-09-27 12:06:14,9f7da2152a674bffb7f62d0de4b6558fcf16a6b633dd07f95c0f1786cdf2b8d0,critical,True
SS-02110,panic_scream_0009.wav,audio data/panic_scream/panic_scream_0009.wav,panic_scream,Panic Scream,3.0,16000,1,PCM_16,96044,WAV,indoor/outdoor,digital microphone / synthetic,1-15m,original,train,2026-09-27 12:06:14,098095488bd3f200976e193b1f1ba072a683a56aad923903c2560bff7dfbafaf,critical,True
SS-02111,panic_scream_0010.wav,audio data/panic_scream/panic_scream_0010.wav,panic_scream,Panic Scream,3.0,16000,1,PCM_16,96044,WAV,indoor/outdoor,digital microphone / synthetic,1-15m,original,train,2026-09-27 12:06:14,e6611200a4b9e9006abe85dd7bedc82010026c936c7fcda047ad67b70fb91f92,critical,True
SS-02112,panic_scream_0011.wav,audio data/panic_scream/panic_scream_0011.wav,panic_scream,Panic Scream,3.0,16000,1,PCM_16,96044,WAV,indoor/outdoor,digital microphone / synthetic,1-15m,original,train,2026-09-27 12:06:14,7d4481c6984943041dc17db2520d016809c3d77354b3372110856cb86520bd22,critical,True
SS-02113,panic_scream_0012.wav,audio data/panic_scream/panic_scream_0012.wav,panic_scream,Panic Scream,3.0,16000,1,PCM_16,96044,WAV,indoor/outdoor,digital microphone / synthetic,1-15m,original,train,2026-09-27 12:06:14,815bd565922c754b878341c09b78e86612cb40758dbd74e66f08234725ce8791,critical,True
SS-02114,panic_scream_0013.wav,audio data/panic_scream/panic_scream_0013.wav,panic_scream,Panic Scream,3.0,16000,1,PCM_16,96044,WAV,indoor/outdoor,digital microphone / synthetic,1-15m,original,train,2026-09-27 12:06:14,93063bac566ad7f28a217bc4184ad49b78c139ba49de77b218198378a62a24c5,critical,True
SS-02115,panic_scream_0014.wav,audio data/panic_scream/panic_scream_0014.wav,panic_scream,Panic Scream,3.0,16000,1,PCM_16,96044,WAV,indoor/outdoor,digital microphone / synthetic,1-15m,original,test,2026-09-27 12:06:14,3f12b1d48e768635869c71f84b646fe8c4fb33b71bc73b60914d549ce2b230af,critical,True
SS-02116,panic_scream_0015.wav,audio data/panic_scream/panic_scream_0015.wav,panic_scream,Panic Scream,3.0,16000,1,PCM_16,96044,WAV,indoor/outdoor,digital microphone / synthetic,1-15m,original,validation,2026-09-27 12:06:14,d3dda0f27eff6e72b7e93cdbbe7587172d2b5e0e21c5a9e1284ae908e0e64de3,critical,True
SS-02117,panic_scream_0016.wav,audio data/panic_scream/panic_scream_0016.wav,panic_scream,Panic Scream,3.0,16000,1,PCM_16,96044,WAV,indoor/outdoor,digital microphone / synthetic,1-15m,original,train,2026-09-27 12:06:14,7c091b0fbadb4e35802778e7d3e5aeb001b6be088ecb629cc40afe4a6260d3bf,critical,True
SS-02118,panic_scream_0017.wav,audio data/panic_scream/panic_scream_0017.wav,panic_scream,Panic Scream,3.0,16000,1,PCM_16,96044,WAV,indoor/outdoor,digital microphone / synthetic,1-15m,original,train,2026-09-27 12:06:14,6f2ce7fe083cafe5832072991e407866175cd2f18b58cd488fa9c7c7165475c6,critical,True
SS-02119,panic_scream_0018.wav,audio data/panic_scream/panic_scream_0018.wav,panic_scream,Panic Scream,3.0,16000,1,PCM_16,96044,WAV,indoor/outdoor,digital microphone / synthetic,1-15m,original,train,2026-09-27 12:06:14,c6c46eda6e99774854c8f2aecca7d82d1580406e408ec97bc3d9a7e378add327,critical,True
SS-02120,panic_scream_0019.wav,audio data/panic_scream/panic_scream_0019.wav,panic_scream,Panic Scream,3.0,16000,1,PCM_16,96044,WAV,indoor/outdoor,digital microphone / synthetic,1-15m,original,validation,2026-09-27 12:06:14,af6694b05f0b22ceda9584bbc5f55d2be7cca80a4ec9694f813d7711eb7c500e,critical,True
SS-02121,panic_scream_0020.wav,audio data/panic_scream/panic_scream_0020.wav,panic_scream,Panic Scream,3.0,16000,1,PCM_16,96044,WAV,indoor/outdoor,digital microphone / synthetic,1-15m,original,train,2026-09-27 12:06:14,300512c0ed33e00db58b84136a7c208cfc79796459f8f62d2d5b5a870ae3f6bf,critical,True
SS-02122,panic_scream_0021.wav,audio data/panic_scream/panic_scream_0021.wav,panic_scream,Panic Scream,3.0,16000,1,PCM_16,96044,WAV,indoor/outdoor,digital microphone / synthetic,1-15m,original,validation,2026-09-27 12:06:14,00bbcdefd0352f9f8445693ada9c495b4f993ce35a2c2c899426c6eaebafa74d,critical,True
SS-02123,panic_scream_0022.wav,audio data/panic_scream/panic_scream_0022.wav,panic_scream,Panic Scream,3.0,16000,1,PCM_16,96044,WAV,indoor/outdoor,digital microphone / synthetic,1-15m,original,train,2026-09-27 12:06:14,c296da565399eece1fb1534299f43528e11bb47fbf1061e4fdc1c90b6ae59628,critical,True
SS-02124,panic_scream_0023.wav,audio data/panic_scream/panic_scream_0023.wav,panic_scream,Panic Scream,3.0,16000,1,PCM_16,96044,WAV,indoor/outdoor,digital microphone / synthetic,1-15m,original,train,2026-09-27 12:06:14,264d97963d6b4c44c4415b962c3b86c7d5a14778474c9839b7a9ab42371ef888,critical,True
SS-02125,panic_scream_0024.wav,audio data/panic_scream/panic_scream_0024.wav,panic_scream,Panic Scream,3.0,16000,1,PCM_16,96044,WAV,indoor/outdoor,digital microphone / synthetic,1-15m,original,train,2026-09-27 12:06:14,a978e57c19ea35953b729b215739af9e1486ca11220106d35f14bed1f9d3abf9,critical,True
SS-02126,panic_scream_0025.wav,audio data/panic_scream/panic_scream_0025.wav,panic_scream,Panic Scream,3.0,16000,1,PCM_16,96044,WAV,indoor/outdoor,digital microphone / synthetic,1-15m,original,train,2026-09-27 12:06:14,3c39c85ad3c14db1b9b7872a44f722156724bfbdb6e8b6ce0c14aa0b0612744a,critical,True
SS-02127,panic_scream_0026.wav,audio data/panic_scream/panic_scream_0026.wav,panic_scream,Panic Scream,3.0,16000,1,PCM_16,96044,WAV,indoor/outdoor,digital microphone / synthetic,1-15m,original,train,2026-09-27 12:06:14,b3f31ad87d0e0a26faed8e4aa11a41a26a21ae88d19c317cdf8d306d7cfc9cb4,critical,True
SS-02128,panic_scream_0027.wav,audio data/panic_scream/panic_scream_0027.wav,panic_scream,Panic Scream,3.0,16000,1,PCM_16,96044,WAV,indoor/outdoor,digital microphone / synthetic,1-15m,original,train,2026-09-27 12:06:14,56f72cf21250b7ae9a3785193e14df7ee0f07123c142e9ed4e1d84dd4abb87b9,critical,True
SS-02129,panic_scream_0028.wav,audio data/panic_scream/panic_scream_0028.wav,panic_scream,Panic Scream,3.0,16000,1,PCM_16,96044,WAV,indoor/outdoor,digital microphone / synthetic,1-15m,original,train,2026-09-27 12:06:14,bad2d7077ee2228c33c2c596c36fc954ab1ea3ccd484103fd287b8b540d9d972,critical,True
SS-02130,panic_scream_0029.wav,audio data/panic_scream/panic_scream_0029.wav,panic_scream,Panic Scream,3.0,16000,1,PCM_16,96044,WAV,indoor/outdoor,digital microphone / synthetic,1-15m,original,train,2026-09-27 12:06:14,228e8f603de4243b6855814fc5cad9ba70e71557123c30d1e2238b2392675af1,critical,True
SS-02131,panic_scream_0030.wav,audio data/panic_scream/panic_scream_0030.wav,panic_scream,Panic Scream,3.0,16000,1,PCM_16,96044,WAV,indoor/outdoor,digital microphone / synthetic,1-15m,original,train,2026-09-27 12:06:14,055aad92a77ff00dbddda07eadccc3d2aad2df921c0cd857b6203393e4c917ce,critical,True
SS-02132,panic_scream_0031.wav,audio data/panic_scream/panic_scream_0031.wav,panic_scream,Panic Scream,3.0,16000,1,PCM_16,96044,WAV,indoor/outdoor,digital microphone / synthetic,1-15m,original,train,2026-09-27 12:06:14,e194655e287a29a7748e97cbe2ee4d595c8f72fbac32e6cc6e7f04ef432672b1,critical,True
SS-02133,panic_scream_0032.wav,audio data/panic_scream/panic_scream_0032.wav,panic_scream,Panic Scream,3.0,16000,1,PCM_16,96044,WAV,indoor/outdoor,digital microphone / synthetic,1-15m,original,validation,2026-09-27 12:06:14,fae930d19d781022acf95be146b218b4675cc99e3932fb07c0d524ed9a4ecf40,critical,True
SS-02134,panic_scream_0033.wav,audio data/panic_scream/panic_scream_0033.wav,panic_scream,Panic Scream,3.0,16000,1,PCM_16,96044,WAV,indoor/outdoor,digital microphone / synthetic,1-15m,original,validation,2026-09-27 12:06:14,1697d2632609233c561437790af21a8b4674512d999e3035229150a576ddff2e,critical,True
SS-02135,panic_scream_0034.wav,audio data/panic_scream/panic_scream_0034.wav,panic_scream,Panic Scream,3.0,16000,1,PCM_16,96044,WAV,indoor/outdoor,digital microphone / synthetic,1-15m,original,test,2026-09-27 12:06:14,657587c780ff375319f519b5e7f40ce977ac298d435816578f0ce4cba0dcc6b2,critical,True
SS-02136,panic_scream_0035.wav,audio data/panic_scream/panic_scream_0035.wav,panic_scream,Panic Scream,3.0,16000,1,PCM_16,96044,WAV,indoor/outdoor,digital microphone / synthetic,1-15m,original,train,2026-09-27 12:06:14,6a2c94e1b4ad56ec973befcd3440cc22041f09d2b859f56a39b21f9b52cfb79c,critical,True
SS-02137,panic_scream_0036.wav,audio data/panic_scream/panic_scream_0036.wav,panic_scream,Panic Scream,3.0,16000,1,PCM_16,96044,WAV,indoor/outdoor,digital microphone / synthetic,1-15m,original,train,2026-09-27 12:06:14,efa60ee69965e4753c55c2ce80d24ffea08c7709dabfecd87d7b8ded221c8c58,critical,True
SS-02138,panic_scream_0037.wav,audio data/panic_scream/panic_scream_0037.wav,panic_scream,Panic Scream,3.0,16000,1,PCM_16,96044,WAV,indoor/outdoor,digital microphone / synthetic,1-15m,original,train,2026-09-27 12:06:14,d0dd8ea7adca79c1157419b157add32b1a24a7f4a6744b897776ffc7261f68e8,critical,True
SS-02139,panic_scream_0038.wav,audio data/panic_scream/panic_scream_0038.wav,panic_scream,Panic Scream,3.0,16000,1,PCM_16,96044,WAV,indoor/outdoor,digital microphone / synthetic,1-15m,original,test,2026-09-27 12:06:14,4d88e52c2a39bb7562cf46f37f773f2574a301763dcf8d8dc0e88b08cf0b4db9,critical,True
SS-02140,panic_scream_0039.wav,audio data/panic_scream/panic_scream_0039.wav,panic_scream,Panic Scream,3.0,16000,1,PCM_16,96044,WAV,indoor/outdoor,digital microphone / synthetic,1-15m,original,train,2026-09-27 12:06:14,27cb8ecd3532977cc18d28b0419c8f2d8ff74fe6a7cf61aa649c3193014a780a,critical,True
SS-02141,panic_scream_0040.wav,audio data/panic_scream/panic_scream_0040.wav,panic_scream,Panic Scream,3.0,16000,1,PCM_16,96044,WAV,indoor/outdoor,digital microphone / synthetic,1-15m,original,validation,2026-09-27 12:06:14,7df6437d04d9b71d5f0e65f1c31f58792dda05045688eede560ce6711a0fa759,critical,True
SS-02142,panic_scream_0041.wav,audio data/panic_scream/panic_scream_0041.wav,panic_scream,Panic Scream,3.0,16000,1,PCM_16,96044,WAV,indoor/outdoor,digital microphone / synthetic,1-15m,original,train,2026-09-27 12:06:14,b2acce35d58a26e0dc1ee36c4f6b78a012a88b5fe06294b1f817583e13398110,critical,True
SS-02143,panic_scream_0042.wav,audio data/panic_scream/panic_scream_0042.wav,panic_scream,Panic Scream,3.0,16000,1,PCM_16,96044,WAV,indoor/outdoor,digital microphone / synthetic,1-15m,original,validation,2026-09-27 12:06:14,e4cee523ae5565b7bc7b97a4e376af20d6158e207ce409b38c9a7bfe8dae0b51,critical,True
SS-02144,panic_scream_0043.wav,audio data/panic_scream/panic_scream_0043.wav,panic_scream,Panic Scream,3.0,16000,1,PCM_16,96044,WAV,indoor/outdoor,digital microphone / synthetic,1-15m,original,validation,2026-09-27 12:06:14,a8fcda82df6d851a324c69acdb2edafcd3ef2afd1f4bd97f3b517f30b8bd3769,critical,True
SS-02145,panic_scream_0044.wav,audio data/panic_scream/panic_scream_0044.wav,panic_scream,Panic Scream,3.0,16000,1,PCM_16,96044,WAV,indoor/outdoor,digital microphone / synthetic,1-15m,original,train,2026-09-27 12:06:14,b905e08bae15b9029ff9afb737d62f3c6ea74eef0d9ec51c4442e358a1b7a96e,critical,True
SS-02146,panic_scream_0045.wav,audio data/panic_scream/panic_scream_0045.wav,panic_scream,Panic Scream,3.0,16000,1,PCM_16,96044,WAV,indoor/outdoor,digital microphone / synthetic,1-15m,original,test,2026-09-27 12:06:14,0bff2d9afb61dd8202a17327d5bf99d1dd523edcdef02c65ac632d93639fed49,critical,True
SS-02147,panic_scream_0046.wav,audio data/panic_scream/panic_scream_0046.wav,panic_scream,Panic Scream,3.0,16000,1,PCM_16,96044,WAV,indoor/outdoor,digital microphone / synthetic,1-15m,original,train,2026-09-27 12:06:14,07a7f69656e82220b4890563d99602d7969b9d898662d2d9a454634f4aa5a179,critical,True
SS-02148,panic_scream_0047.wav,audio data/panic_scream/panic_scream_0047.wav,panic_scream,Panic Scream,3.0,16000,1,PCM_16,96044,WAV,indoor/outdoor,digital microphone / synthetic,1-15m,original,validation,2026-09-27 12:06:14,b30435378b4be84b846189846b5a2f020944287e0198df45b14a3f84c8442570,critical,True
SS-02149,panic_scream_0048.wav,audio data/panic_scream/panic_scream_0048.wav,panic_scream,Panic Scream,3.0,16000,1,PCM_16,96044,WAV,indoor/outdoor,digital microphone / synthetic,1-15m,original,train,2026-09-27 12:06:14,2e1550b23ef303d63d8c231ad28a07bfb220f56f830637a1b45312db879a133d,critical,True
SS-02150,panic_scream_0049.wav,audio data/panic_scream/panic_scream_0049.wav,panic_scream,Panic Scream,3.0,16000,1,PCM_16,96044,WAV,indoor/outdoor,digital microphone / synthetic,1-15m,original,train,2026-09-27 12:06:14,e6396ce734257a18da9e013eb2cafcd19ec31726ec6291fd0e62773acbd98fa6,critical,True
SS-02151,panic_scream_0050.wav,audio data/panic_scream/panic_scream_0050.wav,panic_scream,Panic Scream,3.0,16000,1,PCM_16,96044,WAV,indoor/outdoor,digital microphone / synthetic,1-15m,original,train,2026-09-27 12:06:14,6741dd9ceea7b341ff28fef264df6402a35021f5190968cb8d99ed1ee879b9d5,critical,True
SS-02152,panic_scream_0051.wav,audio data/panic_scream/panic_scream_0051.wav,panic_scream,Panic Scream,3.0,16000,1,PCM_16,96044,WAV,indoor/outdoor,digital microphone / synthetic,1-15m,original,validation,2026-09-27 12:06:14,48a5f4884cd522b8210a9cc9a9d04c99dba8dd14feca84a9cb442e5191bf454e,critical,True
SS-02153,panic_scream_0052.wav,audio data/panic_scream/panic_scream_0052.wav,panic_scream,Panic Scream,3.0,16000,1,PCM_16,96044,WAV,indoor/outdoor,digital microphone / synthetic,1-15m,original,train,2026-09-27 12:06:14,f210f3f83206fb100815fa689e2f5288ae79e74cb88bb436a5e481ab9eec5358,critical,True
SS-02154,panic_scream_0053.wav,audio data/panic_scream/panic_scream_0053.wav,panic_scream,Panic Scream,3.0,16000,1,PCM_16,96044,WAV,indoor/outdoor,digital microphone / synthetic,1-15m,original,train,2026-09-27 12:06:14,5873ad1f0f772370c4687f77bd35950063e9a7c762884f3379bf760356fe33a7,critical,True
SS-02155,panic_scream_0054.wav,audio data/panic_scream/panic_scream_0054.wav,panic_scream,Panic Scream,3.0,16000,1,PCM_16,96044,WAV,indoor/outdoor,digital microphone / synthetic,1-15m,original,train,2026-09-27 12:06:14,9c278ffad00956fdad60c8a876d43bd23b06ef3262f90fd65f2091b14e936557,critical,True
SS-02156,panic_scream_0055.wav,audio data/panic_scream/panic_scream_0055.wav,panic_scream,Panic Scream,3.0,16000,1,PCM_16,96044,WAV,indoor/outdoor,digital microphone / synthetic,1-15m,original,train,2026-09-27 12:06:14,c4e38c6bb536466453d5ed77a816dc7d0824cde667e98675eb2cd0bd673a3ad9,critical,True
SS-02157,panic_scream_0056.wav,audio data/panic_scream/panic_scream_0056.wav,panic_scream,Panic Scream,3.0,16000,1,PCM_16,96044,WAV,indoor/outdoor,digital microphone / synthetic,1-15m,original,train,2026-09-27 12:06:14,c74537ce8d2597c2fcd3b2c487de33e3e166ebab93bec06e54b2682c6a7adff4,critical,True
SS-02158,panic_scream_0057.wav,audio data/panic_scream/panic_scream_0057.wav,panic_scream,Panic Scream,3.0,16000,1,PCM_16,96044,WAV,indoor/outdoor,digital microphone / synthetic,1-15m,original,train,2026-09-27 12:06:14,5b2b556701fc504cd3429d35950c14c9e87af8be9ecd8ade647658c24c901105,critical,True
SS-02159,panic_scream_0058.wav,audio data/panic_scream/panic_scream_0058.wav,panic_scream,Panic Scream,3.0,16000,1,PCM_16,96044,WAV,indoor/outdoor,digital microphone / synthetic,1-15m,original,validation,2026-09-27 12:06:14,9639228d002555afc0a0513e6619f8d81fcc875585546f9ff20121733e604a81,critical,True
SS-02160,panic_scream_0059.wav,audio data/panic_scream/panic_scream_0059.wav,panic_scream,Panic Scream,3.0,16000,1,PCM_16,96044,WAV,indoor/outdoor,digital microphone / synthetic,1-15m,original,train,2026-09-27 12:06:14,823857f113b81a6f69f9e301033f82af299f2f07f4523848787b451d9bfb42a1,critical,True
SS-02161,panic_scream_0060.wav,audio data/panic_scream/panic_scream_0060.wav,panic_scream,Panic Scream,3.0,16000,1,PCM_16,96044,WAV,indoor/outdoor,digital microphone / synthetic,1-15m,original,train,2026-09-27 12:06:14,729a02764dc713360aaa7bbf0053651f211c8c4ef1a2b8c6d3d5c17d47c76f55,critical,True
SS-02162,panic_scream_0061.wav,audio data/panic_scream/panic_scream_0061.wav,panic_scream,Panic Scream,3.0,16000,1,PCM_16,96044,WAV,indoor/outdoor,digital microphone / synthetic,1-15m,original,test,2026-09-27 12:06:14,61dd83c209ebc608c75fe49ddb0226c8d169f269a1676031f54d1af5b8951fa0,critical,True
SS-02163,panic_scream_0062.wav,audio data/panic_scream/panic_scream_0062.wav,panic_scream,Panic Scream,3.0,16000,1,PCM_16,96044,WAV,indoor/outdoor,digital microphone / synthetic,1-15m,original,train,2026-09-27 12:06:14,8390df97e17768e2527df741333f2ebd7515e5590c025ea6b9168f854968834e,critical,True
SS-02164,panic_scream_0063.wav,audio data/panic_scream/panic_scream_0063.wav,panic_scream,Panic Scream,3.0,16000,1,PCM_16,96044,WAV,indoor/outdoor,digital microphone / synthetic,1-15m,original,test,2026-09-27 12:06:14,9505a04b4ea7ebd98be316dc0bdd61e162233a2db01a50eb09f707c227e2bf08,critical,True
SS-02165,panic_scream_0064.wav,audio data/panic_scream/panic_scream_0064.wav,panic_scream,Panic Scream,3.0,16000,1,PCM_16,96044,WAV,indoor/outdoor,digital microphone / synthetic,1-15m,original,train,2026-09-27 12:06:14,909fc3e0589c9c56528dc61908c2a4d291f49e12f1d11f0e8283f2dad1fc5ea0,critical,True
SS-02166,panic_scream_0065.wav,audio data/panic_scream/panic_scream_0065.wav,panic_scream,Panic Scream,3.0,16000,1,PCM_16,96044,WAV,indoor/outdoor,digital microphone / synthetic,1-15m,original,validation,2026-09-27 12:06:14,1dd27cf7debcdaf97b39234282169c083a9c814d3a587a3b6c754d39bb6708cb,critical,True
SS-02167,panic_scream_0066.wav,audio data/panic_scream/panic_scream_0066.wav,panic_scream,Panic Scream,3.0,16000,1,PCM_16,96044,WAV,indoor/outdoor,digital microphone / synthetic,1-15m,original,train,2026-09-27 12:06:14,6acae73e669ea3207cf99074e51d1699b3077f1b97387cff157621b3e78e24a8,critical,True
SS-02168,panic_scream_0067.wav,audio data/panic_scream/panic_scream_0067.wav,panic_scream,Panic Scream,3.0,16000,1,PCM_16,96044,WAV,indoor/outdoor,digital microphone / synthetic,1-15m,original,test,2026-09-27 12:06:14,1092a2ca6207a2d506b77773c52a175bf3d54986cd76b6a1209f74e35f15c7d5,critical,True
SS-02169,panic_scream_0068.wav,audio data/panic_scream/panic_scream_0068.wav,panic_scream,Panic Scream,3.0,16000,1,PCM_16,96044,WAV,indoor/outdoor,digital microphone / synthetic,1-15m,original,train,2026-09-27 12:06:14,486129f83e687080b41b8cf4f153059c4e178c73e140e8c3e761387acd888df7,critical,True
SS-02170,panic_scream_0069.wav,audio data/panic_scream/panic_scream_0069.wav,panic_scream,Panic Scream,3.0,16000,1,PCM_16,96044,WAV,indoor/outdoor,digital microphone / synthetic,1-15m,original,train,2026-09-27 12:06:14,759006fceb94f5c480a50fe50da25c76ecd5affc4063702a73d42461da1bf5d0,critical,True
SS-02171,panic_scream_0070.wav,audio data/panic_scream/panic_scream_0070.wav,panic_scream,Panic Scream,3.0,16000,1,PCM_16,96044,WAV,indoor/outdoor,digital microphone / synthetic,1-15m,original,test,2026-09-27 12:06:14,65db7e50d1a63558360ee63b0537e3dcd4028f5ebf687c6aaa1f7050668b9aa9,critical,True
SS-02172,panic_scream_0071.wav,audio data/panic_scream/panic_scream_0071.wav,panic_scream,Panic Scream,3.0,16000,1,PCM_16,96044,WAV,indoor/outdoor,digital microphone / synthetic,1-15m,original,validation,2026-09-27 12:06:14,bb08a35b1aab8798b248a0867751ececfd5bc71dac56073595270465d58f1d56,critical,True
SS-02173,panic_scream_0072.wav,audio data/panic_scream/panic_scream_0072.wav,panic_scream,Panic Scream,3.0,16000,1,PCM_16,96044,WAV,indoor/outdoor,digital microphone / synthetic,1-15m,original,test,2026-09-27 12:06:14,1a0310e1f4284dcb5e47474d588d1d72995ea418aae31eb871b5d4b41f59bab7,critical,True
SS-02174,panic_scream_0073.wav,audio data/panic_scream/panic_scream_0073.wav,panic_scream,Panic Scream,3.0,16000,1,PCM_16,96044,WAV,indoor/outdoor,digital microphone / synthetic,1-15m,original,validation,2026-09-27 12:06:14,62099bcd51be0d59134697538983430205ec8cc7b8f2861789344028fb987e5e,critical,True
SS-02175,panic_scream_0074.wav,audio data/panic_scream/panic_scream_0074.wav,panic_scream,Panic Scream,3.0,16000,1,PCM_16,96044,WAV,indoor/outdoor,digital microphone / synthetic,1-15m,original,train,2026-09-27 12:06:14,03eb42c8c20967ec3b1ccf31b30f691f89a22d4c22171f7c1fd4a42303e72c7b,critical,True
SS-02176,panic_scream_0075.wav,audio data/panic_scream/panic_scream_0075.wav,panic_scream,Panic Scream,3.0,16000,1,PCM_16,96044,WAV,indoor/outdoor,digital microphone / synthetic,1-15m,original,train,2026-09-27 12:06:14,f8e34816723470a2997b2be3f700d4a7dcbcd9e596753ce759c3f888f7bab1eb,critical,True
SS-02177,panic_scream_0076.wav,audio data/panic_scream/panic_scream_0076.wav,panic_scream,Panic Scream,3.0,16000,1,PCM_16,96044,WAV,indoor/outdoor,digital microphone / synthetic,1-15m,original,train,2026-09-27 12:06:14,1ce1b50a5dd7ff0f9f443e44f698078bbcf5df8b314c83280f73491c8c3666c5,critical,True
SS-02178,panic_scream_0077.wav,audio data/panic_scream/panic_scream_0077.wav,panic_scream,Panic Scream,3.0,16000,1,PCM_16,96044,WAV,indoor/outdoor,digital microphone / synthetic,1-15m,original,train,2026-09-27 12:06:14,e9f0b0948f7da21814b6a891e1f8662e5ead0ef3b55ac8943f793e0e9ac439ea,critical,True
SS-02179,panic_scream_0078.wav,audio data/panic_scream/panic_scream_0078.wav,panic_scream,Panic Scream,3.0,16000,1,PCM_16,96044,WAV,indoor/outdoor,digital microphone / synthetic,1-15m,original,validation,2026-09-27 12:06:14,63ef661d2e4a5ffbe3a503d5db30788e8e8f2dc05daa6551cee26fd60749ce08,critical,True
SS-02180,panic_scream_0079.wav,audio data/panic_scream/panic_scream_0079.wav,panic_scream,Panic Scream,3.0,16000,1,PCM_16,96044,WAV,indoor/outdoor,digital microphone / synthetic,1-15m,original,train,2026-09-27 12:06:14,8f0b00a71bb92943fad2ed654ea1495cbac650dff48e517e479a675afbf98964,critical,True
SS-02181,panic_scream_0080.wav,audio data/panic_scream/panic_scream_0080.wav,panic_scream,Panic Scream,3.0,16000,1,PCM_16,96044,WAV,indoor/outdoor,digital microphone / synthetic,1-15m,original,train,2026-09-27 12:06:14,047a4ae1fcc11d6bad2fee1403a202586e91ddbe2a0161323a04b6364dba5f82,critical,True
SS-02182,panic_scream_0081.wav,audio data/panic_scream/panic_scream_0081.wav,panic_scream,Panic Scream,3.0,16000,1,PCM_16,96044,WAV,indoor/outdoor,digital microphone / synthetic,1-15m,original,test,2026-09-27 12:06:14,728725036c524fe594e02f6705bdec6e7c2573452e6727720c997f4a38e78391,critical,True
SS-02183,panic_scream_0082.wav,audio data/panic_scream/panic_scream_0082.wav,panic_scream,Panic Scream,3.0,16000,1,PCM_16,96044,WAV,indoor/outdoor,digital microphone / synthetic,1-15m,original,validation,2026-09-27 12:06:14,55b5341e956379b8103d183625a79d9e4a8f04d61987afeb72e193f1229f8df5,critical,True
SS-02184,panic_scream_0083.wav,audio data/panic_scream/panic_scream_0083.wav,panic_scream,Panic Scream,3.0,16000,1,PCM_16,96044,WAV,indoor/outdoor,digital microphone / synthetic,1-15m,original,validation,2026-09-27 12:06:14,a1951809a3fa011dba5fbbc3471ccc575058fc547ac37ca5b57467f22de9b7ab,critical,True
SS-02185,panic_scream_0084.wav,audio data/panic_scream/panic_scream_0084.wav,panic_scream,Panic Scream,3.0,16000,1,PCM_16,96044,WAV,indoor/outdoor,digital microphone / synthetic,1-15m,original,train,2026-09-27 12:06:14,033abc9ede3005ec03b0fcd017ccbc59dfacf6a29cb4c137a4c5fd55328b6038,critical,True
SS-02186,panic_scream_0085.wav,audio data/panic_scream/panic_scream_0085.wav,panic_scream,Panic Scream,3.0,16000,1,PCM_16,96044,WAV,indoor/outdoor,digital microphone / synthetic,1-15m,original,train,2026-09-27 12:06:14,0d3fd9094b65238090172197526f85476590a621d6b9946ff585fc55041aa201,critical,True
SS-02187,panic_scream_0086.wav,audio data/panic_scream/panic_scream_0086.wav,panic_scream,Panic Scream,3.0,16000,1,PCM_16,96044,WAV,indoor/outdoor,digital microphone / synthetic,1-15m,original,train,2026-09-27 12:06:14,8266690b8253f69fe2972dd68aa9cab6c948b4b538fe8e3af983790c73a85247,critical,True
SS-02188,panic_scream_0087.wav,audio data/panic_scream/panic_scream_0087.wav,panic_scream,Panic Scream,3.0,16000,1,PCM_16,96044,WAV,indoor/outdoor,digital microphone / synthetic,1-15m,original,train,2026-09-27 12:06:14,b263992cee36e7afa478aa3ba2ace7f44be8a387cf824c973cafffe0b3e864e0,critical,True
SS-02189,panic_scream_0088.wav,audio data/panic_scream/panic_scream_0088.wav,panic_scream,Panic Scream,3.0,16000,1,PCM_16,96044,WAV,indoor/outdoor,digital microphone / synthetic,1-15m,original,train,2026-09-27 12:06:14,46a0a0af2111970b6ba9e3ec0160fae18ffa2890e3b3ed88a2dbbb973c77c48e,critical,True
SS-02190,panic_scream_0089.wav,audio data/panic_scream/panic_scream_0089.wav,panic_scream,Panic Scream,3.0,16000,1,PCM_16,96044,WAV,indoor/outdoor,digital microphone / synthetic,1-15m,original,test,2026-09-27 12:06:14,233bd25b3e4c6a45a6294669e1afaec866080519453a19beaf42ab685154738d,critical,True
SS-02191,panic_scream_0090.wav,audio data/panic_scream/panic_scream_0090.wav,panic_scream,Panic Scream,3.0,16000,1,PCM_16,96044,WAV,indoor/outdoor,digital microphone / synthetic,1-15m,original,test,2026-09-27 12:06:14,72e4f0e4de70ee88b4fb6eb9ba14f8512228055571262226f23a1f2f521b4fcd,critical,True
SS-02192,panic_scream_0091.wav,audio data/panic_scream/panic_scream_0091.wav,panic_scream,Panic Scream,3.0,16000,1,PCM_16,96044,WAV,indoor/outdoor,digital microphone / synthetic,1-15m,original,train,2026-09-27 12:06:14,7ae8ab27ab978495c0c52b411ddb9e35110b433dbf9db70045a3ad75c6afbec5,critical,True
SS-02193,panic_scream_0092.wav,audio data/panic_scream/panic_scream_0092.wav,panic_scream,Panic Scream,3.0,16000,1,PCM_16,96044,WAV,indoor/outdoor,digital microphone / synthetic,1-15m,original,train,2026-09-27 12:06:14,2cbcc64ec86a102479ab5b218a2d1eb0f9aa35b3e54aeac924fa9c2767a46faf,critical,True
SS-02194,panic_scream_0093.wav,audio data/panic_scream/panic_scream_0093.wav,panic_scream,Panic Scream,3.0,16000,1,PCM_16,96044,WAV,indoor/outdoor,digital microphone / synthetic,1-15m,original,train,2026-09-27 12:06:14,1692358c8815a2ff7e2bc3046fe7c4560fba41772a8375434f37f04c971c0198,critical,True
SS-02195,panic_scream_0094.wav,audio data/panic_scream/panic_scream_0094.wav,panic_scream,Panic Scream,3.0,16000,1,PCM_16,96044,WAV,indoor/outdoor,digital microphone / synthetic,1-15m,original,train,2026-09-27 12:06:14,190054816c444772816f5a7f0949c9a441728eb9d485a70a26dfba9f36259574,critical,True
SS-02196,panic_scream_0095.wav,audio data/panic_scream/panic_scream_0095.wav,panic_scream,Panic Scream,3.0,16000,1,PCM_16,96044,WAV,indoor/outdoor,digital microphone / synthetic,1-15m,original,train,2026-09-27 12:06:14,17d46184c118514ca321989ad9c584c9cc7664bcee6c07b6da0abaebefbaf32b,critical,True
SS-02197,panic_scream_0096.wav,audio data/panic_scream/panic_scream_0096.wav,panic_scream,Panic Scream,3.0,16000,1,PCM_16,96044,WAV,indoor/outdoor,digital microphone / synthetic,1-15m,original,train,2026-09-27 12:06:14,4a744c530f020ef38155f8f314b656e176b1ab663abc9cc1c03dceb50521822c,critical,True
SS-02198,panic_scream_0097.wav,audio data/panic_scream/panic_scream_0097.wav,panic_scream,Panic Scream,3.0,16000,1,PCM_16,96044,WAV,indoor/outdoor,digital microphone / synthetic,1-15m,original,train,2026-09-27 12:06:14,18a5a126a86f18d9b722056c066419e8fdd68ef6be55dbf978986dbd1089f6db,critical,True
SS-02199,panic_scream_0098.wav,audio data/panic_scream/panic_scream_0098.wav,panic_scream,Panic Scream,3.0,16000,1,PCM_16,96044,WAV,indoor/outdoor,digital microphone / synthetic,1-15m,original,train,2026-09-27 12:06:14,e685d5a2147bedfc9f7274c5fe0c95cb8608fe413d7e50eb74b919b44455bf2e,critical,True
SS-02200,panic_scream_0099.wav,audio data/panic_scream/panic_scream_0099.wav,panic_scream,Panic Scream,3.0,16000,1,PCM_16,96044,WAV,indoor/outdoor,digital microphone / synthetic,1-15m,original,train,2026-09-27 12:06:14,e678bf016b3562a4eded1ba2b6d0ae2ee359e33e7d28cc93607923bb15c5482f,critical,True
SS-02201,panic_scream_0100.wav,audio data/panic_scream/panic_scream_0100.wav,panic_scream,Panic Scream,3.0,16000,1,PCM_16,96044,WAV,indoor/outdoor,digital microphone / synthetic,1-15m,original,train,2026-09-27 12:06:14,d56dca5c95968c8e2e0e72c1f7d1e8f043263c22da046957a4d59884563c7e28,critical,True
SS-02202,panic_scream_0101.wav,audio data/panic_scream/panic_scream_0101.wav,panic_scream,Panic Scream,3.0,16000,1,PCM_16,96044,WAV,indoor/outdoor,digital microphone / synthetic,1-15m,original,train,2026-09-27 12:06:14,66c3e3421ca280c49d48a815b22ed27ff7c284a463fb02b5ab3cb21601b80b5c,critical,True
SS-02203,panic_scream_0102.wav,audio data/panic_scream/panic_scream_0102.wav,panic_scream,Panic Scream,3.0,16000,1,PCM_16,96044,WAV,indoor/outdoor,digital microphone / synthetic,1-15m,original,train,2026-09-27 12:06:14,a28bc8f08edaefef154d05d604bbf7018f56cf4a4f89520553f15e02b5ccf2e4,critical,True
SS-02204,panic_scream_0103.wav,audio data/panic_scream/panic_scream_0103.wav,panic_scream,Panic Scream,3.0,16000,1,PCM_16,96044,WAV,indoor/outdoor,digital microphone / synthetic,1-15m,original,test,2026-09-27 12:06:14,c1e1e8ed8acda9ce14ea692ff44b4bf94e708eba292347f14396cae894f44bbd,critical,True
SS-02205,panic_scream_0104.wav,audio data/panic_scream/panic_scream_0104.wav,panic_scream,Panic Scream,3.0,16000,1,PCM_16,96044,WAV,indoor/outdoor,digital microphone / synthetic,1-15m,original,train,2026-09-27 12:06:14,3db7cbf0fa26e40d8609a13dc0ca501ed48fc4093ce2f9d0f61a848d6b129ee7,critical,True
SS-02206,panic_scream_0105.wav,audio data/panic_scream/panic_scream_0105.wav,panic_scream,Panic Scream,3.0,16000,1,PCM_16,96044,WAV,indoor/outdoor,digital microphone / synthetic,1-15m,original,train,2026-09-27 12:06:14,9fdac3e8b78aa6e25347bb483942b14edf602892757b163ad344fcaf91cf1509,critical,True
SS-02207,panic_scream_0106.wav,audio data/panic_scream/panic_scream_0106.wav,panic_scream,Panic Scream,3.0,16000,1,PCM_16,96044,WAV,indoor/outdoor,digital microphone / synthetic,1-15m,original,train,2026-09-27 12:06:14,9dec041eeafa20fc72ec6b955f1483acf7765c066222eb94235df5bf500791ed,critical,True
SS-02208,panic_scream_0107.wav,audio data/panic_scream/panic_scream_0107.wav,panic_scream,Panic Scream,3.0,16000,1,PCM_16,96044,WAV,indoor/outdoor,digital microphone / synthetic,1-15m,original,train,2026-09-27 12:06:14,1c532e0fd39e8739df6c82213a056f628d067d4b718e205411cc19d1b39c62ee,critical,True
SS-02209,panic_scream_0108.wav,audio data/panic_scream/panic_scream_0108.wav,panic_scream,Panic Scream,3.0,16000,1,PCM_16,96044,WAV,indoor/outdoor,digital microphone / synthetic,1-15m,original,train,2026-09-27 12:06:14,8489dcb6681eaf19c8fdd6cc35ea81fc96510105d7b23a78f30deb5253bd22d2,critical,True
SS-02210,panic_scream_0109.wav,audio data/panic_scream/panic_scream_0109.wav,panic_scream,Panic Scream,3.0,16000,1,PCM_16,96044,WAV,indoor/outdoor,digital microphone / synthetic,1-15m,original,train,2026-09-27 12:06:14,e0e8bd83ab4d9bca70f44dba8bb3c8a796feda2916fe1bb687ddc47b88e19809,critical,True
SS-02211,panic_scream_0110.wav,audio data/panic_scream/panic_scream_0110.wav,panic_scream,Panic Scream,3.0,16000,1,PCM_16,96044,WAV,indoor/outdoor,digital microphone / synthetic,1-15m,original,test,2026-09-27 12:06:14,81035fe66ecacac2318a500a2e49c9c75bcbf37da6af27c67e7d09b0a9564903,critical,True
SS-02212,panic_scream_0111.wav,audio data/panic_scream/panic_scream_0111.wav,panic_scream,Panic Scream,3.0,16000,1,PCM_16,96044,WAV,indoor/outdoor,digital microphone / synthetic,1-15m,original,validation,2026-09-27 12:06:14,36dc30913be8555190285ebc68ec26305d842c7ad347e9aca9cf13be847761a9,critical,True
SS-02213,panic_scream_0112.wav,audio data/panic_scream/panic_scream_0112.wav,panic_scream,Panic Scream,3.0,16000,1,PCM_16,96044,WAV,indoor/outdoor,digital microphone / synthetic,1-15m,original,train,2026-09-27 12:06:14,de7f8bd6e5ee1cf11bf41ba178f94f98f8946e4ad0a34165f9f1aae7ef4dbf65,critical,True
SS-02214,panic_scream_0113.wav,audio data/panic_scream/panic_scream_0113.wav,panic_scream,Panic Scream,3.0,16000,1,PCM_16,96044,WAV,indoor/outdoor,digital microphone / synthetic,1-15m,original,train,2026-09-27 12:06:14,967ebdca90e602d1a3b462213a1aa4c2891dd0729c83ba37bcb722d2e0796bc9,critical,True
SS-02215,panic_scream_0114.wav,audio data/panic_scream/panic_scream_0114.wav,panic_scream,Panic Scream,3.0,16000,1,PCM_16,96044,WAV,indoor/outdoor,digital microphone / synthetic,1-15m,original,train,2026-09-27 12:06:14,194d20487acff2be6da8cd5ffb67e226ee2a34cfcb6148d994dfbd0f6f595b73,critical,True
SS-02216,panic_scream_0115.wav,audio data/panic_scream/panic_scream_0115.wav,panic_scream,Panic Scream,3.0,16000,1,PCM_16,96044,WAV,indoor/outdoor,digital microphone / synthetic,1-15m,original,test,2026-09-27 12:06:14,ba20a35ae5d156a5b6bbfb49150984b44f4e1ff9373fa413951e6b0aec624a0a,critical,True
SS-02217,panic_scream_0116.wav,audio data/panic_scream/panic_scream_0116.wav,panic_scream,Panic Scream,3.0,16000,1,PCM_16,96044,WAV,indoor/outdoor,digital microphone / synthetic,1-15m,original,validation,2026-09-27 12:06:14,e8cc2acc3541e42dc0f50d5796906dce5dcc2c7c67e11895e86331aeea424d70,critical,True
SS-02218,panic_scream_0117.wav,audio data/panic_scream/panic_scream_0117.wav,panic_scream,Panic Scream,3.0,16000,1,PCM_16,96044,WAV,indoor/outdoor,digital microphone / synthetic,1-15m,original,train,2026-09-27 12:06:14,0f8b1680371136fbc2e3663fd910f93deac46d3aac59b47fae754fa5aaac8c2d,critical,True
SS-02219,panic_scream_0118.wav,audio data/panic_scream/panic_scream_0118.wav,panic_scream,Panic Scream,3.0,16000,1,PCM_16,96044,WAV,indoor/outdoor,digital microphone / synthetic,1-15m,original,train,2026-09-27 12:06:14,c1fd716d0e28a28714054f65893cd26a9921fd6f56c20cfa7e7d414c6be370a1,critical,True
SS-02220,panic_scream_0119.wav,audio data/panic_scream/panic_scream_0119.wav,panic_scream,Panic Scream,3.0,16000,1,PCM_16,96044,WAV,indoor/outdoor,digital microphone / synthetic,1-15m,original,train,2026-09-27 12:06:14,5ec496e7c7ad6a1850da1385b3417ef5216136fe66f25ac4f79e9ff76f341dc3,critical,True
SS-02221,panic_scream_0120.wav,audio data/panic_scream/panic_scream_0120.wav,panic_scream,Panic Scream,3.0,16000,1,PCM_16,96044,WAV,indoor/outdoor,digital microphone / synthetic,1-15m,original,validation,2026-09-27 12:06:14,05a33580c7c7ec6e1817cb0e5af88ea129a6910e8023bd47bd30ae0dd142edc0,critical,True
SS-02222,panic_scream_0121.wav,audio data/panic_scream/panic_scream_0121.wav,panic_scream,Panic Scream,3.0,16000,1,PCM_16,96044,WAV,indoor/outdoor,digital microphone / synthetic,1-15m,original,train,2026-09-27 12:06:14,56ba47c35b54a5ba272a0c9a6b3f811f0655983f927349ad828d32fc7b164b8f,critical,True
SS-02223,panic_scream_0122.wav,audio data/panic_scream/panic_scream_0122.wav,panic_scream,Panic Scream,3.0,16000,1,PCM_16,96044,WAV,indoor/outdoor,digital microphone / synthetic,1-15m,original,test,2026-09-27 12:06:14,e9baaf902790015d87c8a4cd5dc78530fe447ecf85b1e14ed27f85fca2c7b780,critical,True
SS-02224,panic_scream_0123.wav,audio data/panic_scream/panic_scream_0123.wav,panic_scream,Panic Scream,3.0,16000,1,PCM_16,96044,WAV,indoor/outdoor,digital microphone / synthetic,1-15m,original,train,2026-09-27 12:06:14,d25b7b82e556125297a00d2e6323970d6ec009de8c642f8c193fe4ce95fcc24b,critical,True
SS-02225,panic_scream_0124.wav,audio data/panic_scream/panic_scream_0124.wav,panic_scream,Panic Scream,3.0,16000,1,PCM_16,96044,WAV,indoor/outdoor,digital microphone / synthetic,1-15m,original,train,2026-09-27 12:06:14,7d6b576ad41fde8f8b8bf60a4c427590e59e55583a0fe6218f69c32a850b00e2,critical,True
SS-02226,panic_scream_0125.wav,audio data/panic_scream/panic_scream_0125.wav,panic_scream,Panic Scream,3.0,16000,1,PCM_16,96044,WAV,indoor/outdoor,digital microphone / synthetic,1-15m,original,train,2026-09-27 12:06:14,397ae25e41c1264972684b21ac1f1d78dcfba61f8afc679692d1ac52ce442d4d,critical,True
SS-02227,panic_scream_0126.wav,audio data/panic_scream/panic_scream_0126.wav,panic_scream,Panic Scream,3.0,16000,1,PCM_16,96044,WAV,indoor/outdoor,digital microphone / synthetic,1-15m,original,train,2026-09-27 12:06:14,ae3aa5208b34093488a415798bf9f3c18e6b26059762441f5a2ce6352ebc2127,critical,True
SS-02228,panic_scream_0127.wav,audio data/panic_scream/panic_scream_0127.wav,panic_scream,Panic Scream,3.0,16000,1,PCM_16,96044,WAV,indoor/outdoor,digital microphone / synthetic,1-15m,original,train,2026-09-27 12:06:14,5fb69effe0fdafa8c249d0d5e1ae6cbbf2534f5af636cd61613ae8b680932e7f,critical,True
SS-02229,panic_scream_0128.wav,audio data/panic_scream/panic_scream_0128.wav,panic_scream,Panic Scream,3.0,16000,1,PCM_16,96044,WAV,indoor/outdoor,digital microphone / synthetic,1-15m,original,train,2026-09-27 12:06:14,0c3a160b2423b27266225a2423310e5807ca76706d11cc57cd6280a1cfe25d1f,critical,True
SS-02230,panic_scream_0129.wav,audio data/panic_scream/panic_scream_0129.wav,panic_scream,Panic Scream,3.0,16000,1,PCM_16,96044,WAV,indoor/outdoor,digital microphone / synthetic,1-15m,original,validation,2026-09-27 12:06:14,5c86a4afeaed80239e46852c40e6b0c3d8bfe8d921eada4c3a581088b5aa3dd6,critical,True
SS-02231,panic_scream_0130.wav,audio data/panic_scream/panic_scream_0130.wav,panic_scream,Panic Scream,3.0,16000,1,PCM_16,96044,WAV,indoor/outdoor,digital microphone / synthetic,1-15m,original,train,2026-09-27 12:06:14,3e1e093fd49e9d6278684558983323716bed2a76d8b8c1d55ae87d8f3b340fde,critical,True
SS-02232,panic_scream_0131.wav,audio data/panic_scream/panic_scream_0131.wav,panic_scream,Panic Scream,3.0,16000,1,PCM_16,96044,WAV,indoor/outdoor,digital microphone / synthetic,1-15m,original,train,2026-09-27 12:06:14,cc31f807a194b11b5a302641efc8a08955439483e3587fe5651ab25d42c1383e,critical,True
SS-02233,panic_scream_0132.wav,audio data/panic_scream/panic_scream_0132.wav,panic_scream,Panic Scream,3.0,16000,1,PCM_16,96044,WAV,indoor/outdoor,digital microphone / synthetic,1-15m,original,train,2026-09-27 12:06:14,ee01cde957d234594822c48c2a8a99a5afbe217f805d1d4d002a30e21c9f0cde,critical,True
SS-02234,panic_scream_0133.wav,audio data/panic_scream/panic_scream_0133.wav,panic_scream,Panic Scream,3.0,16000,1,PCM_16,96044,WAV,indoor/outdoor,digital microphone / synthetic,1-15m,original,validation,2026-09-27 12:06:14,84d32f5e7b7f6a5dd09950067802bae77defb76976e9668a946b91e57a63057b,critical,True
SS-02235,panic_scream_0134.wav,audio data/panic_scream/panic_scream_0134.wav,panic_scream,Panic Scream,3.0,16000,1,PCM_16,96044,WAV,indoor/outdoor,digital microphone / synthetic,1-15m,original,test,2026-09-27 12:06:14,6c6493f163738a2ff1913ed331fde7363a0d423f7d1e10c13bb3237e89cbcd23,critical,True
SS-02236,panic_scream_0135.wav,audio data/panic_scream/panic_scream_0135.wav,panic_scream,Panic Scream,3.0,16000,1,PCM_16,96044,WAV,indoor/outdoor,digital microphone / synthetic,1-15m,original,test,2026-09-27 12:06:14,c6d3231a9745df99b234ddf039b431d58382f143ba5c4d3cbbf43c787351bdd0,critical,True
SS-02237,panic_scream_0136.wav,audio data/panic_scream/panic_scream_0136.wav,panic_scream,Panic Scream,3.0,16000,1,PCM_16,96044,WAV,indoor/outdoor,digital microphone / synthetic,1-15m,original,train,2026-09-27 12:06:14,a667907887af57eaa51398baaa1f10279ce9bad2a50467f56fdc40a814ce6003,critical,True
SS-02238,panic_scream_0137.wav,audio data/panic_scream/panic_scream_0137.wav,panic_scream,Panic Scream,3.0,16000,1,PCM_16,96044,WAV,indoor/outdoor,digital microphone / synthetic,1-15m,original,train,2026-09-27 12:06:14,b763f42b3151d5ae89f525aa6d170271fa835fce4d1e7f50582d1e7dd83ea5a4,critical,True
SS-02239,panic_scream_0138.wav,audio data/panic_scream/panic_scream_0138.wav,panic_scream,Panic Scream,3.0,16000,1,PCM_16,96044,WAV,indoor/outdoor,digital microphone / synthetic,1-15m,original,train,2026-09-27 12:06:14,ed85ec925d9723abe960ca0c89ab1e7cdc99da0f880fbd795fca84219bc6b7c1,critical,True
SS-02240,panic_scream_0139.wav,audio data/panic_scream/panic_scream_0139.wav,panic_scream,Panic Scream,3.0,16000,1,PCM_16,96044,WAV,indoor/outdoor,digital microphone / synthetic,1-15m,original,train,2026-09-27 12:06:14,c2aad33dfa69b00646c815ab30944d7e6ba3cb963ed5affd8e2d225d7c52ac43,critical,True
SS-02241,panic_scream_0140.wav,audio data/panic_scream/panic_scream_0140.wav,panic_scream,Panic Scream,3.0,16000,1,PCM_16,96044,WAV,indoor/outdoor,digital microphone / synthetic,1-15m,original,train,2026-09-27 12:06:14,fdaecd9aac207ecfcaa9a462efac021d09941c1f03d484e142aba0cb789acea5,critical,True
SS-02242,panic_scream_0141.wav,audio data/panic_scream/panic_scream_0141.wav,panic_scream,Panic Scream,3.0,16000,1,PCM_16,96044,WAV,indoor/outdoor,digital microphone / synthetic,1-15m,original,train,2026-09-27 12:06:14,c33300129707cef3fa6e6ba5c76696e2ee4e6773797ae16e58b4be4b6b23e10e,critical,True
SS-02243,panic_scream_0142.wav,audio data/panic_scream/panic_scream_0142.wav,panic_scream,Panic Scream,3.0,16000,1,PCM_16,96044,WAV,indoor/outdoor,digital microphone / synthetic,1-15m,original,validation,2026-09-27 12:06:14,f5866c7c0d5ebd27eae0729064d66ee7c9abb8a3ceeb3782bd472ff9d4ce935a,critical,True
SS-02244,panic_scream_0143.wav,audio data/panic_scream/panic_scream_0143.wav,panic_scream,Panic Scream,3.0,16000,1,PCM_16,96044,WAV,indoor/outdoor,digital microphone / synthetic,1-15m,original,train,2026-09-27 12:06:14,7227eeecb5ee122d5643dfa97317eb9d878d0b861175d2b6f2245ed9343e0d1a,critical,True
SS-02245,panic_scream_0144.wav,audio data/panic_scream/panic_scream_0144.wav,panic_scream,Panic Scream,3.0,16000,1,PCM_16,96044,WAV,indoor/outdoor,digital microphone / synthetic,1-15m,original,train,2026-09-27 12:06:14,2d9defcde661ed169c60a16edeb9de2d2453bc99215228a03f0516506f623804,critical,True
SS-02246,panic_scream_0145.wav,audio data/panic_scream/panic_scream_0145.wav,panic_scream,Panic Scream,3.0,16000,1,PCM_16,96044,WAV,indoor/outdoor,digital microphone / synthetic,1-15m,original,train,2026-09-27 12:06:14,ee0cd4d42b1f9085a681eb8fdf833e4bc748e15c2c83f9c3bdaa09fc799ddb2a,critical,True
SS-02247,panic_scream_0146.wav,audio data/panic_scream/panic_scream_0146.wav,panic_scream,Panic Scream,3.0,16000,1,PCM_16,96044,WAV,indoor/outdoor,digital microphone / synthetic,1-15m,original,train,2026-09-27 12:06:14,58aca445b5822e216c683ffcfd41b2fafd3fe33fead9657aa853e224aea1d298,critical,True
SS-02248,panic_scream_0147.wav,audio data/panic_scream/panic_scream_0147.wav,panic_scream,Panic Scream,3.0,16000,1,PCM_16,96044,WAV,indoor/outdoor,digital microphone / synthetic,1-15m,original,test,2026-09-27 12:06:14,fd49055d530fb56eb04a091533ff212cfb541ff0aeb3055255aca85e32a452db,critical,True
SS-02249,panic_scream_0148.wav,audio data/panic_scream/panic_scream_0148.wav,panic_scream,Panic Scream,3.0,16000,1,PCM_16,96044,WAV,indoor/outdoor,digital microphone / synthetic,1-15m,original,train,2026-09-27 12:06:14,13cb3dd45f79a13d57368829472b540e65f5eb0691f031270410796a21744a40,critical,True
SS-02250,panic_scream_0149.wav,audio data/panic_scream/panic_scream_0149.wav,panic_scream,Panic Scream,3.0,16000,1,PCM_16,96044,WAV,indoor/outdoor,digital microphone / synthetic,1-15m,original,test,2026-09-27 12:06:14,7bc01cfe4e7731686208e96ed43572b2f90ae1e38fb84982f236359c04de4f7d,critical,True
SS-02251,panic_scream_0150.wav,audio data/panic_scream/panic_scream_0150.wav,panic_scream,Panic Scream,3.0,16000,1,PCM_16,96044,WAV,indoor/outdoor,digital microphone / synthetic,1-15m,original,train,2026-09-27 12:06:14,b2a6dfedc3c8699b5cf1d20e005da09d95880760ae5ed7ecf3ba3360e9e2b70d,critical,True
SS-02252,panic_scream_0151.wav,audio data/panic_scream/panic_scream_0151.wav,panic_scream,Panic Scream,3.0,16000,1,PCM_16,96044,WAV,indoor/outdoor,digital microphone / synthetic,1-15m,original,validation,2026-09-27 12:06:14,d105367c4b283528a8b6f514c57d4781c554380a7e13c69ac9d884c527ff1fe2,critical,True
SS-02253,panic_scream_0152.wav,audio data/panic_scream/panic_scream_0152.wav,panic_scream,Panic Scream,3.0,16000,1,PCM_16,96044,WAV,indoor/outdoor,digital microphone / synthetic,1-15m,original,train,2026-09-27 12:06:14,701f7b48a1e7874b4311b452ecde2e72259b5d685c485a3f155c4272c20b1ed9,critical,True
SS-02254,panic_scream_0153.wav,audio data/panic_scream/panic_scream_0153.wav,panic_scream,Panic Scream,3.0,16000,1,PCM_16,96044,WAV,indoor/outdoor,digital microphone / synthetic,1-15m,original,train,2026-09-27 12:06:14,7e79fbceeff9bb2ac889e4462a19512f581a19dc809f61a6fa3e15e129a65c18,critical,True
SS-02255,panic_scream_0154.wav,audio data/panic_scream/panic_scream_0154.wav,panic_scream,Panic Scream,3.0,16000,1,PCM_16,96044,WAV,indoor/outdoor,digital microphone / synthetic,1-15m,original,test,2026-09-27 12:06:14,7190b2513fc706f8ac1ff1f823c4024fa8958e000eb8a48f36f3800536a960c4,critical,True
SS-02256,panic_scream_0155.wav,audio data/panic_scream/panic_scream_0155.wav,panic_scream,Panic Scream,3.0,16000,1,PCM_16,96044,WAV,indoor/outdoor,digital microphone / synthetic,1-15m,original,train,2026-09-27 12:06:14,bed4911eb4f5ac14a318849020c3f908159f322070ad788317a7ac7b0de42eb9,critical,True
SS-02257,panic_scream_0156.wav,audio data/panic_scream/panic_scream_0156.wav,panic_scream,Panic Scream,3.0,16000,1,PCM_16,96044,WAV,indoor/outdoor,digital microphone / synthetic,1-15m,original,train,2026-09-27 12:06:14,2a612bf2b2604417ba8dd01c4f2523ef808e4b1382397487df75d9b49e06c87d,critical,True
SS-02258,panic_scream_0157.wav,audio data/panic_scream/panic_scream_0157.wav,panic_scream,Panic Scream,3.0,16000,1,PCM_16,96044,WAV,indoor/outdoor,digital microphone / synthetic,1-15m,original,train,2026-09-27 12:06:14,a81436dca2b65196133e4858061381e9c19d115cb87103cd01375d2c370600d9,critical,True
SS-02259,panic_scream_0158.wav,audio data/panic_scream/panic_scream_0158.wav,panic_scream,Panic Scream,3.0,16000,1,PCM_16,96044,WAV,indoor/outdoor,digital microphone / synthetic,1-15m,original,train,2026-09-27 12:06:14,b43cc1ed0191f70cf6876e36a1c2fa3daca86ec2205c47d5a648eb38ad8f02f9,critical,True
SS-02260,panic_scream_0159.wav,audio data/panic_scream/panic_scream_0159.wav,panic_scream,Panic Scream,3.0,16000,1,PCM_16,96044,WAV,indoor/outdoor,digital microphone / synthetic,1-15m,original,test,2026-09-27 12:06:14,359129c3399f567879a0848138908b591b5c660413c3797acc70082f106133ad,critical,True
SS-02261,panic_scream_0160.wav,audio data/panic_scream/panic_scream_0160.wav,panic_scream,Panic Scream,3.0,16000,1,PCM_16,96044,WAV,indoor/outdoor,digital microphone / synthetic,1-15m,original,train,2026-09-27 12:06:14,ba0dd85fe96635ad6680256568196b595c41b47e5848c6d54904198e198dc8d7,critical,True
SS-02262,panic_scream_0161.wav,audio data/panic_scream/panic_scream_0161.wav,panic_scream,Panic Scream,3.0,16000,1,PCM_16,96044,WAV,indoor/outdoor,digital microphone / synthetic,1-15m,original,train,2026-09-27 12:06:14,749caf10c5231bd34b598936cbeceb6be21c1cb1d3544ed5352cccd5271026fe,critical,True
SS-02263,panic_scream_0162.wav,audio data/panic_scream/panic_scream_0162.wav,panic_scream,Panic Scream,3.0,16000,1,PCM_16,96044,WAV,indoor/outdoor,digital microphone / synthetic,1-15m,original,train,2026-09-27 12:06:14,20eb62abf1c82b289b16b9630ef44d7b1977dafac65e7355a903d29861b154f7,critical,True
SS-02264,panic_scream_0163.wav,audio data/panic_scream/panic_scream_0163.wav,panic_scream,Panic Scream,3.0,16000,1,PCM_16,96044,WAV,indoor/outdoor,digital microphone / synthetic,1-15m,original,validation,2026-09-27 12:06:14,c5e2f4a61ceb1735bb1ba54ba7a057619189bbfec221d715fc5dff0da503496f,critical,True
SS-02265,panic_scream_0164.wav,audio data/panic_scream/panic_scream_0164.wav,panic_scream,Panic Scream,3.0,16000,1,PCM_16,96044,WAV,indoor/outdoor,digital microphone / synthetic,1-15m,original,test,2026-09-27 12:06:14,aa99f5424b88341146e188eb0bf3b9c6875e2a971b3fc8f8ecae96c45a2b6d76,critical,True
SS-02266,panic_scream_0165.wav,audio data/panic_scream/panic_scream_0165.wav,panic_scream,Panic Scream,3.0,16000,1,PCM_16,96044,WAV,indoor/outdoor,digital microphone / synthetic,1-15m,original,validation,2026-09-27 12:06:14,ac7a58b58faf55385961bceb84a2e5ba251321d22fa22a87efc349f9764c6ebb,critical,True
SS-02267,panic_scream_0166.wav,audio data/panic_scream/panic_scream_0166.wav,panic_scream,Panic Scream,3.0,16000,1,PCM_16,96044,WAV,indoor/outdoor,digital microphone / synthetic,1-15m,original,train,2026-09-27 12:06:14,8da3a58d9f70b932adf63808a23b2aaa13a004dd866c9b040bbb25a7979bc4b4,critical,True
SS-02268,panic_scream_0167.wav,audio data/panic_scream/panic_scream_0167.wav,panic_scream,Panic Scream,3.0,16000,1,PCM_16,96044,WAV,indoor/outdoor,digital microphone / synthetic,1-15m,original,train,2026-09-27 12:06:14,647240eb5f5051ac7b11aa8f68def34124e5ad9cda64a21b8003b239c057029d,critical,True
SS-02269,panic_scream_0168.wav,audio data/panic_scream/panic_scream_0168.wav,panic_scream,Panic Scream,3.0,16000,1,PCM_16,96044,WAV,indoor/outdoor,digital microphone / synthetic,1-15m,original,train,2026-09-27 12:06:14,6a6542203cea409bb0a8ff2050725bde8c43ab5b6a8fa6ee661b2124f66e7a66,critical,True
SS-02270,panic_scream_0169.wav,audio data/panic_scream/panic_scream_0169.wav,panic_scream,Panic Scream,3.0,16000,1,PCM_16,96044,WAV,indoor/outdoor,digital microphone / synthetic,1-15m,original,train,2026-09-27 12:06:14,0efe5f255c7f3da42b85de7fb62e675a171aa3565fae1279e9ba60ec5202bc80,critical,True
SS-02271,panic_scream_0170.wav,audio data/panic_scream/panic_scream_0170.wav,panic_scream,Panic Scream,3.0,16000,1,PCM_16,96044,WAV,indoor/outdoor,digital microphone / synthetic,1-15m,original,train,2026-09-27 12:06:14,6497efa359cbe34d104304299ff0e545dc2557a51e93910c1fa7a52524d2a86f,critical,True
SS-02272,panic_scream_0171.wav,audio data/panic_scream/panic_scream_0171.wav,panic_scream,Panic Scream,3.0,16000,1,PCM_16,96044,WAV,indoor/outdoor,digital microphone / synthetic,1-15m,original,train,2026-09-27 12:06:14,6260bef2f4c888f99ba248a89016eef47dade208fdbfb0fccf4cb636c29defe0,critical,True
SS-02273,panic_scream_0172.wav,audio data/panic_scream/panic_scream_0172.wav,panic_scream,Panic Scream,3.0,16000,1,PCM_16,96044,WAV,indoor/outdoor,digital microphone / synthetic,1-15m,original,train,2026-09-27 12:06:14,1b3f149035af427fb07f8c5a7d6d550865facd2e8b4d20181a40e631a5371329,critical,True
SS-02274,panic_scream_0173.wav,audio data/panic_scream/panic_scream_0173.wav,panic_scream,Panic Scream,3.0,16000,1,PCM_16,96044,WAV,indoor/outdoor,digital microphone / synthetic,1-15m,original,train,2026-09-27 12:06:14,96e1b160a6f4d0677bf580cdf1505a7541f7ab8a78b10b06c7e31299f8257045,critical,True
SS-02275,panic_scream_0174.wav,audio data/panic_scream/panic_scream_0174.wav,panic_scream,Panic Scream,3.0,16000,1,PCM_16,96044,WAV,indoor/outdoor,digital microphone / synthetic,1-15m,original,train,2026-09-27 12:06:14,e015d609bf5d6b902e18d41d000a902bfbe67a91e7c9289b16288d08a6a29988,critical,True
SS-02276,panic_scream_0175.wav,audio data/panic_scream/panic_scream_0175.wav,panic_scream,Panic Scream,3.0,16000,1,PCM_16,96044,WAV,indoor/outdoor,digital microphone / synthetic,1-15m,original,validation,2026-09-27 12:06:14,6202ff4c3788eb9d950e351dd7dfffd0581feb4f8355f9677162ae1fad84909f,critical,True
SS-02277,panic_scream_0176.wav,audio data/panic_scream/panic_scream_0176.wav,panic_scream,Panic Scream,3.0,16000,1,PCM_16,96044,WAV,indoor/outdoor,digital microphone / synthetic,1-15m,original,train,2026-09-27 12:06:14,fde18aff432664a0e6b32172a2be813ec49bd6207d327b56a73a7289d02d3043,critical,True
SS-02278,panic_scream_0177.wav,audio data/panic_scream/panic_scream_0177.wav,panic_scream,Panic Scream,3.0,16000,1,PCM_16,96044,WAV,indoor/outdoor,digital microphone / synthetic,1-15m,original,train,2026-09-27 12:06:14,80f784dac053d20dad85939a233234a619d967e1f43373a3195d1216504148bb,critical,True
SS-02279,panic_scream_0178.wav,audio data/panic_scream/panic_scream_0178.wav,panic_scream,Panic Scream,3.0,16000,1,PCM_16,96044,WAV,indoor/outdoor,digital microphone / synthetic,1-15m,original,test,2026-09-27 12:06:14,075eccb8c0ea7cc1478cc506cabaeeecfdc41b9b7c0d0c4f9319972a6b59e826,critical,True
SS-02280,panic_scream_0179.wav,audio data/panic_scream/panic_scream_0179.wav,panic_scream,Panic Scream,3.0,16000,1,PCM_16,96044,WAV,indoor/outdoor,digital microphone / synthetic,1-15m,original,train,2026-09-27 12:06:14,4266796b8f2b8f9cad688e1319a2561a7734bffe70edca5f0af2b7d8da42daa4,critical,True
SS-02281,panic_scream_0180.wav,audio data/panic_scream/panic_scream_0180.wav,panic_scream,Panic Scream,3.0,16000,1,PCM_16,96044,WAV,indoor/outdoor,digital microphone / synthetic,1-15m,original,train,2026-09-27 12:06:14,378d6435374aa92055741c603072463bff26606edf7696da4f9ad9b1d81f1988,critical,True
SS-02282,panic_scream_0181.wav,audio data/panic_scream/panic_scream_0181.wav,panic_scream,Panic Scream,3.0,16000,1,PCM_16,96044,WAV,indoor/outdoor,digital microphone / synthetic,1-15m,original,train,2026-09-27 12:06:14,9a1af2f8ae0ba04ae66020239c1d390c6a0cab58c89af7b761c4eaca0e7bc541,critical,True
SS-02283,panic_scream_0182.wav,audio data/panic_scream/panic_scream_0182.wav,panic_scream,Panic Scream,3.0,16000,1,PCM_16,96044,WAV,indoor/outdoor,digital microphone / synthetic,1-15m,original,validation,2026-09-27 12:06:14,a74f6adda68267d7193523228dee0d734ddcf94ef2fbfc74343e21baf8c9290f,critical,True
SS-02284,panic_scream_0183.wav,audio data/panic_scream/panic_scream_0183.wav,panic_scream,Panic Scream,3.0,16000,1,PCM_16,96044,WAV,indoor/outdoor,digital microphone / synthetic,1-15m,original,train,2026-09-27 12:06:14,cd49cdac80e43bc4dd2534e2b8bff47a1752c0a9f01974c5770fdbbb386093ca,critical,True
SS-02285,panic_scream_0184.wav,audio data/panic_scream/panic_scream_0184.wav,panic_scream,Panic Scream,3.0,16000,1,PCM_16,96044,WAV,indoor/outdoor,digital microphone / synthetic,1-15m,original,train,2026-09-27 12:06:14,11f7ae73eb6491910dca57d295cb5a1ccb5cd2af82ae8d23b2dac96e9a98840e,critical,True
SS-02286,panic_scream_0185.wav,audio data/panic_scream/panic_scream_0185.wav,panic_scream,Panic Scream,3.0,16000,1,PCM_16,96044,WAV,indoor/outdoor,digital microphone / synthetic,1-15m,original,test,2026-09-27 12:06:14,186ec791f6f383844f39deb7ae7161cc7d63decf495e6ac9521243af66251b07,critical,True
SS-02287,panic_scream_0186.wav,audio data/panic_scream/panic_scream_0186.wav,panic_scream,Panic Scream,3.0,16000,1,PCM_16,96044,WAV,indoor/outdoor,digital microphone / synthetic,1-15m,original,test,2026-09-27 12:06:14,0a418c68f1530dbb79565314df59f7ea7ff7fdcdca5ed0c4fbe450ce6ae4be79,critical,True
SS-02288,panic_scream_0187.wav,audio data/panic_scream/panic_scream_0187.wav,panic_scream,Panic Scream,3.0,16000,1,PCM_16,96044,WAV,indoor/outdoor,digital microphone / synthetic,1-15m,original,train,2026-09-27 12:06:14,42b07435292c1937e44fb0a58577762a885cb125b04676ea42c9fd55294ad310,critical,True
SS-02289,panic_scream_0188.wav,audio data/panic_scream/panic_scream_0188.wav,panic_scream,Panic Scream,3.0,16000,1,PCM_16,96044,WAV,indoor/outdoor,digital microphone / synthetic,1-15m,original,train,2026-09-27 12:06:14,8f2e3ed6663333c12076bfa593930e95db66b7c2a2af87a534a396423d8c46a0,critical,True
SS-02290,panic_scream_0189.wav,audio data/panic_scream/panic_scream_0189.wav,panic_scream,Panic Scream,3.0,16000,1,PCM_16,96044,WAV,indoor/outdoor,digital microphone / synthetic,1-15m,original,test,2026-09-27 12:06:14,699eb1e5a72cfb8f72696368ac2ac8ab8acdb35202c3cff2c2583160c3609354,critical,True
SS-02291,panic_scream_0190.wav,audio data/panic_scream/panic_scream_0190.wav,panic_scream,Panic Scream,3.0,16000,1,PCM_16,96044,WAV,indoor/outdoor,digital microphone / synthetic,1-15m,original,train,2026-09-27 12:06:14,c6fd4d2421c241e8878b666da8bccd978dd6a3dc866cd9c5c79225d5702e9bc9,critical,True
SS-02292,panic_scream_0191.wav,audio data/panic_scream/panic_scream_0191.wav,panic_scream,Panic Scream,3.0,16000,1,PCM_16,96044,WAV,indoor/outdoor,digital microphone / synthetic,1-15m,original,train,2026-09-27 12:06:14,a2dc2477466a2fb05e66de3f8ce9f8f81edf47fb2c15978de35de8be84be0847,critical,True
SS-02293,panic_scream_0192.wav,audio data/panic_scream/panic_scream_0192.wav,panic_scream,Panic Scream,3.0,16000,1,PCM_16,96044,WAV,indoor/outdoor,digital microphone / synthetic,1-15m,original,train,2026-09-27 12:06:14,5f3adb7353de908e0342142fe55d1ccd98629639f7d7180458af53e13000240e,critical,True
SS-02294,panic_scream_0193.wav,audio data/panic_scream/panic_scream_0193.wav,panic_scream,Panic Scream,3.0,16000,1,PCM_16,96044,WAV,indoor/outdoor,digital microphone / synthetic,1-15m,original,train,2026-09-27 12:06:14,53da82611c81b772a6e94ca49d0f1e74a4ed06ecae390ce902759de8235af951,critical,True
SS-02295,panic_scream_0194.wav,audio data/panic_scream/panic_scream_0194.wav,panic_scream,Panic Scream,3.0,16000,1,PCM_16,96044,WAV,indoor/outdoor,digital microphone / synthetic,1-15m,original,train,2026-09-27 12:06:14,862d0ada9b797a4e18e143dd4fe4c0bb36129c822e33eb88b69c1e4ff590efaa,critical,True
SS-02296,panic_scream_0195.wav,audio data/panic_scream/panic_scream_0195.wav,panic_scream,Panic Scream,3.0,16000,1,PCM_16,96044,WAV,indoor/outdoor,digital microphone / synthetic,1-15m,original,train,2026-09-27 12:06:14,f8969e850de630e71f61417497af26b2fe0d8e90bc6e7979e465600135aba5f1,critical,True
SS-02297,panic_scream_0196.wav,audio data/panic_scream/panic_scream_0196.wav,panic_scream,Panic Scream,3.0,16000,1,PCM_16,96044,WAV,indoor/outdoor,digital microphone / synthetic,1-15m,original,train,2026-09-27 12:06:14,9fb3c56c50b415cec08278da566ae0bf3875b1b901223e26c7099ae3ff4ad3ca,critical,True
SS-02298,panic_scream_0197.wav,audio data/panic_scream/panic_scream_0197.wav,panic_scream,Panic Scream,3.0,16000,1,PCM_16,96044,WAV,indoor/outdoor,digital microphone / synthetic,1-15m,original,validation,2026-09-27 12:06:14,deb694182e74d109b01954d874585c8e2bb35019de0cd1037d16208e22a7f324,critical,True
SS-02299,panic_scream_0198.wav,audio data/panic_scream/panic_scream_0198.wav,panic_scream,Panic Scream,3.0,16000,1,PCM_16,96044,WAV,indoor/outdoor,digital microphone / synthetic,1-15m,original,train,2026-09-27 12:06:14,ea9e9d2c4442b9555afad403950c4bb3f5e89fd034b198f16aefcae6dc8b90f5,critical,True
SS-02300,panic_scream_0199.wav,audio data/panic_scream/panic_scream_0199.wav,panic_scream,Panic Scream,3.0,16000,1,PCM_16,96044,WAV,indoor/outdoor,digital microphone / synthetic,1-15m,original,train,2026-09-27 12:06:14,5d2590d70f70e7f9ec46676c18f44fd7c4acb83e5cecb7e6289e5d4e0765eb1c,critical,True
SS-02301,panic_scream_0200.wav,audio data/panic_scream/panic_scream_0200.wav,panic_scream,Panic Scream,3.0,16000,1,PCM_16,96044,WAV,indoor/outdoor,digital microphone / synthetic,1-15m,original,validation,2026-09-27 12:06:14,0269a0553008d51b586e85cb14e4556452a8a98f87ed3d3b42a1cc408e258102,critical,True
SS-02302,panic_scream_0201.wav,audio data/panic_scream/panic_scream_0201.wav,panic_scream,Panic Scream,3.0,16000,1,PCM_16,96044,WAV,indoor/outdoor,digital microphone / synthetic,1-15m,original,train,2026-09-27 12:06:14,b06933ac05f0a47ee85004f8fdc58f7dcdc15662c0b60ac0a2199bc76bc794b5,critical,True
SS-02303,panic_scream_0202.wav,audio data/panic_scream/panic_scream_0202.wav,panic_scream,Panic Scream,3.0,16000,1,PCM_16,96044,WAV,indoor/outdoor,digital microphone / synthetic,1-15m,original,train,2026-09-27 12:06:14,762d31964ee5f124ebd2a47fe220b5640c778d102e51fdd01160045106827e78,critical,True
SS-02304,panic_scream_0203.wav,audio data/panic_scream/panic_scream_0203.wav,panic_scream,Panic Scream,3.0,16000,1,PCM_16,96044,WAV,indoor/outdoor,digital microphone / synthetic,1-15m,original,train,2026-09-27 12:06:14,96878b5f3429e9616f3ddf941cefc994b4073b2949ca6098cf6c5d09c28521f4,critical,True
SS-02305,panic_scream_0204.wav,audio data/panic_scream/panic_scream_0204.wav,panic_scream,Panic Scream,3.0,16000,1,PCM_16,96044,WAV,indoor/outdoor,digital microphone / synthetic,1-15m,original,test,2026-09-27 12:06:14,373c37bfa9a9f1cd119df5dac3b51357aa37fa99eb0f91932159da68768dd270,critical,True
SS-02306,panic_scream_0205.wav,audio data/panic_scream/panic_scream_0205.wav,panic_scream,Panic Scream,3.0,16000,1,PCM_16,96044,WAV,indoor/outdoor,digital microphone / synthetic,1-15m,original,train,2026-09-27 12:06:14,e2aa5e28bb3c6aa4e116ffc4ba77e427dbeaa032e72df9511f9ea2d8bf4db1e4,critical,True
SS-02307,panic_scream_0206.wav,audio data/panic_scream/panic_scream_0206.wav,panic_scream,Panic Scream,3.0,16000,1,PCM_16,96044,WAV,indoor/outdoor,digital microphone / synthetic,1-15m,original,train,2026-09-27 12:06:14,78aa48e3c8cca549c937ba7c2619c7a9747bd19587c8520c1206e22b4a1587a1,critical,True
SS-02308,panic_scream_0207.wav,audio data/panic_scream/panic_scream_0207.wav,panic_scream,Panic Scream,3.0,16000,1,PCM_16,96044,WAV,indoor/outdoor,digital microphone / synthetic,1-15m,original,train,2026-09-27 12:06:14,cf877b64bf26181a9db58f606d02a45a8c0f6a7486cf2191df22d102e28554a6,critical,True
SS-02309,panic_scream_0208.wav,audio data/panic_scream/panic_scream_0208.wav,panic_scream,Panic Scream,3.0,16000,1,PCM_16,96044,WAV,indoor/outdoor,digital microphone / synthetic,1-15m,original,train,2026-09-27 12:06:14,0e63d99d3880aadec31299b16448f5f58d10fe412a0da3c7ff39f79892847cc7,critical,True
SS-02310,panic_scream_0209.wav,audio data/panic_scream/panic_scream_0209.wav,panic_scream,Panic Scream,3.0,16000,1,PCM_16,96044,WAV,indoor/outdoor,digital microphone / synthetic,1-15m,original,train,2026-09-27 12:06:14,ec0b263835a65b69efb4c296f8bdaa208da688907fb6d4ec7c19e95f82902dff,critical,True
SS-02311,panic_scream_0210.wav,audio data/panic_scream/panic_scream_0210.wav,panic_scream,Panic Scream,3.0,16000,1,PCM_16,96044,WAV,indoor/outdoor,digital microphone / synthetic,1-15m,original,test,2026-09-27 12:06:14,84c7955edfde55627a04072a39661d3db06cace08d822c330eec6c43cccb048e,critical,True
SS-02312,panic_scream_0211.wav,audio data/panic_scream/panic_scream_0211.wav,panic_scream,Panic Scream,3.0,16000,1,PCM_16,96044,WAV,indoor/outdoor,digital microphone / synthetic,1-15m,original,test,2026-09-27 12:06:14,1f8ec61870834fefaf3794b3738923baab71a0db0281f353ad9cf947a6c15c6b,critical,True
SS-02313,panic_scream_0212.wav,audio data/panic_scream/panic_scream_0212.wav,panic_scream,Panic Scream,3.0,16000,1,PCM_16,96044,WAV,indoor/outdoor,digital microphone / synthetic,1-15m,original,train,2026-09-27 12:06:14,b37a5340b9a460581def8d548d5147c6138ff466cddf5f147298285e74e545ed,critical,True
SS-02314,panic_scream_0213.wav,audio data/panic_scream/panic_scream_0213.wav,panic_scream,Panic Scream,3.0,16000,1,PCM_16,96044,WAV,indoor/outdoor,digital microphone / synthetic,1-15m,original,validation,2026-09-27 12:06:14,2b186eb9185a4a731b7fe11b1cecf86b93966baa68e2781d18e0327e26f5428a,critical,True
SS-02315,panic_scream_0214.wav,audio data/panic_scream/panic_scream_0214.wav,panic_scream,Panic Scream,3.0,16000,1,PCM_16,96044,WAV,indoor/outdoor,digital microphone / synthetic,1-15m,original,train,2026-09-27 12:06:14,e9226e9a0540632c0f6b40a6883a78a0f894f5af8f994bd1e2b0071aacbfa603,critical,True
SS-02316,panic_scream_0215.wav,audio data/panic_scream/panic_scream_0215.wav,panic_scream,Panic Scream,3.0,16000,1,PCM_16,96044,WAV,indoor/outdoor,digital microphone / synthetic,1-15m,original,train,2026-09-27 12:06:14,9b9302552c00ce1f7e7763589d4e00333d4dd5ff79c43df818ed111f578ef714,critical,True
SS-02317,panic_scream_0216.wav,audio data/panic_scream/panic_scream_0216.wav,panic_scream,Panic Scream,3.0,16000,1,PCM_16,96044,WAV,indoor/outdoor,digital microphone / synthetic,1-15m,original,train,2026-09-27 12:06:14,d816b6ec4019a8847535eec87ca697b69d7b063ba5215e51d5d8e64fd3d023b0,critical,True
SS-02318,panic_scream_0217.wav,audio data/panic_scream/panic_scream_0217.wav,panic_scream,Panic Scream,3.0,16000,1,PCM_16,96044,WAV,indoor/outdoor,digital microphone / synthetic,1-15m,original,validation,2026-09-27 12:06:14,046baae31f577c60a89f47eb094b4247896aa51cb1716c1f491a99cb9ea5ea47,critical,True
SS-02319,panic_scream_0218.wav,audio data/panic_scream/panic_scream_0218.wav,panic_scream,Panic Scream,3.0,16000,1,PCM_16,96044,WAV,indoor/outdoor,digital microphone / synthetic,1-15m,original,train,2026-09-27 12:06:14,bcd8dea0722c11b0904a74d2a7dfd18e633ea84f8fba7f1490227ddf2f87fbec,critical,True
SS-02320,panic_scream_0219.wav,audio data/panic_scream/panic_scream_0219.wav,panic_scream,Panic Scream,3.0,16000,1,PCM_16,96044,WAV,indoor/outdoor,digital microphone / synthetic,1-15m,original,train,2026-09-27 12:06:14,d8f0ed09d40810094718ce885876b6bc823518e71981d2db908aceba7196fc41,critical,True
SS-02321,panic_scream_0220.wav,audio data/panic_scream/panic_scream_0220.wav,panic_scream,Panic Scream,3.0,16000,1,PCM_16,96044,WAV,indoor/outdoor,digital microphone / synthetic,1-15m,original,train,2026-09-27 12:06:14,15d1d444c164373d0080658be626e5c44570f37bfe455bc467387b09159ab842,critical,True
SS-02322,panic_scream_0221.wav,audio data/panic_scream/panic_scream_0221.wav,panic_scream,Panic Scream,3.0,16000,1,PCM_16,96044,WAV,indoor/outdoor,digital microphone / synthetic,1-15m,original,train,2026-09-27 12:06:14,aedfe251752cce4ba1e85cd161b6e0c7b43feffaaa076465731af94aaffb27a6,critical,True
SS-02323,panic_scream_0222.wav,audio data/panic_scream/panic_scream_0222.wav,panic_scream,Panic Scream,3.0,16000,1,PCM_16,96044,WAV,indoor/outdoor,digital microphone / synthetic,1-15m,original,train,2026-09-27 12:06:14,61a89b185aeead11a91181063f944995c653d0b1fcd01c7f0891f584fef2bf1e,critical,True
SS-02324,panic_scream_0223.wav,audio data/panic_scream/panic_scream_0223.wav,panic_scream,Panic Scream,3.0,16000,1,PCM_16,96044,WAV,indoor/outdoor,digital microphone / synthetic,1-15m,original,validation,2026-09-27 12:06:14,27d1ef48b6703224618d3f5f5131f6b6af090f23b2bf02422d7902e73053b386,critical,True
SS-02325,panic_scream_0224.wav,audio data/panic_scream/panic_scream_0224.wav,panic_scream,Panic Scream,3.0,16000,1,PCM_16,96044,WAV,indoor/outdoor,digital microphone / synthetic,1-15m,original,train,2026-09-27 12:06:14,d3f2e9add6cfd599218e478c16afb05f46fc4f496b82b7385569e911f74704a1,critical,True
SS-02326,panic_scream_0225.wav,audio data/panic_scream/panic_scream_0225.wav,panic_scream,Panic Scream,3.0,16000,1,PCM_16,96044,WAV,indoor/outdoor,digital microphone / synthetic,1-15m,original,validation,2026-09-27 12:06:14,350a2a4a0e1719ee3735e0193e7f65b5534eae1e40aca730c22637e3f7eb3838,critical,True
SS-02327,panic_scream_0226.wav,audio data/panic_scream/panic_scream_0226.wav,panic_scream,Panic Scream,3.0,16000,1,PCM_16,96044,WAV,indoor/outdoor,digital microphone / synthetic,1-15m,original,train,2026-09-27 12:06:14,1e19328c3ca58acabb882a91d53ac906585e381db75bffaa5a4a0188b121386e,critical,True
SS-02328,panic_scream_0227.wav,audio data/panic_scream/panic_scream_0227.wav,panic_scream,Panic Scream,3.0,16000,1,PCM_16,96044,WAV,indoor/outdoor,digital microphone / synthetic,1-15m,original,train,2026-09-27 12:06:14,2ba1e9f21c4df48a9cc8739cb9e180aff694fd9d7e94bf6f67306b9d14c1c87d,critical,True
SS-02329,panic_scream_0228.wav,audio data/panic_scream/panic_scream_0228.wav,panic_scream,Panic Scream,3.0,16000,1,PCM_16,96044,WAV,indoor/outdoor,digital microphone / synthetic,1-15m,original,test,2026-09-27 12:06:14,d9a2d035e432b986aa20aea2b91b2d2865be6641c1492587b8f90f0d68e152f6,critical,True
SS-02330,panic_scream_0229.wav,audio data/panic_scream/panic_scream_0229.wav,panic_scream,Panic Scream,3.0,16000,1,PCM_16,96044,WAV,indoor/outdoor,digital microphone / synthetic,1-15m,original,test,2026-09-27 12:06:14,ae989f5360db8453ed01410ecaa5c56b3149a10313c0b340dca50a678c2ff9e6,critical,True
SS-02331,panic_scream_0230.wav,audio data/panic_scream/panic_scream_0230.wav,panic_scream,Panic Scream,3.0,16000,1,PCM_16,96044,WAV,indoor/outdoor,digital microphone / synthetic,1-15m,original,train,2026-09-27 12:06:14,0c0e653e169c905ce7dc4dff35f415cc24f80be45a496cac9d5bafdaf03c30bd,critical,True
SS-02332,panic_scream_0231.wav,audio data/panic_scream/panic_scream_0231.wav,panic_scream,Panic Scream,3.0,16000,1,PCM_16,96044,WAV,indoor/outdoor,digital microphone / synthetic,1-15m,original,train,2026-09-27 12:06:14,d43d00cbf3d8c79f2a10a18926a42e48f10ee19ebacb81f23c721703f2af4f87,critical,True
SS-02333,panic_scream_0232.wav,audio data/panic_scream/panic_scream_0232.wav,panic_scream,Panic Scream,3.0,16000,1,PCM_16,96044,WAV,indoor/outdoor,digital microphone / synthetic,1-15m,original,test,2026-09-27 12:06:14,4e837422dcb8ca1bfcac878d1ee4ac4af3e9c2f0d84cb0826fd21a7162cb8549,critical,True
SS-02334,panic_scream_0233.wav,audio data/panic_scream/panic_scream_0233.wav,panic_scream,Panic Scream,3.0,16000,1,PCM_16,96044,WAV,indoor/outdoor,digital microphone / synthetic,1-15m,original,train,2026-09-27 12:06:14,700822fe140d22db9a517c210a1b789fd7bcb4b1888ccc61a0dcb6614a9e99a2,critical,True
SS-02335,panic_scream_0234.wav,audio data/panic_scream/panic_scream_0234.wav,panic_scream,Panic Scream,3.0,16000,1,PCM_16,96044,WAV,indoor/outdoor,digital microphone / synthetic,1-15m,original,train,2026-09-27 12:06:14,a08f2f91a0002f0874df2db866fff0e3ad4028611342b5b38db8229913da24fa,critical,True
SS-02336,panic_scream_0235.wav,audio data/panic_scream/panic_scream_0235.wav,panic_scream,Panic Scream,3.0,16000,1,PCM_16,96044,WAV,indoor/outdoor,digital microphone / synthetic,1-15m,original,train,2026-09-27 12:06:14,aa358c71b9293fd15f9d9b76c11d02f70ba5c6720fe24ec9f0cb5c58723fdbff,critical,True
SS-02337,panic_scream_0236.wav,audio data/panic_scream/panic_scream_0236.wav,panic_scream,Panic Scream,3.0,16000,1,PCM_16,96044,WAV,indoor/outdoor,digital microphone / synthetic,1-15m,original,train,2026-09-27 12:06:14,7f94a2129ae13b545b27b4297e51c860f8f47ce1d4d9a3d84292309fb0044d51,critical,True
SS-02338,panic_scream_0237.wav,audio data/panic_scream/panic_scream_0237.wav,panic_scream,Panic Scream,3.0,16000,1,PCM_16,96044,WAV,indoor/outdoor,digital microphone / synthetic,1-15m,original,train,2026-09-27 12:06:14,31de4af6d5abb0b5f8d4eef5f1dea9cd0b78cbbdc8c0c1bcd5c630a8efd9a1f3,critical,True
SS-02339,panic_scream_0238.wav,audio data/panic_scream/panic_scream_0238.wav,panic_scream,Panic Scream,3.0,16000,1,PCM_16,96044,WAV,indoor/outdoor,digital microphone / synthetic,1-15m,original,train,2026-09-27 12:06:14,3fd6571b4f9c0de2e7bb1c3d737f5f213227f255ba34ca0d313531d35c955289,critical,True
SS-02340,panic_scream_0239.wav,audio data/panic_scream/panic_scream_0239.wav,panic_scream,Panic Scream,3.0,16000,1,PCM_16,96044,WAV,indoor/outdoor,digital microphone / synthetic,1-15m,original,train,2026-09-27 12:06:14,939e07319ca464658b367c0f81435ed0396f9055e05d5c220457da7e534ee6cb,critical,True
SS-02341,panic_scream_0240.wav,audio data/panic_scream/panic_scream_0240.wav,panic_scream,Panic Scream,3.0,16000,1,PCM_16,96044,WAV,indoor/outdoor,digital microphone / synthetic,1-15m,original,test,2026-09-27 12:06:14,e856dc59962dde99b8b05000cdf7cc104ba93b42a6cb98242d53e94c9de9d39a,critical,True
SS-02342,panic_scream_0241.wav,audio data/panic_scream/panic_scream_0241.wav,panic_scream,Panic Scream,3.0,16000,1,PCM_16,96044,WAV,indoor/outdoor,digital microphone / synthetic,1-15m,original,validation,2026-09-27 12:06:14,9c56ab545c73950fcc60b4e1dce883e71558172d59c149060d2e8ef676bfc7e0,critical,True
SS-02343,panic_scream_0242.wav,audio data/panic_scream/panic_scream_0242.wav,panic_scream,Panic Scream,3.0,16000,1,PCM_16,96044,WAV,indoor/outdoor,digital microphone / synthetic,1-15m,original,train,2026-09-27 12:06:14,60a89f678fe49bf5dc7aa8a8d112c13f5364a5c82a70d8450e76c488071ae2e1,critical,True
SS-02344,panic_scream_0243.wav,audio data/panic_scream/panic_scream_0243.wav,panic_scream,Panic Scream,3.0,16000,1,PCM_16,96044,WAV,indoor/outdoor,digital microphone / synthetic,1-15m,original,validation,2026-09-27 12:06:14,18b076333bca086b0fdaaf49da9d6cd11090a079a0af8e5eaadf87a5ad69ae31,critical,True
SS-02345,panic_scream_0244.wav,audio data/panic_scream/panic_scream_0244.wav,panic_scream,Panic Scream,3.0,16000,1,PCM_16,96044,WAV,indoor/outdoor,digital microphone / synthetic,1-15m,original,train,2026-09-27 12:06:14,cb9aaabf2d69c004ef8942b8a9d8a89db10f520faee5833040e7161849bf2bde,critical,True
SS-02346,panic_scream_0245.wav,audio data/panic_scream/panic_scream_0245.wav,panic_scream,Panic Scream,3.0,16000,1,PCM_16,96044,WAV,indoor/outdoor,digital microphone / synthetic,1-15m,original,validation,2026-09-27 12:06:14,2a2d0618502c8a4e3888aaa7ea99cd5004dac6357e83beab95d6d32e975a91e2,critical,True
SS-02347,panic_scream_0246.wav,audio data/panic_scream/panic_scream_0246.wav,panic_scream,Panic Scream,3.0,16000,1,PCM_16,96044,WAV,indoor/outdoor,digital microphone / synthetic,1-15m,original,test,2026-09-27 12:06:14,efd4b37d6ed811a51b1e02dc15884d878374e47c56dac5cddbe77493fb23269c,critical,True
SS-02348,panic_scream_0247.wav,audio data/panic_scream/panic_scream_0247.wav,panic_scream,Panic Scream,3.0,16000,1,PCM_16,96044,WAV,indoor/outdoor,digital microphone / synthetic,1-15m,original,validation,2026-09-27 12:06:14,55979708cf580b308373ae05ddcc9e70c1a1d2ae5b6ed1995882d583d9da5e4d,critical,True
SS-02349,panic_scream_0248.wav,audio data/panic_scream/panic_scream_0248.wav,panic_scream,Panic Scream,3.0,16000,1,PCM_16,96044,WAV,indoor/outdoor,digital microphone / synthetic,1-15m,original,train,2026-09-27 12:06:14,02239ab9ce21899f5fdbc8fdd7c759df020deccc4341ff1ff0f73386b16a68c4,critical,True
SS-02350,panic_scream_0249.wav,audio data/panic_scream/panic_scream_0249.wav,panic_scream,Panic Scream,3.0,16000,1,PCM_16,96044,WAV,indoor/outdoor,digital microphone / synthetic,1-15m,original,validation,2026-09-27 12:06:14,a45fc7eae49636779294799cd7fc26d93c18a24b02651b7a846f9732cac615f8,critical,True
SS-02351,panic_scream_0250.wav,audio data/panic_scream/panic_scream_0250.wav,panic_scream,Panic Scream,3.0,16000,1,PCM_16,96044,WAV,indoor/outdoor,digital microphone / synthetic,1-15m,original,train,2026-09-27 12:06:14,f7c8cadd52ec5b8778f804ef17d1e203c933cebff7395415157a2034c8964772,critical,True
SS-02352,panic_scream_0251.wav,audio data/panic_scream/panic_scream_0251.wav,panic_scream,Panic Scream,3.0,16000,1,PCM_16,96044,WAV,indoor/outdoor,digital microphone / synthetic,1-15m,original,train,2026-09-27 12:06:14,b129a08201ebdc19810b44770b6bf705f71f74ff9c6823afe7006e18a511cac5,critical,True
SS-02353,panic_scream_0252.wav,audio data/panic_scream/panic_scream_0252.wav,panic_scream,Panic Scream,3.0,16000,1,PCM_16,96044,WAV,indoor/outdoor,digital microphone / synthetic,1-15m,original,test,2026-09-27 12:06:14,b2a80ebac912679c954831e9da42ad75e32a1992471ed0786d92a2a79f51308d,critical,True
SS-02354,panic_scream_0253.wav,audio data/panic_scream/panic_scream_0253.wav,panic_scream,Panic Scream,3.0,16000,1,PCM_16,96044,WAV,indoor/outdoor,digital microphone / synthetic,1-15m,original,test,2026-09-27 12:06:14,2a3a59e330c51cf294cbdc8e4702bd668b60784995ee026ad705226af4877b55,critical,True
SS-02355,panic_scream_0254.wav,audio data/panic_scream/panic_scream_0254.wav,panic_scream,Panic Scream,3.0,16000,1,PCM_16,96044,WAV,indoor/outdoor,digital microphone / synthetic,1-15m,original,train,2026-09-27 12:06:14,1723117f8c3eff9dc41493cf39a9b90cb7a21e72321b7b871bfabae34d50b9d8,critical,True
SS-02356,panic_scream_0255.wav,audio data/panic_scream/panic_scream_0255.wav,panic_scream,Panic Scream,3.0,16000,1,PCM_16,96044,WAV,indoor/outdoor,digital microphone / synthetic,1-15m,original,validation,2026-09-27 12:06:14,68a242fdd8e2fd810f766bda8bc9a63fea09feba847e86560d3e2d727f7aa801,critical,True
SS-02357,panic_scream_0256.wav,audio data/panic_scream/panic_scream_0256.wav,panic_scream,Panic Scream,3.0,16000,1,PCM_16,96044,WAV,indoor/outdoor,digital microphone / synthetic,1-15m,original,train,2026-09-27 12:06:14,d0ec8bc32f16af01ee4e79d64ea4bf87ec737426d65f3dc9f551573d9dad9388,critical,True
SS-02358,panic_scream_0257.wav,audio data/panic_scream/panic_scream_0257.wav,panic_scream,Panic Scream,3.0,16000,1,PCM_16,96044,WAV,indoor/outdoor,digital microphone / synthetic,1-15m,original,train,2026-09-27 12:06:14,2cc33e38e2c4927e67e5c82914d16710b5694764ff23cb47be3dda734b98cf76,critical,True
SS-02359,panic_scream_0258.wav,audio data/panic_scream/panic_scream_0258.wav,panic_scream,Panic Scream,3.0,16000,1,PCM_16,96044,WAV,indoor/outdoor,digital microphone / synthetic,1-15m,original,train,2026-09-27 12:06:14,695e67375301109dad7bc81785fb7bae5cdff04ce8ef4cb812383b3a398d54ed,critical,True
SS-02360,panic_scream_0259.wav,audio data/panic_scream/panic_scream_0259.wav,panic_scream,Panic Scream,3.0,16000,1,PCM_16,96044,WAV,indoor/outdoor,digital microphone / synthetic,1-15m,original,validation,2026-09-27 12:06:14,bfa002042ed4aa3f3c747f5ba6ed836df2364d48fbde27ce382facaa4047a785,critical,True
SS-02361,panic_scream_0260.wav,audio data/panic_scream/panic_scream_0260.wav,panic_scream,Panic Scream,3.0,16000,1,PCM_16,96044,WAV,indoor/outdoor,digital microphone / synthetic,1-15m,original,train,2026-09-27 12:06:14,5dcbf4109959ade5eb2597f4a7b6e1a23d1157e5615f0a47a65be1adc91e1450,critical,True
SS-02362,panic_scream_0261.wav,audio data/panic_scream/panic_scream_0261.wav,panic_scream,Panic Scream,3.0,16000,1,PCM_16,96044,WAV,indoor/outdoor,digital microphone / synthetic,1-15m,original,test,2026-09-27 12:06:14,5eed564da3168f0308838c208316d17a25aabee120a13f22c7688aecb25f0f03,critical,True
SS-02363,panic_scream_0262.wav,audio data/panic_scream/panic_scream_0262.wav,panic_scream,Panic Scream,3.0,16000,1,PCM_16,96044,WAV,indoor/outdoor,digital microphone / synthetic,1-15m,original,validation,2026-09-27 12:06:14,083fa707462cab767acc379c3ba776fad897e697e4569db0046f102d2feb3d4e,critical,True
SS-02364,panic_scream_0263.wav,audio data/panic_scream/panic_scream_0263.wav,panic_scream,Panic Scream,3.0,16000,1,PCM_16,96044,WAV,indoor/outdoor,digital microphone / synthetic,1-15m,original,train,2026-09-27 12:06:14,aabab7d896c2452a16a9380891577cb422d9cc55e9d520c9e258165d04555e85,critical,True
SS-02365,panic_scream_0264.wav,audio data/panic_scream/panic_scream_0264.wav,panic_scream,Panic Scream,3.0,16000,1,PCM_16,96044,WAV,indoor/outdoor,digital microphone / synthetic,1-15m,original,train,2026-09-27 12:06:14,b8e6f199003c0f92d7ff672d3c9534d07b17720ad82fd3aa918a2b6cb9831a6d,critical,True
SS-02366,panic_scream_0265.wav,audio data/panic_scream/panic_scream_0265.wav,panic_scream,Panic Scream,3.0,16000,1,PCM_16,96044,WAV,indoor/outdoor,digital microphone / synthetic,1-15m,original,train,2026-09-27 12:06:14,c450f9b2e7344f9cf2466543e0a92f9c355aabfbec8b1321847679aeb0632ba2,critical,True
SS-02367,panic_scream_0266.wav,audio data/panic_scream/panic_scream_0266.wav,panic_scream,Panic Scream,3.0,16000,1,PCM_16,96044,WAV,indoor/outdoor,digital microphone / synthetic,1-15m,original,train,2026-09-27 12:06:14,25ab3409d8811543e55ee3eff14580c8b30ea8f4ea132cbb0d2fdf7c753e7302,critical,True
SS-02368,panic_scream_0267.wav,audio data/panic_scream/panic_scream_0267.wav,panic_scream,Panic Scream,3.0,16000,1,PCM_16,96044,WAV,indoor/outdoor,digital microphone / synthetic,1-15m,original,train,2026-09-27 12:06:14,386a1b8324324291644983ed034bea7db773df8e6389681caf7fe8a81f8dbe4c,critical,True
SS-02369,panic_scream_0268.wav,audio data/panic_scream/panic_scream_0268.wav,panic_scream,Panic Scream,3.0,16000,1,PCM_16,96044,WAV,indoor/outdoor,digital microphone / synthetic,1-15m,original,train,2026-09-27 12:06:14,0a235e301ab29290cb699c2d0f153abeae81db2dfe0fa1f66a216d8591c0873b,critical,True
SS-02370,panic_scream_0269.wav,audio data/panic_scream/panic_scream_0269.wav,panic_scream,Panic Scream,3.0,16000,1,PCM_16,96044,WAV,indoor/outdoor,digital microphone / synthetic,1-15m,original,train,2026-09-27 12:06:14,7d51d7208f01055095db75c787a833da75b522f08dc5b49b63526a734a822d95,critical,True
SS-02371,panic_scream_0270.wav,audio data/panic_scream/panic_scream_0270.wav,panic_scream,Panic Scream,3.0,16000,1,PCM_16,96044,WAV,indoor/outdoor,digital microphone / synthetic,1-15m,original,train,2026-09-27 12:06:14,061526439c567b935266805a02e9a0ae02fd98d543bd74dbc4e05fe2013c59ff,critical,True
SS-02372,panic_scream_0271.wav,audio data/panic_scream/panic_scream_0271.wav,panic_scream,Panic Scream,3.0,16000,1,PCM_16,96044,WAV,indoor/outdoor,digital microphone / synthetic,1-15m,original,train,2026-09-27 12:06:14,8e48f8ba00bd950d0d885169511641f95400e70ffea67df0d4d8d83bfb616dec,critical,True
SS-02373,panic_scream_0272.wav,audio data/panic_scream/panic_scream_0272.wav,panic_scream,Panic Scream,3.0,16000,1,PCM_16,96044,WAV,indoor/outdoor,digital microphone / synthetic,1-15m,original,train,2026-09-27 12:06:14,1f39ba92abb47b6682324668df8899e5943c3f415bf60e241cf83497d527f3c1,critical,True
SS-02374,panic_scream_0273.wav,audio data/panic_scream/panic_scream_0273.wav,panic_scream,Panic Scream,3.0,16000,1,PCM_16,96044,WAV,indoor/outdoor,digital microphone / synthetic,1-15m,original,train,2026-09-27 12:06:14,3e06ca5ccf8ce863086adad317949a7474f9556501160a2aaa81ca44eead9da6,critical,True
SS-02375,panic_scream_0274.wav,audio data/panic_scream/panic_scream_0274.wav,panic_scream,Panic Scream,3.0,16000,1,PCM_16,96044,WAV,indoor/outdoor,digital microphone / synthetic,1-15m,original,train,2026-09-27 12:06:14,8cf262f65737b812084f39e1d2681b05d6948641e94b707eaf911f31b02575dc,critical,True
SS-02376,panic_scream_0275.wav,audio data/panic_scream/panic_scream_0275.wav,panic_scream,Panic Scream,3.0,16000,1,PCM_16,96044,WAV,indoor/outdoor,digital microphone / synthetic,1-15m,original,train,2026-09-27 12:06:14,9a1030ef4ed120ff0c9b81542a4b5bd10b3654979ffc06073182db2b7a63e570,critical,True
SS-02377,panic_scream_0276.wav,audio data/panic_scream/panic_scream_0276.wav,panic_scream,Panic Scream,3.0,16000,1,PCM_16,96044,WAV,indoor/outdoor,digital microphone / synthetic,1-15m,original,train,2026-09-27 12:06:14,31d485c513736386133259e471ff9e542e2cd7a499aaa4ca8a54d28fe7c8ab1e,critical,True
SS-02378,panic_scream_0277.wav,audio data/panic_scream/panic_scream_0277.wav,panic_scream,Panic Scream,3.0,16000,1,PCM_16,96044,WAV,indoor/outdoor,digital microphone / synthetic,1-15m,original,train,2026-09-27 12:06:14,db659622663d17f0afef8ca2fa6c20fb9e4d7830bdcfad8b435629a4c463d82c,critical,True
SS-02379,panic_scream_0278.wav,audio data/panic_scream/panic_scream_0278.wav,panic_scream,Panic Scream,3.0,16000,1,PCM_16,96044,WAV,indoor/outdoor,digital microphone / synthetic,1-15m,original,test,2026-09-27 12:06:14,503d46a80fff6e9f62fb4915964f93ff16058c17a92f48e27e9a74bc395ede5d,critical,True
SS-02380,panic_scream_0279.wav,audio data/panic_scream/panic_scream_0279.wav,panic_scream,Panic Scream,3.0,16000,1,PCM_16,96044,WAV,indoor/outdoor,digital microphone / synthetic,1-15m,original,train,2026-09-27 12:06:14,d7921a3fb58045e43e511f685ed64b71f169a5ac4ada2f550c082b3a0c518812,critical,True
SS-02381,panic_scream_0280.wav,audio data/panic_scream/panic_scream_0280.wav,panic_scream,Panic Scream,3.0,16000,1,PCM_16,96044,WAV,indoor/outdoor,digital microphone / synthetic,1-15m,original,train,2026-09-27 12:06:14,93f9fddafd0a286e172eb9564838f6f12142d9c01dcac7324533073f5127f6b4,critical,True
SS-02382,panic_scream_0281.wav,audio data/panic_scream/panic_scream_0281.wav,panic_scream,Panic Scream,3.0,16000,1,PCM_16,96044,WAV,indoor/outdoor,digital microphone / synthetic,1-15m,original,train,2026-09-27 12:06:14,4e946ff84de5fa8c6de8368d59d4917be1d824c074ff069d032698564badfed9,critical,True
SS-02383,panic_scream_0282.wav,audio data/panic_scream/panic_scream_0282.wav,panic_scream,Panic Scream,3.0,16000,1,PCM_16,96044,WAV,indoor/outdoor,digital microphone / synthetic,1-15m,original,test,2026-09-27 12:06:14,bfe8a7b3294014c4c14ecda31fc28481c61c0862c762aaf532218ef8a3154d77,critical,True
SS-02384,panic_scream_0283.wav,audio data/panic_scream/panic_scream_0283.wav,panic_scream,Panic Scream,3.0,16000,1,PCM_16,96044,WAV,indoor/outdoor,digital microphone / synthetic,1-15m,original,train,2026-09-27 12:06:14,cd72359a6d98a4f07ad1e40b82cdf11e1907020c89a008e1988396cc75e2eb93,critical,True
SS-02385,panic_scream_0284.wav,audio data/panic_scream/panic_scream_0284.wav,panic_scream,Panic Scream,3.0,16000,1,PCM_16,96044,WAV,indoor/outdoor,digital microphone / synthetic,1-15m,original,validation,2026-09-27 12:06:14,17a5719ce0f9129c5d4835403195b5a7c76a6b56402464d371e9af6901348bbc,critical,True
SS-02386,panic_scream_0285.wav,audio data/panic_scream/panic_scream_0285.wav,panic_scream,Panic Scream,3.0,16000,1,PCM_16,96044,WAV,indoor/outdoor,digital microphone / synthetic,1-15m,original,test,2026-09-27 12:06:14,c98d5d1c43ceedb454250024763132bcd17b9c6efffa1cbd5a55c5a5eed7f40e,critical,True
SS-02387,panic_scream_0286.wav,audio data/panic_scream/panic_scream_0286.wav,panic_scream,Panic Scream,3.0,16000,1,PCM_16,96044,WAV,indoor/outdoor,digital microphone / synthetic,1-15m,original,train,2026-09-27 12:06:14,32240821b9f88d58f92371aced4f8794f9a40ca5800f51bc71dd461ebd5ed32d,critical,True
SS-02388,panic_scream_0287.wav,audio data/panic_scream/panic_scream_0287.wav,panic_scream,Panic Scream,3.0,16000,1,PCM_16,96044,WAV,indoor/outdoor,digital microphone / synthetic,1-15m,original,validation,2026-09-27 12:06:14,a798bd2b487094c36b703b19bb89f74ec9a2fd87785e8a7e112cf395f9a5b851,critical,True
SS-02389,panic_scream_0288.wav,audio data/panic_scream/panic_scream_0288.wav,panic_scream,Panic Scream,3.0,16000,1,PCM_16,96044,WAV,indoor/outdoor,digital microphone / synthetic,1-15m,original,test,2026-09-27 12:06:14,16145232b00200c9e20cd9ca0e3a3a10a011fc6f002192c5985c28fd2a1307f5,critical,True
SS-02390,panic_scream_0289.wav,audio data/panic_scream/panic_scream_0289.wav,panic_scream,Panic Scream,3.0,16000,1,PCM_16,96044,WAV,indoor/outdoor,digital microphone / synthetic,1-15m,original,test,2026-09-27 12:06:14,175c11735a51005b1df058167dc53adf7adff8277af5e05400e872901237eb03,critical,True
SS-02391,panic_scream_0290.wav,audio data/panic_scream/panic_scream_0290.wav,panic_scream,Panic Scream,3.0,16000,1,PCM_16,96044,WAV,indoor/outdoor,digital microphone / synthetic,1-15m,original,train,2026-09-27 12:06:14,38478b849a188bb9442436d75064cb055ea48a547040bbb168f51bac5543d976,critical,True
SS-02392,panic_scream_0291.wav,audio data/panic_scream/panic_scream_0291.wav,panic_scream,Panic Scream,3.0,16000,1,PCM_16,96044,WAV,indoor/outdoor,digital microphone / synthetic,1-15m,original,test,2026-09-27 12:06:14,e1ec0a21a5ba089486de6e31bb00204d67d7b191d9d795c1d6ace8172b0da360,critical,True
SS-02393,panic_scream_0292.wav,audio data/panic_scream/panic_scream_0292.wav,panic_scream,Panic Scream,3.0,16000,1,PCM_16,96044,WAV,indoor/outdoor,digital microphone / synthetic,1-15m,original,test,2026-09-27 12:06:14,ca45f0ef65f1f1768e8fc6f05d593066a98b8db6461233f6f1732718a992693e,critical,True
SS-02394,panic_scream_0293.wav,audio data/panic_scream/panic_scream_0293.wav,panic_scream,Panic Scream,3.0,16000,1,PCM_16,96044,WAV,indoor/outdoor,digital microphone / synthetic,1-15m,original,train,2026-09-27 12:06:14,aca0067b07e1de0f36cbecbcc114cf0f2f4f534a4b3a3e3f073edef0a1fcf989,critical,True
SS-02395,panic_scream_0294.wav,audio data/panic_scream/panic_scream_0294.wav,panic_scream,Panic Scream,3.0,16000,1,PCM_16,96044,WAV,indoor/outdoor,digital microphone / synthetic,1-15m,original,train,2026-09-27 12:06:14,045fd86a5904dd61b29b147f398e952903b7f987acd4a7c34ef511b958add2c4,critical,True
SS-02396,panic_scream_0295.wav,audio data/panic_scream/panic_scream_0295.wav,panic_scream,Panic Scream,3.0,16000,1,PCM_16,96044,WAV,indoor/outdoor,digital microphone / synthetic,1-15m,original,train,2026-09-27 12:06:14,71f57db87eabbd5fbc5aed1edacebd609aed434df49671dc7057903a5bbf17c0,critical,True
SS-02397,panic_scream_0296.wav,audio data/panic_scream/panic_scream_0296.wav,panic_scream,Panic Scream,3.0,16000,1,PCM_16,96044,WAV,indoor/outdoor,digital microphone / synthetic,1-15m,original,validation,2026-09-27 12:06:14,5577fbdf44d8c28114f7714f174e102fb90d08e4865fb59161e5c2c3dc567c4d,critical,True
SS-02398,panic_scream_0297.wav,audio data/panic_scream/panic_scream_0297.wav,panic_scream,Panic Scream,3.0,16000,1,PCM_16,96044,WAV,indoor/outdoor,digital microphone / synthetic,1-15m,original,train,2026-09-27 12:06:14,a307b2753914f5126a8a581a5d72d54d973d36645cf6c4aac272dc05a5ecb770,critical,True
SS-02399,panic_scream_0298.wav,audio data/panic_scream/panic_scream_0298.wav,panic_scream,Panic Scream,3.0,16000,1,PCM_16,96044,WAV,indoor/outdoor,digital microphone / synthetic,1-15m,original,train,2026-09-27 12:06:14,fa2298e2d3e1c0e1e3ded0b93a193854145ad3cb2cf0b3326eff838fa6547756,critical,True
SS-02400,panic_scream_0299.wav,audio data/panic_scream/panic_scream_0299.wav,panic_scream,Panic Scream,3.0,16000,1,PCM_16,96044,WAV,indoor/outdoor,digital microphone / synthetic,1-15m,original,train,2026-09-27 12:06:14,9a84d75ee7937abcb552cbfe482cc52b14a60e199636bd54b764fd098eca3cc2,critical,True
SS-02401,panic_scream_0300.wav,audio data/panic_scream/panic_scream_0300.wav,panic_scream,Panic Scream,3.0,16000,1,PCM_16,96044,WAV,indoor/outdoor,digital microphone / synthetic,1-15m,original,train,2026-09-27 12:06:14,fbdb2449b3aa5a30e01fd4a76d562b97a722f1d3117d262e66410f2f61f441a3,critical,True
SS-02402,ava_emergency_170.wav,audio data/person_asking_for_help/ava_emergency_170.wav,person_asking_for_help,Person Asking for Help,1.1941,16000,1,PCM_16,42308,WAV,indoor/outdoor,digital microphone / synthetic,1-5m,original,train,2026-09-27 12:06:14,1252622067e6ccf51961011b4c47a8ab59ea104f5f950dd6360fc739f3005b86,critical,True
SS-02403,ava_emergency_200.wav,audio data/person_asking_for_help/ava_emergency_200.wav,person_asking_for_help,Person Asking for Help,1.0264,16000,1,PCM_16,36942,WAV,indoor/outdoor,digital microphone / synthetic,1-5m,original,validation,2026-09-27 12:06:14,3f1b60188662be3ae30f945d9545e8d067539bb5397c5f578830b120ebc69a51,critical,True
SS-02404,ava_help_me_140.wav,audio data/person_asking_for_help/ava_help_me_140.wav,person_asking_for_help,Person Asking for Help,1.1863,16000,1,PCM_16,42056,WAV,indoor/outdoor,digital microphone / synthetic,1-5m,original,train,2026-09-27 12:06:14,3416f71aee2102f2320e8af1d7974e65ac8253042f92a974641667eb513bb5b9,critical,True
SS-02405,ava_help_me_170.wav,audio data/person_asking_for_help/ava_help_me_170.wav,person_asking_for_help,Person Asking for Help,0.9829,16000,1,PCM_16,35550,WAV,indoor/outdoor,digital microphone / synthetic,1-5m,original,train,2026-09-27 12:06:14,f9d604abc70908f5bed7eac880a342ba5b4b6460ccebc43f941abbfb65c6d2d6,critical,True
SS-02406,ava_help_me_200.wav,audio data/person_asking_for_help/ava_help_me_200.wav,person_asking_for_help,Person Asking for Help,0.8262,16000,1,PCM_16,30534,WAV,indoor/outdoor,digital microphone / synthetic,1-5m,original,train,2026-09-27 12:06:14,7de89ea9d6622eae27efd0509c304b2588605fe2f642d63cd325ecdfce87d067,critical,True
SS-02407,ava_please_help_140.wav,audio data/person_asking_for_help/ava_please_help_140.wav,person_asking_for_help,Person Asking for Help,1.4287,16000,1,PCM_16,49816,WAV,indoor/outdoor,digital microphone / synthetic,1-5m,original,train,2026-09-27 12:06:14,6e86152926160a0ffac0630015561c8ce78310018af49cdf04f23d977fd42883,critical,True
SS-02408,ava_please_help_170.wav,audio data/person_asking_for_help/ava_please_help_170.wav,person_asking_for_help,Person Asking for Help,1.1638,16000,1,PCM_16,41336,WAV,indoor/outdoor,digital microphone / synthetic,1-5m,original,train,2026-09-27 12:06:14,63465914fe97f1d57d96888c86d8ef2b76646fb50496080aaf693d790fc1ea89,critical,True
SS-02409,ava_please_help_200.wav,audio data/person_asking_for_help/ava_please_help_200.wav,person_asking_for_help,Person Asking for Help,0.992,16000,1,PCM_16,35840,WAV,indoor/outdoor,digital microphone / synthetic,1-5m,original,train,2026-09-27 12:06:14,b064f80596423a6de5001beac6f55f7bb427be20422423f58c3dfee985d81897,critical,True
SS-02410,ava_somebody_help_140.wav,audio data/person_asking_for_help/ava_somebody_help_140.wav,person_asking_for_help,Person Asking for Help,1.6103,16000,1,PCM_16,55626,WAV,indoor/outdoor,digital microphone / synthetic,1-5m,original,train,2026-09-27 12:06:14,34627e15f20fe0487b50cd73fbdf64ae48bc70bbdc09ed0ba19bd03591973b94,critical,True
SS-02411,ava_somebody_help_170.wav,audio data/person_asking_for_help/ava_somebody_help_170.wav,person_asking_for_help,Person Asking for Help,1.3098,16000,1,PCM_16,46010,WAV,indoor/outdoor,digital microphone / synthetic,1-5m,original,train,2026-09-27 12:06:14,6991ab3ae334bb1209cb46eb752be32ebc8881ea854b7d00b0dce23837cfea92,critical,True
SS-02412,ava_somebody_help_200.wav,audio data/person_asking_for_help/ava_somebody_help_200.wav,person_asking_for_help,Person Asking for Help,1.1127,16000,1,PCM_16,39704,WAV,indoor/outdoor,digital microphone / synthetic,1-5m,original,test,2026-09-27 12:06:14,9e83ba30e4b9f6c24c9bf9d2518bdfb11da242bde40c3ec73c819b546cb1d20c,critical,True
SS-02413,bruce_call_for_help_140.wav,audio data/person_asking_for_help/bruce_call_for_help_140.wav,person_asking_for_help,Person Asking for Help,1.4266,16000,1,PCM_16,49748,WAV,indoor/outdoor,digital microphone / synthetic,1-5m,original,train,2026-09-27 12:06:14,ff935fd34abd95870c53a414853afbadd9a7110913f47f2d4b1b8540f54c0f6a,critical,True
SS-02414,bruce_call_for_help_170.wav,audio data/person_asking_for_help/bruce_call_for_help_170.wav,person_asking_for_help,Person Asking for Help,1.1803,16000,1,PCM_16,41864,WAV,indoor/outdoor,digital microphone / synthetic,1-5m,original,validation,2026-09-27 12:06:14,8cc91e1b92da08f229590363ab4c0e6c7ecb9d462ca4118d2fe0b8b654936963,critical,True
SS-02415,bruce_call_for_help_200.wav,audio data/person_asking_for_help/bruce_call_for_help_200.wav,person_asking_for_help,Person Asking for Help,1.0029,16000,1,PCM_16,36190,WAV,indoor/outdoor,digital microphone / synthetic,1-5m,original,validation,2026-09-27 12:06:14,1101ef89645a930e3507f45ae435bcaa564d7e8892bc3bf21f227ecffa63d8a5,critical,True
SS-02416,bruce_emergency_140.wav,audio data/person_asking_for_help/bruce_emergency_140.wav,person_asking_for_help,Person Asking for Help,1.2041,16000,1,PCM_16,42628,WAV,indoor/outdoor,digital microphone / synthetic,1-5m,original,train,2026-09-27 12:06:14,a613b92cce76de6705295ae52a97a4ced5b1ca974a3d63f89c5828a71737c4ff,critical,True
SS-02417,bruce_emergency_170.wav,audio data/person_asking_for_help/bruce_emergency_170.wav,person_asking_for_help,Person Asking for Help,0.9949,16000,1,PCM_16,35932,WAV,indoor/outdoor,digital microphone / synthetic,1-5m,original,train,2026-09-27 12:06:14,e8b2f270022de8305d70922540ab027abb20b4fafa59feaa98c24573d415ea7a,critical,True
SS-02418,bruce_emergency_200.wav,audio data/person_asking_for_help/bruce_emergency_200.wav,person_asking_for_help,Person Asking for Help,0.8578,16000,1,PCM_16,31546,WAV,indoor/outdoor,digital microphone / synthetic,1-5m,original,train,2026-09-27 12:06:14,42e22b26815895acf1c843a9782fa142c2fafcf9e95ce8d31920623f1bba4b9a,critical,True
SS-02419,bruce_help_me_140.wav,audio data/person_asking_for_help/bruce_help_me_140.wav,person_asking_for_help,Person Asking for Help,0.9522,16000,1,PCM_16,34566,WAV,indoor/outdoor,digital microphone / synthetic,1-5m,original,train,2026-09-27 12:06:14,ca429873d565e85baed844078759a597a845372b4a9645b8cd23203eaee0dd37,critical,True
SS-02420,bruce_help_me_170.wav,audio data/person_asking_for_help/bruce_help_me_170.wav,person_asking_for_help,Person Asking for Help,0.7893,16000,1,PCM_16,29354,WAV,indoor/outdoor,digital microphone / synthetic,1-5m,original,train,2026-09-27 12:06:14,ec1a8f33f425bb97ae1a23422ff8cc909f346c68dad9ccab5255be89b3a8bb2e,critical,True
SS-02421,bruce_help_me_200.wav,audio data/person_asking_for_help/bruce_help_me_200.wav,person_asking_for_help,Person Asking for Help,0.6749,16000,1,PCM_16,25694,WAV,indoor/outdoor,digital microphone / synthetic,1-5m,original,train,2026-09-27 12:06:14,e1670d573053ae2721cbca4b3e9b00bce491598fa6e1a897286348b0144e8ae7,critical,True
SS-02422,bruce_please_help_140.wav,audio data/person_asking_for_help/bruce_please_help_140.wav,person_asking_for_help,Person Asking for Help,1.1244,16000,1,PCM_16,40078,WAV,indoor/outdoor,digital microphone / synthetic,1-5m,original,validation,2026-09-27 12:06:14,4c1093efa0d6fe27543734f1aad9f667426352d4720c6731305c7c5238165f72,critical,True
SS-02423,bruce_please_help_170.wav,audio data/person_asking_for_help/bruce_please_help_170.wav,person_asking_for_help,Person Asking for Help,0.9305,16000,1,PCM_16,33872,WAV,indoor/outdoor,digital microphone / synthetic,1-5m,original,train,2026-09-27 12:06:14,22b86ed910dcf2f1ab09882891aa611769b0ba4967b583babb5754159fad8266,critical,True
SS-02424,bruce_please_help_200.wav,audio data/person_asking_for_help/bruce_please_help_200.wav,person_asking_for_help,Person Asking for Help,0.803,16000,1,PCM_16,29792,WAV,indoor/outdoor,digital microphone / synthetic,1-5m,original,train,2026-09-27 12:06:14,373bb06505f8f07fe4be714fde242844cb6e5dd269102dcdfb33bc19abef331e,critical,True
SS-02425,bruce_somebody_help_140.wav,audio data/person_asking_for_help/bruce_somebody_help_140.wav,person_asking_for_help,Person Asking for Help,1.4561,16000,1,PCM_16,50690,WAV,indoor/outdoor,digital microphone / synthetic,1-5m,original,train,2026-09-27 12:06:14,da580a9a6ea916b8569865472edec4abc67ce31bdf56a2ebeda0675f2a771046,critical,True
SS-02426,bruce_somebody_help_170.wav,audio data/person_asking_for_help/bruce_somebody_help_170.wav,person_asking_for_help,Person Asking for Help,1.2068,16000,1,PCM_16,42714,WAV,indoor/outdoor,digital microphone / synthetic,1-5m,original,train,2026-09-27 12:06:14,275c23a41d483cddae37edd636c0630b029c5e2724cb69fe16145a37c10c1e18,critical,True
SS-02427,bruce_somebody_help_200.wav,audio data/person_asking_for_help/bruce_somebody_help_200.wav,person_asking_for_help,Person Asking for Help,1.0358,16000,1,PCM_16,37242,WAV,indoor/outdoor,digital microphone / synthetic,1-5m,original,validation,2026-09-27 12:06:14,4128c16adee195c9b315764f0579ae9353db8eea209d2f9b4f3c7c6e1f134e35,critical,True
SS-02428,daniel_call_for_help_140.wav,audio data/person_asking_for_help/daniel_call_for_help_140.wav,person_asking_for_help,Person Asking for Help,1.6601,16000,1,PCM_16,57220,WAV,indoor/outdoor,digital microphone / synthetic,1-5m,original,train,2026-09-27 12:06:14,4d00c0095eb21616068e6af0209d9ba1e560c35aa3d0932fdeb4eae917675927,critical,True
SS-02429,daniel_call_for_help_170.wav,audio data/person_asking_for_help/daniel_call_for_help_170.wav,person_asking_for_help,Person Asking for Help,1.3612,16000,1,PCM_16,47654,WAV,indoor/outdoor,digital microphone / synthetic,1-5m,original,validation,2026-09-27 12:06:14,e28811db83df6ffe031564f9c22a82c5635e98926609594e58aee9d0eedf9588,critical,True
SS-02430,daniel_call_for_help_200.wav,audio data/person_asking_for_help/daniel_call_for_help_200.wav,person_asking_for_help,Person Asking for Help,1.1727,16000,1,PCM_16,41622,WAV,indoor/outdoor,digital microphone / synthetic,1-5m,original,train,2026-09-27 12:06:14,3246446c5eb01554f6d05f5a3a623b20d74190ac318c5d35b591c26f86847b55,critical,True
SS-02431,daniel_emergency_140.wav,audio data/person_asking_for_help/daniel_emergency_140.wav,person_asking_for_help,Person Asking for Help,1.2566,16000,1,PCM_16,44308,WAV,indoor/outdoor,digital microphone / synthetic,1-5m,original,train,2026-09-27 12:06:14,ba3d527ea2f3947d0732b3f82dfae1846d999b3408362b124d9578bbb80a8c80,critical,True
SS-02432,daniel_emergency_170.wav,audio data/person_asking_for_help/daniel_emergency_170.wav,person_asking_for_help,Person Asking for Help,1.0158,16000,1,PCM_16,36602,WAV,indoor/outdoor,digital microphone / synthetic,1-5m,original,train,2026-09-27 12:06:14,8abdc4f0a7e5fc7d34f3a02b115d2a92006cf1eda1d8c3c0dc2c08f7fe3a4d38,critical,True
SS-02433,daniel_emergency_200.wav,audio data/person_asking_for_help/daniel_emergency_200.wav,person_asking_for_help,Person Asking for Help,0.9083,16000,1,PCM_16,33160,WAV,indoor/outdoor,digital microphone / synthetic,1-5m,original,test,2026-09-27 12:06:14,e8d1f3571cffb109aaa5d8464d1f704ee913ca8b697c6cd7a4ed13117a461c6b,critical,True
SS-02434,daniel_help_me_140.wav,audio data/person_asking_for_help/daniel_help_me_140.wav,person_asking_for_help,Person Asking for Help,1.1374,16000,1,PCM_16,40494,WAV,indoor/outdoor,digital microphone / synthetic,1-5m,original,train,2026-09-27 12:06:14,f520a0531fd21277bb536693cddd1116ae3e8792e1787cf6b47e3f2a59773027,critical,True
SS-02435,daniel_help_me_170.wav,audio data/person_asking_for_help/daniel_help_me_170.wav,person_asking_for_help,Person Asking for Help,0.9136,16000,1,PCM_16,33330,WAV,indoor/outdoor,digital microphone / synthetic,1-5m,original,train,2026-09-27 12:06:14,c22d22c0834cfe1dd8ea96efb32affedda8a75dcc6accb49da5383df9ad1f86a,critical,True
SS-02436,daniel_help_me_200.wav,audio data/person_asking_for_help/daniel_help_me_200.wav,person_asking_for_help,Person Asking for Help,0.8139,16000,1,PCM_16,30140,WAV,indoor/outdoor,digital microphone / synthetic,1-5m,original,train,2026-09-27 12:06:14,b77f9eecbb3e8827284762446d90bb86e07821babbf1aa4087206088b4930296,critical,True
SS-02437,daniel_please_help_140.wav,audio data/person_asking_for_help/daniel_please_help_140.wav,person_asking_for_help,Person Asking for Help,1.1467,16000,1,PCM_16,40790,WAV,indoor/outdoor,digital microphone / synthetic,1-5m,original,validation,2026-09-27 12:06:14,9c9e8a46f6750546921f6cc8e250ff87898f735af9380b16d879cc50b9764938,critical,True
SS-02438,daniel_please_help_170.wav,audio data/person_asking_for_help/daniel_please_help_170.wav,person_asking_for_help,Person Asking for Help,0.9199,16000,1,PCM_16,33532,WAV,indoor/outdoor,digital microphone / synthetic,1-5m,original,train,2026-09-27 12:06:14,34e749048f64a87f9f7a778256d811f0d916dda4d1f7f4f2069e9e38c3a2596d,critical,True
SS-02439,daniel_please_help_200.wav,audio data/person_asking_for_help/daniel_please_help_200.wav,person_asking_for_help,Person Asking for Help,0.7983,16000,1,PCM_16,29642,WAV,indoor/outdoor,digital microphone / synthetic,1-5m,original,train,2026-09-27 12:06:14,e50385a8c847dc9fa0319ceebfde9cda43217d1b49cd8dff0aaf88eb29222013,critical,True
SS-02440,daniel_somebody_help_140.wav,audio data/person_asking_for_help/daniel_somebody_help_140.wav,person_asking_for_help,Person Asking for Help,1.4233,16000,1,PCM_16,49642,WAV,indoor/outdoor,digital microphone / synthetic,1-5m,original,train,2026-09-27 12:06:14,76d2ca4ca895d8d7e8138f354869c954b775af83a54dfe8038bf18c682df66e3,critical,True
SS-02441,daniel_somebody_help_170.wav,audio data/person_asking_for_help/daniel_somebody_help_170.wav,person_asking_for_help,Person Asking for Help,1.1242,16000,1,PCM_16,40072,WAV,indoor/outdoor,digital microphone / synthetic,1-5m,original,train,2026-09-27 12:06:14,06719152bcc7323e58b06551dfa63863c5d9a5f86ff9871c817429adac594271,critical,True
SS-02442,daniel_somebody_help_200.wav,audio data/person_asking_for_help/daniel_somebody_help_200.wav,person_asking_for_help,Person Asking for Help,1.0029,16000,1,PCM_16,36188,WAV,indoor/outdoor,digital microphone / synthetic,1-5m,original,validation,2026-09-27 12:06:14,6d030da3382232ef0a9fff3f36ba902cdd2f5033a845c5be48312739225210b8,critical,True
SS-02443,fiona_call_for_help_170.wav,audio data/person_asking_for_help/fiona_call_for_help_170.wav,person_asking_for_help,Person Asking for Help,1.2402,16000,1,PCM_16,43782,WAV,indoor/outdoor,digital microphone / synthetic,1-5m,original,train,2026-09-27 12:06:14,f617e584adfcfb546b128101c5ba51f193379137c0c6d394b0645ab9378a786b,critical,True
SS-02444,fiona_call_for_help_200.wav,audio data/person_asking_for_help/fiona_call_for_help_200.wav,person_asking_for_help,Person Asking for Help,1.0454,16000,1,PCM_16,37550,WAV,indoor/outdoor,digital microphone / synthetic,1-5m,original,train,2026-09-27 12:06:14,eb4bd9b823d544543c0793584155cae09661d5495ae283ddcada4a73ab62b6ed,critical,True
SS-02445,fiona_emergency_140.wav,audio data/person_asking_for_help/fiona_emergency_140.wav,person_asking_for_help,Person Asking for Help,1.1803,16000,1,PCM_16,41866,WAV,indoor/outdoor,digital microphone / synthetic,1-5m,original,train,2026-09-27 12:06:14,9bf6cc28d0c5ce0d9d28e33b8fa796a9e408f353f7b539b0c1797548175856e3,critical,True
SS-02446,fiona_emergency_170.wav,audio data/person_asking_for_help/fiona_emergency_170.wav,person_asking_for_help,Person Asking for Help,0.9988,16000,1,PCM_16,36056,WAV,indoor/outdoor,digital microphone / synthetic,1-5m,original,train,2026-09-27 12:06:14,a6876ad0337a6cb67faf2802c59fdd60c28e5647219dfa8b5af9a9b1ec5c39e4,critical,True
SS-02447,fiona_help_me_140.wav,audio data/person_asking_for_help/fiona_help_me_140.wav,person_asking_for_help,Person Asking for Help,1.0766,16000,1,PCM_16,38546,WAV,indoor/outdoor,digital microphone / synthetic,1-5m,original,train,2026-09-27 12:06:14,822caaf877b6c3db8ccdda7732dd063df4a6265911c9f33f011ce85580b9c454,critical,True
SS-02448,fiona_help_me_170.wav,audio data/person_asking_for_help/fiona_help_me_170.wav,person_asking_for_help,Person Asking for Help,0.9109,16000,1,PCM_16,33246,WAV,indoor/outdoor,digital microphone / synthetic,1-5m,original,train,2026-09-27 12:06:14,0f88bb12aed41b522e31da7a4f2dd0e6adabb823fbdc19ea7f3ca1a713de47b8,critical,True
SS-02449,fiona_help_me_200.wav,audio data/person_asking_for_help/fiona_help_me_200.wav,person_asking_for_help,Person Asking for Help,0.7679,16000,1,PCM_16,28668,WAV,indoor/outdoor,digital microphone / synthetic,1-5m,original,train,2026-09-27 12:06:14,c04ae44e55a7272b8ad69e1480fec438c16b08eb8d5c6fd7ae4788226aea4d7b,critical,True
SS-02450,fiona_please_help_140.wav,audio data/person_asking_for_help/fiona_please_help_140.wav,person_asking_for_help,Person Asking for Help,1.1609,16000,1,PCM_16,41244,WAV,indoor/outdoor,digital microphone / synthetic,1-5m,original,train,2026-09-27 12:06:14,98144a1c94a48a4cbdbc0da8096dd0baff167f07a4211fdae060a489d06a588f,critical,True
SS-02451,fiona_please_help_170.wav,audio data/person_asking_for_help/fiona_please_help_170.wav,person_asking_for_help,Person Asking for Help,0.9823,16000,1,PCM_16,35530,WAV,indoor/outdoor,digital microphone / synthetic,1-5m,original,train,2026-09-27 12:06:14,18d8070e06bc8ccebd2edc028cfc41d9ef24b8f570158dcb674beed204e75b31,critical,True
SS-02452,fiona_please_help_200.wav,audio data/person_asking_for_help/fiona_please_help_200.wav,person_asking_for_help,Person Asking for Help,0.8281,16000,1,PCM_16,30594,WAV,indoor/outdoor,digital microphone / synthetic,1-5m,original,train,2026-09-27 12:06:14,dcb7a06839c30fab7318d50e1f5c16d6138c9fc44ede4309f311e2876c0f7124,critical,True
SS-02453,fiona_somebody_help_140.wav,audio data/person_asking_for_help/fiona_somebody_help_140.wav,person_asking_for_help,Person Asking for Help,1.3944,16000,1,PCM_16,48716,WAV,indoor/outdoor,digital microphone / synthetic,1-5m,original,validation,2026-09-27 12:06:14,19900aafe6507293f31dd8e5aa218bab00076095809dff32fabacfbc19e1e7f0,critical,True
SS-02454,fiona_somebody_help_170.wav,audio data/person_asking_for_help/fiona_somebody_help_170.wav,person_asking_for_help,Person Asking for Help,1.1798,16000,1,PCM_16,41850,WAV,indoor/outdoor,digital microphone / synthetic,1-5m,original,train,2026-09-27 12:06:14,b2a1be26ba1aaea088ef10ae20587bb17e3ab1e37663b269643e5546e6055ceb,critical,True
SS-02455,fiona_somebody_help_200.wav,audio data/person_asking_for_help/fiona_somebody_help_200.wav,person_asking_for_help,Person Asking for Help,0.9946,16000,1,PCM_16,35922,WAV,indoor/outdoor,digital microphone / synthetic,1-5m,original,train,2026-09-27 12:06:14,f9a2f717aa37479fae6832ee9958119daf1d875de77321873829a41c7862ff4d,critical,True
SS-02456,fred_call_for_help_140.wav,audio data/person_asking_for_help/fred_call_for_help_140.wav,person_asking_for_help,Person Asking for Help,1.0745,16000,1,PCM_16,38480,WAV,indoor/outdoor,digital microphone / synthetic,1-5m,original,validation,2026-09-27 12:06:14,b288fbdfb2394c73591dd55cd57a1ab01d6a98dde12a0e7fd0a1c3ea2e05be65,critical,True
SS-02457,fred_call_for_help_170.wav,audio data/person_asking_for_help/fred_call_for_help_170.wav,person_asking_for_help,Person Asking for Help,0.9681,16000,1,PCM_16,35074,WAV,indoor/outdoor,digital microphone / synthetic,1-5m,original,train,2026-09-27 12:06:14,d6afce14f3d106513f0330b41994b533a6c0a79ab1d3c3b6b4bbcb624b3e4eab,critical,True
SS-02458,fred_call_for_help_200.wav,audio data/person_asking_for_help/fred_call_for_help_200.wav,person_asking_for_help,Person Asking for Help,0.8769,16000,1,PCM_16,32158,WAV,indoor/outdoor,digital microphone / synthetic,1-5m,original,train,2026-09-27 12:06:14,c09434a035bdcb32360db4703c5065f84f7e53c218144f4f90db0f9cac37a92a,critical,True
SS-02459,fred_emergency_140.wav,audio data/person_asking_for_help/fred_emergency_140.wav,person_asking_for_help,Person Asking for Help,0.9236,16000,1,PCM_16,33652,WAV,indoor/outdoor,digital microphone / synthetic,1-5m,original,validation,2026-09-27 12:06:14,e02019adb6922212ed2c3a3b89affba243c15eb47f8c26ad1cc1c2567b650128,critical,True
SS-02460,fred_emergency_170.wav,audio data/person_asking_for_help/fred_emergency_170.wav,person_asking_for_help,Person Asking for Help,0.8171,16000,1,PCM_16,30242,WAV,indoor/outdoor,digital microphone / synthetic,1-5m,original,train,2026-09-27 12:06:14,9093d0a0a93b057872106826364beea8b79f0045c8a668352c185b5a8e12a972,critical,True
SS-02461,fred_help_me_140.wav,audio data/person_asking_for_help/fred_help_me_140.wav,person_asking_for_help,Person Asking for Help,0.7154,16000,1,PCM_16,26988,WAV,indoor/outdoor,digital microphone / synthetic,1-5m,original,validation,2026-09-27 12:06:14,750d3da3dfff7812a665e46306f7f518ff5318e08288fe49603e7262bcb1604c,critical,True
SS-02462,fred_help_me_170.wav,audio data/person_asking_for_help/fred_help_me_170.wav,person_asking_for_help,Person Asking for Help,0.6343,16000,1,PCM_16,24394,WAV,indoor/outdoor,digital microphone / synthetic,1-5m,original,train,2026-09-27 12:06:14,45209eebe39aaa8fcaf54b4e313b26c263c3448d7ac03ce4d81e8cdd128486f0,critical,True
SS-02463,fred_help_me_200.wav,audio data/person_asking_for_help/fred_help_me_200.wav,person_asking_for_help,Person Asking for Help,0.5734,16000,1,PCM_16,22444,WAV,indoor/outdoor,digital microphone / synthetic,1-5m,original,validation,2026-09-27 12:06:14,74611ae6ac5e3fd4d8f666ab9448752b82809eb5522682e7f6034b45476a6321,critical,True
SS-02464,fred_please_help_140.wav,audio data/person_asking_for_help/fred_please_help_140.wav,person_asking_for_help,Person Asking for Help,0.8816,16000,1,PCM_16,32308,WAV,indoor/outdoor,digital microphone / synthetic,1-5m,original,test,2026-09-27 12:06:14,cb86735cc2b8e89ddbfccee24c54baeed1c5fb4ad63d2a14eb8dfc587786dc84,critical,True
SS-02465,fred_please_help_170.wav,audio data/person_asking_for_help/fred_please_help_170.wav,person_asking_for_help,Person Asking for Help,0.7905,16000,1,PCM_16,29392,WAV,indoor/outdoor,digital microphone / synthetic,1-5m,original,train,2026-09-27 12:06:14,355d176eab2c966552a9a3fa25ed6acdd0fb7ef9ee3bca39966c27ec49acfa67,critical,True
SS-02466,fred_please_help_200.wav,audio data/person_asking_for_help/fred_please_help_200.wav,person_asking_for_help,Person Asking for Help,0.7196,16000,1,PCM_16,27122,WAV,indoor/outdoor,digital microphone / synthetic,1-5m,original,train,2026-09-27 12:06:14,632b24ad10ce6138dcdcb0a9bfc8486ff8c704a710decb4c0baaeba43326b9a1,critical,True
SS-02467,fred_somebody_help_140.wav,audio data/person_asking_for_help/fred_somebody_help_140.wav,person_asking_for_help,Person Asking for Help,1.1306,16000,1,PCM_16,40274,WAV,indoor/outdoor,digital microphone / synthetic,1-5m,original,validation,2026-09-27 12:06:14,92ea26d33ed983805fff785cb63e84515a7034ed327a14fc20d9883353500859,critical,True
SS-02468,fred_somebody_help_170.wav,audio data/person_asking_for_help/fred_somebody_help_170.wav,person_asking_for_help,Person Asking for Help,1.0141,16000,1,PCM_16,36546,WAV,indoor/outdoor,digital microphone / synthetic,1-5m,original,train,2026-09-27 12:06:14,dfa573bf4e6e16e80f7c87ae107b630a86b44b0f777fdb00380d96a875c1698a,critical,True
SS-02469,fred_somebody_help_200.wav,audio data/person_asking_for_help/fred_somebody_help_200.wav,person_asking_for_help,Person Asking for Help,0.9278,16000,1,PCM_16,33786,WAV,indoor/outdoor,digital microphone / synthetic,1-5m,original,train,2026-09-27 12:06:14,99a2aeaa759b1474e2f434bc57245ba0c92f34ebf0613f71e85bc304d7dac602,critical,True
SS-02470,help_001_647542.mp3,audio data/person_asking_for_help/help_001_647542.mp3,person_asking_for_help,Person Asking for Help,3.685,48000,1,MPEG_LAYER_III,82752,MP3,indoor/outdoor,digital microphone / synthetic,1-5m,original,train,2026-09-27 12:06:14,1ab84ab795c09cf79f3d2c254e78bdf5baddd99e519d3bcf611d12bcd6ceeec8,critical,True
SS-02471,help_002_331366.mp3,audio data/person_asking_for_help/help_002_331366.mp3,person_asking_for_help,Person Asking for Help,1.4396,44100,1,MPEG_LAYER_III,35587,MP3,indoor/outdoor,digital microphone / synthetic,1-5m,original,validation,2026-09-27 12:06:14,e8acb2f31f83d077f1738fe8fa006564b26adc3be3f7c05c36d9f5d0ea6e4a36,critical,True
SS-02472,help_004_331368.mp3,audio data/person_asking_for_help/help_004_331368.mp3,person_asking_for_help,Person Asking for Help,0.9752,44100,1,MPEG_LAYER_III,25623,MP3,indoor/outdoor,digital microphone / synthetic,1-5m,original,test,2026-09-27 12:06:14,e8c3c4e7827c945b4ad1b5df3bc839e61d24b6650565a7a50979c7b6cddb4384,critical,True
SS-02473,help_008_149421.mp3,audio data/person_asking_for_help/help_008_149421.mp3,person_asking_for_help,Person Asking for Help,4.2493,44100,2,MPEG_LAYER_III,102992,MP3,indoor/outdoor,digital microphone / synthetic,1-5m,original,train,2026-09-27 12:06:14,2a08f4bc7c58c4f1fb6bc6a0e5626cc1d5117cd67f40f3ad49a92948bc9d9f55,critical,True
SS-02474,help_010_87531.mp3,audio data/person_asking_for_help/help_010_87531.mp3,person_asking_for_help,Person Asking for Help,0.9803,44100,1,MPEG_LAYER_III,23744,MP3,indoor/outdoor,digital microphone / synthetic,1-5m,original,train,2026-09-27 12:06:14,ddefb550920f1c8280139066b07619713f0675756a8547bf1ffb52418d2131e9,critical,True
SS-02475,help_011_256030.mp3,audio data/person_asking_for_help/help_011_256030.mp3,person_asking_for_help,Person Asking for Help,39.2133,44100,2,MPEG_LAYER_III,910685,MP3,indoor/outdoor,digital microphone / synthetic,1-5m,original,validation,2026-09-27 12:06:14,035c88ccf09d537057bf888f18e6859f5882a1e42a11b52e1f6fd52bf20b892b,critical,True
SS-02476,help_015_436424.mp3,audio data/person_asking_for_help/help_015_436424.mp3,person_asking_for_help,Person Asking for Help,5.9356,44100,2,MPEG_LAYER_III,144450,MP3,indoor/outdoor,digital microphone / synthetic,1-5m,original,test,2026-09-27 12:06:14,4760eb1a89ffed9fb6cea6644a44c736f45edfdc2a3bfaec959150c9a5e52941,critical,True
SS-02477,help_017_800903.mp3,audio data/person_asking_for_help/help_017_800903.mp3,person_asking_for_help,Person Asking for Help,1.957,48000,2,MPEG_LAYER_III,26832,MP3,indoor/outdoor,digital microphone / synthetic,1-5m,original,train,2026-09-27 12:06:14,dabb56900496e379c6580cf2879463d837b0feefac4b1544cdea1d85b80e83fc,critical,True
SS-02478,help_021_360851.mp3,audio data/person_asking_for_help/help_021_360851.mp3,person_asking_for_help,Person Asking for Help,1.1044,44100,1,MPEG_LAYER_III,26873,MP3,indoor/outdoor,digital microphone / synthetic,1-5m,original,train,2026-09-27 12:06:14,6602d805151a9a974e9c0e4e98fdd42fbb6fd93c33956fcf152f827f853756b4,critical,True
SS-02479,help_024_814235.mp3,audio data/person_asking_for_help/help_024_814235.mp3,person_asking_for_help,Person Asking for Help,6.6525,44100,2,MPEG_LAYER_III,154296,MP3,indoor/outdoor,digital microphone / synthetic,1-5m,original,test,2026-09-27 12:06:14,c1b7e608ed291f5bd0dc9cedf152a6c335e3f52e1b9b7e9bdd349d5247cde100,critical,True
SS-02480,help_025_457961.mp3,audio data/person_asking_for_help/help_025_457961.mp3,person_asking_for_help,Person Asking for Help,2.386,48000,2,MPEG_LAYER_III,58584,MP3,indoor/outdoor,digital microphone / synthetic,1-5m,original,train,2026-09-27 12:06:14,6bdc948db04a250af305927e72788d6cf907d96af77c2dee81062d8d720961ae,critical,True
SS-02481,help_026_811266.mp3,audio data/person_asking_for_help/help_026_811266.mp3,person_asking_for_help,Person Asking for Help,2.4033,44100,2,MPEG_LAYER_III,48686,MP3,indoor/outdoor,digital microphone / synthetic,1-5m,original,train,2026-09-27 12:06:14,b6b0b49dedde3c6de8000a5fbbac0d1e426f870e593d185f49717a0442892d54,critical,True
SS-02482,help_029_405642.mp3,audio data/person_asking_for_help/help_029_405642.mp3,person_asking_for_help,Person Asking for Help,7.5494,44100,2,MPEG_LAYER_III,173105,MP3,indoor/outdoor,digital microphone / synthetic,1-5m,original,train,2026-09-27 12:06:14,5eb3c0f8ab954aa0691c52d87819a46c9d24ad10537b30f9a801fa20d9a99198,critical,True
SS-02483,help_030_130628.mp3,audio data/person_asking_for_help/help_030_130628.mp3,person_asking_for_help,Person Asking for Help,11.0063,44100,2,MPEG_LAYER_III,242263,MP3,indoor/outdoor,digital microphone / synthetic,1-5m,original,train,2026-09-27 12:06:14,675958a2e6e9827551aa73e0e0fd2b2eb47883f9bc5c832a6a986417fe313e80,critical,True
SS-02484,help_031_122058.mp3,audio data/person_asking_for_help/help_031_122058.mp3,person_asking_for_help,Person Asking for Help,8.4228,44100,2,MPEG_LAYER_III,200844,MP3,indoor/outdoor,digital microphone / synthetic,1-5m,original,train,2026-09-27 12:06:14,3b51f5de007e9d7aab33984f56762602cd2b41222a7727e55fdabee55351e448,critical,True
SS-02485,help_032_529115.mp3,audio data/person_asking_for_help/help_032_529115.mp3,person_asking_for_help,Person Asking for Help,1.477,44100,2,MPEG_LAYER_III,32455,MP3,indoor/outdoor,digital microphone / synthetic,1-5m,original,train,2026-09-27 12:06:14,1148fd7d95e0a796a2059cf99ad7f367601873de470ebbbe4eb97ba33a30c14f,critical,True
SS-02486,help_033_316648.mp3,audio data/person_asking_for_help/help_033_316648.mp3,person_asking_for_help,Person Asking for Help,1.9351,48000,1,MPEG_LAYER_III,45648,MP3,indoor/outdoor,digital microphone / synthetic,1-5m,original,validation,2026-09-27 12:06:14,6146923606194b2300a0248fc1710b1774910731ee47bf6b448c06e5d7f8c962,critical,True
SS-02487,help_040_322050.mp3,audio data/person_asking_for_help/help_040_322050.mp3,person_asking_for_help,Person Asking for Help,3.3177,44100,1,MPEG_LAYER_III,80249,MP3,indoor/outdoor,digital microphone / synthetic,1-5m,original,train,2026-09-27 12:06:14,93cd2e281f765a4ebfec49da7754957462c6d1b9df1d061732b7540bb130d93c,critical,True
SS-02488,help_043_151614.mp3,audio data/person_asking_for_help/help_043_151614.mp3,person_asking_for_help,Person Asking for Help,16.2453,44100,2,MPEG_LAYER_III,364209,MP3,indoor/outdoor,digital microphone / synthetic,1-5m,original,train,2026-09-27 12:06:14,5e2a06e94d857295575573fa3b1bedd4133d9a9c9bc0764439053278be45d303,critical,True
SS-02489,help_046_405643.mp3,audio data/person_asking_for_help/help_046_405643.mp3,person_asking_for_help,Person Asking for Help,14.5382,44100,2,MPEG_LAYER_III,324765,MP3,indoor/outdoor,digital microphone / synthetic,1-5m,original,train,2026-09-27 12:06:14,f68b76254d86238a16cf11d8494a43a925b453cedc85bf3e3da82564a8543ec0,critical,True
SS-02490,help_047_515242.mp3,audio data/person_asking_for_help/help_047_515242.mp3,person_asking_for_help,Person Asking for Help,7.6161,44100,2,MPEG_LAYER_III,178794,MP3,indoor/outdoor,digital microphone / synthetic,1-5m,original,test,2026-09-27 12:06:14,8a3cc3836a08175eae1d9eac57e52309388eda3fcda74184c6b77841a5825ee6,critical,True
SS-02491,help_050_535453.mp3,audio data/person_asking_for_help/help_050_535453.mp3,person_asking_for_help,Person Asking for Help,11.968,48000,2,MPEG_LAYER_III,265224,MP3,indoor/outdoor,digital microphone / synthetic,1-5m,original,train,2026-09-27 12:06:14,338d7657f34fef495b13ae8369d08a3a9e9daa9100229ea9cde06b1ae37a15f8,critical,True
SS-02492,help_051_615018.mp3,audio data/person_asking_for_help/help_051_615018.mp3,person_asking_for_help,Person Asking for Help,6.3341,44100,1,MPEG_LAYER_III,143911,MP3,indoor/outdoor,digital microphone / synthetic,1-5m,original,train,2026-09-27 12:06:14,0ab3856f75ba00d3b54580fbe269742deb43ae146a168de9853810e7ad0e12cb,critical,True
SS-02493,help_054_397124.mp3,audio data/person_asking_for_help/help_054_397124.mp3,person_asking_for_help,Person Asking for Help,8.9741,44100,2,MPEG_LAYER_III,212879,MP3,indoor/outdoor,digital microphone / synthetic,1-5m,original,train,2026-09-27 12:06:14,66716c429ba77fd97866f43a054e2e05bd2c0cc4ceb57f6644837dd7c11f334c,critical,True
SS-02494,help_056_382012.mp3,audio data/person_asking_for_help/help_056_382012.mp3,person_asking_for_help,Person Asking for Help,60.1112,44100,1,MPEG_LAYER_III,1376762,MP3,indoor/outdoor,digital microphone / synthetic,1-5m,original,train,2026-09-27 12:06:14,1fe13c030ff222c5cd7ec48d7ff3e99ecd2b215e6e751662df6c4ee9f77ac402,critical,True
SS-02495,help_057_315843.mp3,audio data/person_asking_for_help/help_057_315843.mp3,person_asking_for_help,Person Asking for Help,3.7476,44100,1,MPEG_LAYER_III,93726,MP3,indoor/outdoor,digital microphone / synthetic,1-5m,original,train,2026-09-27 12:06:14,7d2636b40b114d3beea93397075b118708f2820b62c285d776c3d0ebdc7346d0,critical,True
SS-02496,help_059_759051.mp3,audio data/person_asking_for_help/help_059_759051.mp3,person_asking_for_help,Person Asking for Help,8.6843,44100,2,MPEG_LAYER_III,200081,MP3,indoor/outdoor,digital microphone / synthetic,1-5m,original,train,2026-09-27 12:06:14,20b47ae3941c4bf887ee20f7bef5490329df636bfb938e05b5aff7d0517e7b23,critical,True
SS-02497,help_061_776313.mp3,audio data/person_asking_for_help/help_061_776313.mp3,person_asking_for_help,Person Asking for Help,2.3157,44100,2,MPEG_LAYER_III,43825,MP3,indoor/outdoor,digital microphone / synthetic,1-5m,original,train,2026-09-27 12:06:14,45d8bea514e431f2f5f32f9263dc3a5b5739ed8cfe694d99e0bbf50b0585ce92,critical,True
SS-02498,help_062_394605.mp3,audio data/person_asking_for_help/help_062_394605.mp3,person_asking_for_help,Person Asking for Help,30.8251,44100,1,MPEG_LAYER_III,706777,MP3,indoor/outdoor,digital microphone / synthetic,1-5m,original,train,2026-09-27 12:06:14,fbcc248da49b29c5b02700ca563b7ed165d61cd40f780385c93d926c06d59cbe,critical,True
SS-02499,help_064_326893.mp3,audio data/person_asking_for_help/help_064_326893.mp3,person_asking_for_help,Person Asking for Help,22.5867,44100,1,MPEG_LAYER_III,513696,MP3,indoor/outdoor,digital microphone / synthetic,1-5m,original,train,2026-09-27 12:06:14,69dc6f7548f96c7c7dabcc184df3889630cefd314c936193e9b01695ad66eb48,critical,True
SS-02500,help_107_166943.mp3,audio data/person_asking_for_help/help_107_166943.mp3,person_asking_for_help,Person Asking for Help,8.9145,44100,2,MPEG_LAYER_III,168588,MP3,indoor/outdoor,digital microphone / synthetic,1-5m,original,test,2026-09-27 12:06:14,7bd717d3e15cbdfda8d8d15f9730d99b492a05848fcd0a669c823d242e363324,critical,True
SS-02501,help_117_360857.mp3,audio data/person_asking_for_help/help_117_360857.mp3,person_asking_for_help,Person Asking for Help,1.3061,22050,1,MPEG_LAYER_III,22707,MP3,indoor/outdoor,digital microphone / synthetic,1-5m,original,train,2026-09-27 12:06:14,53051f2ec21c577d568567521721004b7eae7e2363a8f22fd1901d236ed77d24,critical,True
SS-02502,help_127_141242.mp3,audio data/person_asking_for_help/help_127_141242.mp3,person_asking_for_help,Person Asking for Help,7.1517,44100,2,MPEG_LAYER_III,168217,MP3,indoor/outdoor,digital microphone / synthetic,1-5m,original,train,2026-09-27 12:06:14,8c8ee6e4c4a107108bc57e1e273809edbe7d14f9023008f6c591fa8a8603c4bb,critical,True
SS-02503,help_134_217811.mp3,audio data/person_asking_for_help/help_134_217811.mp3,person_asking_for_help,Person Asking for Help,5.7349,44100,1,MPEG_LAYER_III,132070,MP3,indoor/outdoor,digital microphone / synthetic,1-5m,original,train,2026-09-27 12:06:14,1bdb86f614c76f6f8561c6571f2116dc90ce3b781fcda89ce85261c901e9f277,critical,True
SS-02504,help_149_275008.mp3,audio data/person_asking_for_help/help_149_275008.mp3,person_asking_for_help,Person Asking for Help,2.7051,48000,1,MPEG_LAYER_III,64320,MP3,indoor/outdoor,digital microphone / synthetic,1-5m,original,train,2026-09-27 12:06:14,4e4a99c2ee78e1cb4982451fc036382c92639066ce5be29598c65d4d9c5f9748,critical,True
SS-02505,help_151_387829.mp3,audio data/person_asking_for_help/help_151_387829.mp3,person_asking_for_help,Person Asking for Help,3.8682,48000,2,MPEG_LAYER_III,92256,MP3,indoor/outdoor,digital microphone / synthetic,1-5m,original,train,2026-09-27 12:06:14,9848f6187523ce6eb92772346c732a28c614dc26dbf458bfd5affa99631dd8f0,critical,True
SS-02506,help_160_726055.mp3,audio data/person_asking_for_help/help_160_726055.mp3,person_asking_for_help,Person Asking for Help,6.388,44100,1,MPEG_LAYER_III,154556,MP3,indoor/outdoor,digital microphone / synthetic,1-5m,original,test,2026-09-27 12:06:14,4d5b6d983fbf984c8c992b97c91c5d19714cffcdd99a585bbce8f1db168485d5,critical,True
SS-02507,help_166_722011.mp3,audio data/person_asking_for_help/help_166_722011.mp3,person_asking_for_help,Person Asking for Help,2.6786,44100,1,MPEG_LAYER_III,69306,MP3,indoor/outdoor,digital microphone / synthetic,1-5m,original,validation,2026-09-27 12:06:14,5001a23677b4787cd2cbd41ba6da6ae83aa3a208c333fb29dbff4dc7aba58dbb,critical,True
SS-02508,help_176_866965.mp3,audio data/person_asking_for_help/help_176_866965.mp3,person_asking_for_help,Person Asking for Help,1.0851,44100,2,MPEG_LAYER_III,20764,MP3,indoor/outdoor,digital microphone / synthetic,1-5m,original,test,2026-09-27 12:06:14,a7f033b2f4054ceb30b47f1bc2ae94d5e8f3a1037c801a8d79575f016af4b777,critical,True
SS-02509,help_181_274980.mp3,audio data/person_asking_for_help/help_181_274980.mp3,person_asking_for_help,Person Asking for Help,1.2666,48000,1,MPEG_LAYER_III,30528,MP3,indoor/outdoor,digital microphone / synthetic,1-5m,original,train,2026-09-27 12:06:14,6351969c2ef39d02f352b6bd290aa9884650a9591b99dafbde97b1e43d846c66,critical,True
SS-02510,help_183_567532.mp3,audio data/person_asking_for_help/help_183_567532.mp3,person_asking_for_help,Person Asking for Help,34.2241,44100,2,MPEG_LAYER_III,654475,MP3,indoor/outdoor,digital microphone / synthetic,1-5m,original,train,2026-09-27 12:06:14,5fef3bc4a47398dcdc849bafbe5948998788eea44322775b47e5abcd78188f24,critical,True
SS-02511,help_184_50617.mp3,audio data/person_asking_for_help/help_184_50617.mp3,person_asking_for_help,Person Asking for Help,6.4551,44100,1,MPEG_LAYER_III,148609,MP3,indoor/outdoor,digital microphone / synthetic,1-5m,original,train,2026-09-27 12:06:14,7c87620956345f3445d07bc7388bf8077ca791529f50a1ea458f9060888142e0,critical,True
SS-02512,help_185_130626.mp3,audio data/person_asking_for_help/help_185_130626.mp3,person_asking_for_help,Person Asking for Help,12.5388,44100,2,MPEG_LAYER_III,275948,MP3,indoor/outdoor,digital microphone / synthetic,1-5m,original,train,2026-09-27 12:06:14,ef7b87d4718b361d55aed4b9c4d1c5f3906ad031de7252c899471ea31c1205de,critical,True
SS-02513,help_186_391365.mp3,audio data/person_asking_for_help/help_186_391365.mp3,person_asking_for_help,Person Asking for Help,6.0394,48000,2,MPEG_LAYER_III,115872,MP3,indoor/outdoor,digital microphone / synthetic,1-5m,original,train,2026-09-27 12:06:14,ff344400a1f129185f8bd341e9a165b5a82a550b606b314824e7ea957ab27108,critical,True
SS-02514,help_187_62264.mp3,audio data/person_asking_for_help/help_187_62264.mp3,person_asking_for_help,Person Asking for Help,2.9739,44100,1,MPEG_LAYER_III,49773,MP3,indoor/outdoor,digital microphone / synthetic,1-5m,original,train,2026-09-27 12:06:14,c738518c11ef82d9b61557007b4dfc2997cd5bbf4f6bc6fb65ece9c5b17df288,critical,True
SS-02515,help_191_391366.mp3,audio data/person_asking_for_help/help_191_391366.mp3,person_asking_for_help,Person Asking for Help,8.0414,48000,2,MPEG_LAYER_III,153816,MP3,indoor/outdoor,digital microphone / synthetic,1-5m,original,validation,2026-09-27 12:06:14,902a2d657f1d932ba1138785c6f1eab8365bc983118f6c56d2608b3ff499af82,critical,True
SS-02516,help_192_539276.mp3,audio data/person_asking_for_help/help_192_539276.mp3,person_asking_for_help,Person Asking for Help,1.8344,44100,2,MPEG_LAYER_III,45396,MP3,indoor/outdoor,digital microphone / synthetic,1-5m,original,train,2026-09-27 12:06:14,ed8ad440e4e459259dcb54eab5a42916ba006a4da6e585787cdbb8d8c75bc2f4,critical,True
SS-02517,help_193_338811.mp3,audio data/person_asking_for_help/help_193_338811.mp3,person_asking_for_help,Person Asking for Help,46.726,48000,2,MPEG_LAYER_III,1089120,MP3,indoor/outdoor,digital microphone / synthetic,1-5m,original,test,2026-09-27 12:06:14,e5bf8295c6924629c0c7fb07efdb5a2b43768b75eb110b2e9475f5ca92730bb3,critical,True
SS-02518,help_297_440074.mp3,audio data/person_asking_for_help/help_297_440074.mp3,person_asking_for_help,Person Asking for Help,11.8886,44100,2,MPEG_LAYER_III,264757,MP3,indoor/outdoor,digital microphone / synthetic,1-5m,original,train,2026-09-27 12:06:14,5d7d6c5357c3bfee2f9ce6d747f2be2f580660224359c3fe389acd0089168fc7,critical,True
SS-02519,junior_call_for_help_140.wav,audio data/person_asking_for_help/junior_call_for_help_140.wav,person_asking_for_help,Person Asking for Help,1.0746,16000,1,PCM_16,38482,WAV,indoor/outdoor,digital microphone / synthetic,1-5m,original,train,2026-09-27 12:06:14,ff1c397665a4fe43f21c116dbf14cf89df5db71401b3e22359f3af71f60277a8,critical,True
SS-02520,junior_call_for_help_170.wav,audio data/person_asking_for_help/junior_call_for_help_170.wav,person_asking_for_help,Person Asking for Help,0.9682,16000,1,PCM_16,35078,WAV,indoor/outdoor,digital microphone / synthetic,1-5m,original,train,2026-09-27 12:06:14,eb615b8d8c469104d6fdfe785244f459ec38873626f865bf4eb9ea5e9e1afc46,critical,True
SS-02521,junior_call_for_help_200.wav,audio data/person_asking_for_help/junior_call_for_help_200.wav,person_asking_for_help,Person Asking for Help,0.8769,16000,1,PCM_16,32158,WAV,indoor/outdoor,digital microphone / synthetic,1-5m,original,train,2026-09-27 12:06:14,4b59d9f4befc0ee9238dfc706fdf690cf6ad398abf89dd1654d9102343bcf445,critical,True
SS-02522,junior_emergency_140.wav,audio data/person_asking_for_help/junior_emergency_140.wav,person_asking_for_help,Person Asking for Help,0.9236,16000,1,PCM_16,33652,WAV,indoor/outdoor,digital microphone / synthetic,1-5m,original,validation,2026-09-27 12:06:14,fc30339406738fe9e29f25bc296d4cb9c112115e7dfafc21b0bba4ea57c29107,critical,True
SS-02523,junior_emergency_170.wav,audio data/person_asking_for_help/junior_emergency_170.wav,person_asking_for_help,Person Asking for Help,0.8171,16000,1,PCM_16,30242,WAV,indoor/outdoor,digital microphone / synthetic,1-5m,original,train,2026-09-27 12:06:14,c4b559fb0faafce6974c01209e18b6f97e50abf23e278c15317043e1f9ed4f83,critical,True
SS-02524,junior_help_me_140.wav,audio data/person_asking_for_help/junior_help_me_140.wav,person_asking_for_help,Person Asking for Help,0.7155,16000,1,PCM_16,26992,WAV,indoor/outdoor,digital microphone / synthetic,1-5m,original,validation,2026-09-27 12:06:14,09b589bc47413daefcf742cd8e9042985d88c4bf0823f19432a336d92907fde5,critical,True
SS-02525,junior_help_me_170.wav,audio data/person_asking_for_help/junior_help_me_170.wav,person_asking_for_help,Person Asking for Help,0.6343,16000,1,PCM_16,24394,WAV,indoor/outdoor,digital microphone / synthetic,1-5m,original,train,2026-09-27 12:06:14,8179fbe143c520d3e11218a71210115d498479d193373fef40de1b3b339e1e5a,critical,True
SS-02526,junior_help_me_200.wav,audio data/person_asking_for_help/junior_help_me_200.wav,person_asking_for_help,Person Asking for Help,0.5734,16000,1,PCM_16,22444,WAV,indoor/outdoor,digital microphone / synthetic,1-5m,original,train,2026-09-27 12:06:14,5795b876c7a0570643735e46480ac0334fb46af990c6e09c5106138935fb869c,critical,True
SS-02527,junior_please_help_140.wav,audio data/person_asking_for_help/junior_please_help_140.wav,person_asking_for_help,Person Asking for Help,0.8818,16000,1,PCM_16,32312,WAV,indoor/outdoor,digital microphone / synthetic,1-5m,original,train,2026-09-27 12:06:14,273345f92909ff2f3aa5d256ef18b2bff8991114bebddd31f0ac8f0df95407fd,critical,True
SS-02528,junior_please_help_170.wav,audio data/person_asking_for_help/junior_please_help_170.wav,person_asking_for_help,Person Asking for Help,0.7905,16000,1,PCM_16,29392,WAV,indoor/outdoor,digital microphone / synthetic,1-5m,original,test,2026-09-27 12:06:14,8320b4b346ab5602b0b6cb2a7b8cf5c3766a012235ba90f198bf8ea1bd1820c9,critical,True
SS-02529,junior_please_help_200.wav,audio data/person_asking_for_help/junior_please_help_200.wav,person_asking_for_help,Person Asking for Help,0.7196,16000,1,PCM_16,27122,WAV,indoor/outdoor,digital microphone / synthetic,1-5m,original,train,2026-09-27 12:06:14,b2e2fd986c2527378f74126aab845df2fb2b0ca8b1e4ab3dc5f1aa975f73bf57,critical,True
SS-02530,junior_somebody_help_140.wav,audio data/person_asking_for_help/junior_somebody_help_140.wav,person_asking_for_help,Person Asking for Help,1.1306,16000,1,PCM_16,40276,WAV,indoor/outdoor,digital microphone / synthetic,1-5m,original,train,2026-09-27 12:06:14,9a207ba4bdf393dae083222b8a5b9f2f487772d0081ef3f9d635543d66d47f94,critical,True
SS-02531,junior_somebody_help_170.wav,audio data/person_asking_for_help/junior_somebody_help_170.wav,person_asking_for_help,Person Asking for Help,1.0141,16000,1,PCM_16,36546,WAV,indoor/outdoor,digital microphone / synthetic,1-5m,original,train,2026-09-27 12:06:14,f56032cd65d9eb348b0beefa867259a1c41ded0d2bf79a5b7b5a270516fcfc92,critical,True
SS-02532,junior_somebody_help_200.wav,audio data/person_asking_for_help/junior_somebody_help_200.wav,person_asking_for_help,Person Asking for Help,0.9279,16000,1,PCM_16,33788,WAV,indoor/outdoor,digital microphone / synthetic,1-5m,original,train,2026-09-27 12:06:14,b63c1363a0967fcff2368c8b2f80658347e07076d49b1c9e1dab5bb2a3ae4b6b,critical,True
SS-02533,karen_call_for_help_140.wav,audio data/person_asking_for_help/karen_call_for_help_140.wav,person_asking_for_help,Person Asking for Help,1.5669,16000,1,PCM_16,54236,WAV,indoor/outdoor,digital microphone / synthetic,1-5m,original,train,2026-09-27 12:06:14,3f60268f6bcb1a8c3845f1011755fe44a4e4daab4a2ba33aa54ec1fadf8fcfb5,critical,True
SS-02534,karen_call_for_help_170.wav,audio data/person_asking_for_help/karen_call_for_help_170.wav,person_asking_for_help,Person Asking for Help,1.2774,16000,1,PCM_16,44974,WAV,indoor/outdoor,digital microphone / synthetic,1-5m,original,train,2026-09-27 12:06:14,b5f1dac1c125b6564b97c941c1bbe32664f64a315cf9f899732dcec4affc6006,critical,True
SS-02535,karen_call_for_help_200.wav,audio data/person_asking_for_help/karen_call_for_help_200.wav,person_asking_for_help,Person Asking for Help,1.0949,16000,1,PCM_16,39134,WAV,indoor/outdoor,digital microphone / synthetic,1-5m,original,train,2026-09-27 12:06:14,e9bfb500d0a2b91dc33141c01f3b8f32a0c6b550fa9481bb3348c98c914c18a7,critical,True
SS-02536,karen_emergency_140.wav,audio data/person_asking_for_help/karen_emergency_140.wav,person_asking_for_help,Person Asking for Help,1.2516,16000,1,PCM_16,44146,WAV,indoor/outdoor,digital microphone / synthetic,1-5m,original,train,2026-09-27 12:06:14,c5bcf0a1b3aa973013c8880a8b85536e2a9a842b95d0e210170515a40962a3f6,critical,True
SS-02537,karen_emergency_170.wav,audio data/person_asking_for_help/karen_emergency_170.wav,person_asking_for_help,Person Asking for Help,1.036,16000,1,PCM_16,37248,WAV,indoor/outdoor,digital microphone / synthetic,1-5m,original,test,2026-09-27 12:06:14,b062a55c602b0f02c19841d6991e8466cd04988820d428413600e949ccf44bbd,critical,True
SS-02538,karen_help_me_140.wav,audio data/person_asking_for_help/karen_help_me_140.wav,person_asking_for_help,Person Asking for Help,0.9696,16000,1,PCM_16,35122,WAV,indoor/outdoor,digital microphone / synthetic,1-5m,original,train,2026-09-27 12:06:14,a47f6ff2ac57983e3b9802f55a53fb03106d71e76f54160e21ee14942db20e95,critical,True
SS-02539,karen_help_me_170.wav,audio data/person_asking_for_help/karen_help_me_170.wav,person_asking_for_help,Person Asking for Help,0.7917,16000,1,PCM_16,29430,WAV,indoor/outdoor,digital microphone / synthetic,1-5m,original,validation,2026-09-27 12:06:14,7ee9e431f7cd685a76de8baa8182f3271d22ab5347a9dd03863b2f46d73294ae,critical,True
SS-02540,karen_help_me_200.wav,audio data/person_asking_for_help/karen_help_me_200.wav,person_asking_for_help,Person Asking for Help,0.6727,16000,1,PCM_16,25622,WAV,indoor/outdoor,digital microphone / synthetic,1-5m,original,train,2026-09-27 12:06:14,e73d3ff2c326d4a27063d8453b10f8e7c3719b83e0e3bc3bcaf6ad92bf294c46,critical,True
SS-02541,karen_please_help_140.wav,audio data/person_asking_for_help/karen_please_help_140.wav,person_asking_for_help,Person Asking for Help,1.3702,16000,1,PCM_16,47942,WAV,indoor/outdoor,digital microphone / synthetic,1-5m,original,train,2026-09-27 12:06:14,7280b72ba21ac89e2e8e8c0e6df0e128ceb122406af3fe469d820441e0d7170d,critical,True
SS-02542,karen_please_help_170.wav,audio data/person_asking_for_help/karen_please_help_170.wav,person_asking_for_help,Person Asking for Help,1.1427,16000,1,PCM_16,40662,WAV,indoor/outdoor,digital microphone / synthetic,1-5m,original,test,2026-09-27 12:06:14,47b61a224506ed8968fe00a291406cc5b3c2bbe670836a8c11dd8e668ac38353,critical,True
SS-02543,karen_please_help_200.wav,audio data/person_asking_for_help/karen_please_help_200.wav,person_asking_for_help,Person Asking for Help,0.9795,16000,1,PCM_16,35440,WAV,indoor/outdoor,digital microphone / synthetic,1-5m,original,train,2026-09-27 12:06:14,eb3f51a2d4e0f2885b85aae0a3ed874dc1616aa63044ba30d4e350fea89ddd80,critical,True
SS-02544,karen_somebody_help_140.wav,audio data/person_asking_for_help/karen_somebody_help_140.wav,person_asking_for_help,Person Asking for Help,1.5098,16000,1,PCM_16,52410,WAV,indoor/outdoor,digital microphone / synthetic,1-5m,original,test,2026-09-27 12:06:14,f5aad7605bafa3925a3a830a1beb8000fd1a9710f40e78d7bbb2b66fe87bd610,critical,True
SS-02545,karen_somebody_help_170.wav,audio data/person_asking_for_help/karen_somebody_help_170.wav,person_asking_for_help,Person Asking for Help,1.2138,16000,1,PCM_16,42938,WAV,indoor/outdoor,digital microphone / synthetic,1-5m,original,validation,2026-09-27 12:06:14,cd413a3ea0a8e20b2f030275dac374f44d6a11ccc26d28f484f39d5ad095cc6c,critical,True
SS-02546,karen_somebody_help_200.wav,audio data/person_asking_for_help/karen_somebody_help_200.wav,person_asking_for_help,Person Asking for Help,1.0248,16000,1,PCM_16,36890,WAV,indoor/outdoor,digital microphone / synthetic,1-5m,original,train,2026-09-27 12:06:14,a00d6e53fd30b22247d3ce63c61baaac1cb23cb4c62d256972398ded6256d7c2,critical,True
SS-02547,kate_call_for_help_140.wav,audio data/person_asking_for_help/kate_call_for_help_140.wav,person_asking_for_help,Person Asking for Help,1.338,16000,1,PCM_16,46912,WAV,indoor/outdoor,digital microphone / synthetic,1-5m,original,train,2026-09-27 12:06:14,d3401daf9204ad149525abe8e16596d2ea0f9c8245dd3db3ddb6412b763a6d10,critical,True
SS-02548,kate_call_for_help_170.wav,audio data/person_asking_for_help/kate_call_for_help_170.wav,person_asking_for_help,Person Asking for Help,1.0922,16000,1,PCM_16,39046,WAV,indoor/outdoor,digital microphone / synthetic,1-5m,original,train,2026-09-27 12:06:14,727d8fac12cb28a771adeb69254b3f72def459d27c1e9450a8c06613b7d8ac88,critical,True
SS-02549,kate_call_for_help_200.wav,audio data/person_asking_for_help/kate_call_for_help_200.wav,person_asking_for_help,Person Asking for Help,0.9441,16000,1,PCM_16,34306,WAV,indoor/outdoor,digital microphone / synthetic,1-5m,original,test,2026-09-27 12:06:14,326fbb28712532e12c279474859fd758b7656437c3b9f3073c8515469761dfbd,critical,True
SS-02550,kate_emergency_140.wav,audio data/person_asking_for_help/kate_emergency_140.wav,person_asking_for_help,Person Asking for Help,1.2046,16000,1,PCM_16,42642,WAV,indoor/outdoor,digital microphone / synthetic,1-5m,original,test,2026-09-27 12:06:14,d82ea28f80abee5a944305bab3cbe18ba42e337eecc66ef5c6f44979ad12f4b7,critical,True
SS-02551,kate_emergency_170.wav,audio data/person_asking_for_help/kate_emergency_170.wav,person_asking_for_help,Person Asking for Help,0.9831,16000,1,PCM_16,35556,WAV,indoor/outdoor,digital microphone / synthetic,1-5m,original,train,2026-09-27 12:06:14,ae2f74086e1256d2cad010d70456d3c496d199aaa8a8c8e22f306de1cf3d60e3,critical,True
SS-02552,kate_help_me_140.wav,audio data/person_asking_for_help/kate_help_me_140.wav,person_asking_for_help,Person Asking for Help,0.9076,16000,1,PCM_16,33138,WAV,indoor/outdoor,digital microphone / synthetic,1-5m,original,validation,2026-09-27 12:06:14,4ff302b7c91adaa63907e7e6e445de69d97dc171024071cb2a0dabeeba27d150,critical,True
SS-02553,kate_help_me_170.wav,audio data/person_asking_for_help/kate_help_me_170.wav,person_asking_for_help,Person Asking for Help,0.7517,16000,1,PCM_16,28150,WAV,indoor/outdoor,digital microphone / synthetic,1-5m,original,train,2026-09-27 12:06:14,9cc129aa377b0254522e2933343c9c7181649bd27453256b8ee1b2134c1bec70,critical,True
SS-02554,kate_help_me_200.wav,audio data/person_asking_for_help/kate_help_me_200.wav,person_asking_for_help,Person Asking for Help,0.6416,16000,1,PCM_16,24628,WAV,indoor/outdoor,digital microphone / synthetic,1-5m,original,test,2026-09-27 12:06:14,fed418c1927b8931bd365f378fc31d60a6b90bfce5f9c9fb63784fe3037d677d,critical,True
SS-02555,kate_please_help_140.wav,audio data/person_asking_for_help/kate_please_help_140.wav,person_asking_for_help,Person Asking for Help,1.1227,16000,1,PCM_16,40024,WAV,indoor/outdoor,digital microphone / synthetic,1-5m,original,train,2026-09-27 12:06:14,f8107a68f34b223a681a6bbc4540bba6f4e9cde620b64fa27b55ee627853ec5d,critical,True
SS-02556,kate_please_help_170.wav,audio data/person_asking_for_help/kate_please_help_170.wav,person_asking_for_help,Person Asking for Help,0.9328,16000,1,PCM_16,33946,WAV,indoor/outdoor,digital microphone / synthetic,1-5m,original,train,2026-09-27 12:06:14,4ace9e64087ef9d446720ef53b343ee1cb7f21cb0ca9db99f09ddd2ff3c09b3e,critical,True
SS-02557,kate_please_help_200.wav,audio data/person_asking_for_help/kate_please_help_200.wav,person_asking_for_help,Person Asking for Help,0.8053,16000,1,PCM_16,29866,WAV,indoor/outdoor,digital microphone / synthetic,1-5m,original,train,2026-09-27 12:06:14,26557c2a9dade9c2c02594ee43dc3c9a260e80007ece55d836e4e64e2f47ed86,critical,True
SS-02558,kate_somebody_help_140.wav,audio data/person_asking_for_help/kate_somebody_help_140.wav,person_asking_for_help,Person Asking for Help,1.3861,16000,1,PCM_16,48450,WAV,indoor/outdoor,digital microphone / synthetic,1-5m,original,train,2026-09-27 12:06:14,e19983088ece6514919f3429bf4b8ff1c44d76f7787b7add0c666396dddf6eed,critical,True
SS-02559,kate_somebody_help_170.wav,audio data/person_asking_for_help/kate_somebody_help_170.wav,person_asking_for_help,Person Asking for Help,1.1372,16000,1,PCM_16,40486,WAV,indoor/outdoor,digital microphone / synthetic,1-5m,original,validation,2026-09-27 12:06:14,d00d018abcca40ae703444a0b0ff12185b31bd1c72d335c028cae12ecae6b3fe,critical,True
SS-02560,kate_somebody_help_200.wav,audio data/person_asking_for_help/kate_somebody_help_200.wav,person_asking_for_help,Person Asking for Help,0.9869,16000,1,PCM_16,35678,WAV,indoor/outdoor,digital microphone / synthetic,1-5m,original,train,2026-09-27 12:06:14,317f89e59aa269829671ee4ccddee605a39701e1507e74b9ef86e244f543cc71,critical,True
SS-02561,lee_call_for_help_140.wav,audio data/person_asking_for_help/lee_call_for_help_140.wav,person_asking_for_help,Person Asking for Help,1.2815,16000,1,PCM_16,45104,WAV,indoor/outdoor,digital microphone / synthetic,1-5m,original,train,2026-09-27 12:06:14,1067123d80bba51e2806a8ed257fc00342629fda4245bac714adbf9054ce4d00,critical,True
SS-02562,lee_call_for_help_170.wav,audio data/person_asking_for_help/lee_call_for_help_170.wav,person_asking_for_help,Person Asking for Help,1.0389,16000,1,PCM_16,37340,WAV,indoor/outdoor,digital microphone / synthetic,1-5m,original,test,2026-09-27 12:06:14,7137b89b5389e571bd35e3a4d7fc1ad0d238054f8b59a7602c6903ad8bcea26e,critical,True
SS-02563,lee_call_for_help_200.wav,audio data/person_asking_for_help/lee_call_for_help_200.wav,person_asking_for_help,Person Asking for Help,0.9407,16000,1,PCM_16,34200,WAV,indoor/outdoor,digital microphone / synthetic,1-5m,original,train,2026-09-27 12:06:14,ca744f0eb896518524a9974b90853526ddafce407ae0914e7bb65b11284ffb63,critical,True
SS-02564,lee_emergency_140.wav,audio data/person_asking_for_help/lee_emergency_140.wav,person_asking_for_help,Person Asking for Help,1.2036,16000,1,PCM_16,42610,WAV,indoor/outdoor,digital microphone / synthetic,1-5m,original,test,2026-09-27 12:06:14,3ce8fc6df8c1051c729557bcf6340ab88fd77d8ecc3b6908857c2c0a0fbe8f2a,critical,True
SS-02565,lee_emergency_170.wav,audio data/person_asking_for_help/lee_emergency_170.wav,person_asking_for_help,Person Asking for Help,0.9832,16000,1,PCM_16,35558,WAV,indoor/outdoor,digital microphone / synthetic,1-5m,original,validation,2026-09-27 12:06:14,3d649338348e698c31e9796d64aba221e6e0eceb8976a14dcd9dcc562c3d0cfc,critical,True
SS-02566,lee_help_me_140.wav,audio data/person_asking_for_help/lee_help_me_140.wav,person_asking_for_help,Person Asking for Help,0.9323,16000,1,PCM_16,33928,WAV,indoor/outdoor,digital microphone / synthetic,1-5m,original,train,2026-09-27 12:06:14,f2140157780e1d989a250684881c4a8dcbc91928789c397b624e3a66e70c1b22,critical,True
SS-02567,lee_help_me_170.wav,audio data/person_asking_for_help/lee_help_me_170.wav,person_asking_for_help,Person Asking for Help,0.7617,16000,1,PCM_16,28470,WAV,indoor/outdoor,digital microphone / synthetic,1-5m,original,train,2026-09-27 12:06:14,0bc2a81fd29dcd38bec2c91a9115aa5c1c981c37bcf79531f63ee308bd9f26a7,critical,True
SS-02568,lee_help_me_200.wav,audio data/person_asking_for_help/lee_help_me_200.wav,person_asking_for_help,Person Asking for Help,0.6723,16000,1,PCM_16,25608,WAV,indoor/outdoor,digital microphone / synthetic,1-5m,original,test,2026-09-27 12:06:14,0f730e8395be12f522d3adb4bf0d44ef24e06c19c864002b3c23bc2f1255b194,critical,True
SS-02569,lee_please_help_140.wav,audio data/person_asking_for_help/lee_please_help_140.wav,person_asking_for_help,Person Asking for Help,1.2132,16000,1,PCM_16,42918,WAV,indoor/outdoor,digital microphone / synthetic,1-5m,original,validation,2026-09-27 12:06:14,4b2d239c5981a5450130fd89a99f219c0e23c14747949ba75c203d93f04bd6db,critical,True
SS-02570,lee_please_help_170.wav,audio data/person_asking_for_help/lee_please_help_170.wav,person_asking_for_help,Person Asking for Help,0.9846,16000,1,PCM_16,35604,WAV,indoor/outdoor,digital microphone / synthetic,1-5m,original,train,2026-09-27 12:06:14,1d85dc109a304b27f769b7166bff6c7b2c9ac388584d4a691b6734ff407a0601,critical,True
SS-02571,lee_please_help_200.wav,audio data/person_asking_for_help/lee_please_help_200.wav,person_asking_for_help,Person Asking for Help,0.8611,16000,1,PCM_16,31650,WAV,indoor/outdoor,digital microphone / synthetic,1-5m,original,train,2026-09-27 12:06:14,0559813f17a6fdc59e78346bb3077babb9da1f0c5062cf9f1e76356cdf23358e,critical,True
SS-02572,lee_somebody_help_140.wav,audio data/person_asking_for_help/lee_somebody_help_140.wav,person_asking_for_help,Person Asking for Help,1.5757,16000,1,PCM_16,54518,WAV,indoor/outdoor,digital microphone / synthetic,1-5m,original,train,2026-09-27 12:06:14,f1e8fc7f413fd57dc28f695afdb0404c13ca9f8a725046721f85f76b9fac4e48,critical,True
SS-02573,lee_somebody_help_170.wav,audio data/person_asking_for_help/lee_somebody_help_170.wav,person_asking_for_help,Person Asking for Help,1.2074,16000,1,PCM_16,42732,WAV,indoor/outdoor,digital microphone / synthetic,1-5m,original,validation,2026-09-27 12:06:14,9ee0116a538b2876d1d3b16161463b2a937aa492d9eb46d9bd9ce84dfe7a1b2b,critical,True
SS-02574,lee_somebody_help_200.wav,audio data/person_asking_for_help/lee_somebody_help_200.wav,person_asking_for_help,Person Asking for Help,1.0512,16000,1,PCM_16,37734,WAV,indoor/outdoor,digital microphone / synthetic,1-5m,original,train,2026-09-27 12:06:14,692be5b3ca122d2ea881746d7402913f9f9ef1bde61d0905f935719216bd8860,critical,True
SS-02575,moira_call_for_help_140.wav,audio data/person_asking_for_help/moira_call_for_help_140.wav,person_asking_for_help,Person Asking for Help,1.5241,16000,1,PCM_16,52866,WAV,indoor/outdoor,digital microphone / synthetic,1-5m,original,train,2026-09-27 12:06:14,b60e92c4faf2a96d7a045f3fbf03c209499bcff3c419eff43e7fa1637849e9fc,critical,True
SS-02576,moira_call_for_help_170.wav,audio data/person_asking_for_help/moira_call_for_help_170.wav,person_asking_for_help,Person Asking for Help,1.2896,16000,1,PCM_16,45362,WAV,indoor/outdoor,digital microphone / synthetic,1-5m,original,validation,2026-09-27 12:06:14,946deb869f661efb33ebc3570c2cab3e2aed49e1d0ad0c58787243004a1fc74c,critical,True
SS-02577,moira_call_for_help_200.wav,audio data/person_asking_for_help/moira_call_for_help_200.wav,person_asking_for_help,Person Asking for Help,1.0871,16000,1,PCM_16,38882,WAV,indoor/outdoor,digital microphone / synthetic,1-5m,original,test,2026-09-27 12:06:14,290184f0a5d8a1d22cdb2abd2d3ecf845f3783516b5c6c18cbe5551e8047018b,critical,True
SS-02578,moira_emergency_140.wav,audio data/person_asking_for_help/moira_emergency_140.wav,person_asking_for_help,Person Asking for Help,1.3684,16000,1,PCM_16,47884,WAV,indoor/outdoor,digital microphone / synthetic,1-5m,original,test,2026-09-27 12:06:14,d89e22f46dd163714f4d89c0f86aac9c55d0ceb1aec016f94bc875c417773fb7,critical,True
SS-02579,moira_emergency_170.wav,audio data/person_asking_for_help/moira_emergency_170.wav,person_asking_for_help,Person Asking for Help,1.1579,16000,1,PCM_16,41148,WAV,indoor/outdoor,digital microphone / synthetic,1-5m,original,train,2026-09-27 12:06:14,03c3cb57ed0c9ba705dd0760152b2c2acbc39d8fc8fd8a1993df264e785a2233,critical,True
SS-02580,moira_help_me_140.wav,audio data/person_asking_for_help/moira_help_me_140.wav,person_asking_for_help,Person Asking for Help,0.9663,16000,1,PCM_16,35018,WAV,indoor/outdoor,digital microphone / synthetic,1-5m,original,test,2026-09-27 12:06:14,e11ec2819de957de54fa79516fb850ec7aa0eb4fcd25a44661bf377ac7d02729,critical,True
SS-02581,moira_help_me_170.wav,audio data/person_asking_for_help/moira_help_me_170.wav,person_asking_for_help,Person Asking for Help,0.8176,16000,1,PCM_16,30260,WAV,indoor/outdoor,digital microphone / synthetic,1-5m,original,train,2026-09-27 12:06:14,55b1395c5114f0e5f87b0e4c08c5f379719523877f97d494ca239386dd41e017,critical,True
SS-02582,moira_help_me_200.wav,audio data/person_asking_for_help/moira_help_me_200.wav,person_asking_for_help,Person Asking for Help,0.6893,16000,1,PCM_16,26152,WAV,indoor/outdoor,digital microphone / synthetic,1-5m,original,train,2026-09-27 12:06:14,4b71b17faf15247543d38e112f1c23c340587e4c23bf8abddc3f121bddafe65b,critical,True
SS-02583,moira_please_help_140.wav,audio data/person_asking_for_help/moira_please_help_140.wav,person_asking_for_help,Person Asking for Help,1.3749,16000,1,PCM_16,48092,WAV,indoor/outdoor,digital microphone / synthetic,1-5m,original,test,2026-09-27 12:06:14,4feb3b8d5768ae5f0d30b7100df9c092810cd589ba95e3fbb67f91ac05309cac,critical,True
SS-02584,moira_please_help_170.wav,audio data/person_asking_for_help/moira_please_help_170.wav,person_asking_for_help,Person Asking for Help,1.1634,16000,1,PCM_16,41324,WAV,indoor/outdoor,digital microphone / synthetic,1-5m,original,validation,2026-09-27 12:06:14,f5277552428c684dcd9d81dfcaecd71ea13553b84e1f42852794e9fd5b2a4a00,critical,True
SS-02585,moira_please_help_200.wav,audio data/person_asking_for_help/moira_please_help_200.wav,person_asking_for_help,Person Asking for Help,0.9807,16000,1,PCM_16,35478,WAV,indoor/outdoor,digital microphone / synthetic,1-5m,original,validation,2026-09-27 12:06:14,80119ffebd60f61b0527fa0b89849ef8642b8a20cff8ab6c4539ad537470e1dd,critical,True
SS-02586,moira_somebody_help_140.wav,audio data/person_asking_for_help/moira_somebody_help_140.wav,person_asking_for_help,Person Asking for Help,1.5889,16000,1,PCM_16,54940,WAV,indoor/outdoor,digital microphone / synthetic,1-5m,original,train,2026-09-27 12:06:14,cbf9cdcd30793ce791b482fe938c67f98622e429a34faf05fb8a21eb83098636,critical,True
SS-02587,moira_somebody_help_170.wav,audio data/person_asking_for_help/moira_somebody_help_170.wav,person_asking_for_help,Person Asking for Help,1.3444,16000,1,PCM_16,47118,WAV,indoor/outdoor,digital microphone / synthetic,1-5m,original,train,2026-09-27 12:06:14,d3a2b30ea301980a3de98cd251d3c412766e26f60f8966b4769d8ad5d471d74a,critical,True
SS-02588,moira_somebody_help_200.wav,audio data/person_asking_for_help/moira_somebody_help_200.wav,person_asking_for_help,Person Asking for Help,1.1334,16000,1,PCM_16,40364,WAV,indoor/outdoor,digital microphone / synthetic,1-5m,original,train,2026-09-27 12:06:14,53e2079ffa53316aafef0f80e79013e54fcbc0406e217ce644d014f0b963520b,critical,True
SS-02589,oliver_call_for_help_140.wav,audio data/person_asking_for_help/oliver_call_for_help_140.wav,person_asking_for_help,Person Asking for Help,1.3736,16000,1,PCM_16,48050,WAV,indoor/outdoor,digital microphone / synthetic,1-5m,original,train,2026-09-27 12:06:14,2cc180020bb3ca27911e36e9f6d76849294ee56cda19a2aefe7eddfa67f58bfa,critical,True
SS-02590,oliver_call_for_help_170.wav,audio data/person_asking_for_help/oliver_call_for_help_170.wav,person_asking_for_help,Person Asking for Help,1.0985,16000,1,PCM_16,39248,WAV,indoor/outdoor,digital microphone / synthetic,1-5m,original,train,2026-09-27 12:06:14,6155c1bb025445e12b1d1be95c7c846a17c636ead771f312ed664dedbe084b30,critical,True
SS-02591,oliver_call_for_help_200.wav,audio data/person_asking_for_help/oliver_call_for_help_200.wav,person_asking_for_help,Person Asking for Help,1.0034,16000,1,PCM_16,36204,WAV,indoor/outdoor,digital microphone / synthetic,1-5m,original,validation,2026-09-27 12:06:14,66217d651138029ee36ff5d38db7ce621bc4bf883d793fea2301d714b6dfb326,critical,True
SS-02592,oliver_emergency_140.wav,audio data/person_asking_for_help/oliver_emergency_140.wav,person_asking_for_help,Person Asking for Help,1.1585,16000,1,PCM_16,41168,WAV,indoor/outdoor,digital microphone / synthetic,1-5m,original,train,2026-09-27 12:06:14,ca098f59d6e37112f40e1c10e415d7c82069788251f6fdc03590aaecac903e25,critical,True
SS-02593,oliver_emergency_170.wav,audio data/person_asking_for_help/oliver_emergency_170.wav,person_asking_for_help,Person Asking for Help,0.9096,16000,1,PCM_16,33202,WAV,indoor/outdoor,digital microphone / synthetic,1-5m,original,validation,2026-09-27 12:06:14,541e16ae578f71d4c7be4de310cc18e836e3e455c0ec6e99b8b8e167b79b1e09,critical,True
SS-02594,oliver_help_me_140.wav,audio data/person_asking_for_help/oliver_help_me_140.wav,person_asking_for_help,Person Asking for Help,0.8742,16000,1,PCM_16,32070,WAV,indoor/outdoor,digital microphone / synthetic,1-5m,original,test,2026-09-27 12:06:14,76447c4551e8911879a6e6fa7b0771fd2bd537a99fb3f0dcd8ef40897be96eca,critical,True
SS-02595,oliver_help_me_170.wav,audio data/person_asking_for_help/oliver_help_me_170.wav,person_asking_for_help,Person Asking for Help,0.7077,16000,1,PCM_16,26742,WAV,indoor/outdoor,digital microphone / synthetic,1-5m,original,train,2026-09-27 12:06:14,8f7ca2d57fe194a0b63e806168188baa07a04a45ccbd3e96653542b6dee890cf,critical,True
SS-02596,oliver_help_me_200.wav,audio data/person_asking_for_help/oliver_help_me_200.wav,person_asking_for_help,Person Asking for Help,0.6613,16000,1,PCM_16,25258,WAV,indoor/outdoor,digital microphone / synthetic,1-5m,original,test,2026-09-27 12:06:14,25d697b6eb3e3bfee59910ee4256ab6c911fd8cbe7451a95fcbc38373d6fa83b,critical,True
SS-02597,oliver_please_help_140.wav,audio data/person_asking_for_help/oliver_please_help_140.wav,person_asking_for_help,Person Asking for Help,1.2853,16000,1,PCM_16,45224,WAV,indoor/outdoor,digital microphone / synthetic,1-5m,original,train,2026-09-27 12:06:14,05d0d0a1c04bf3b3d88d08f62fd1d2d7772aee83f15d0c84aaf9d83fb387436a,critical,True
SS-02598,oliver_please_help_170.wav,audio data/person_asking_for_help/oliver_please_help_170.wav,person_asking_for_help,Person Asking for Help,1.0405,16000,1,PCM_16,37392,WAV,indoor/outdoor,digital microphone / synthetic,1-5m,original,train,2026-09-27 12:06:14,2a74ce4cea972a5dfd25d48df568b82bfb9de3e8976442e1e71cbbd2bf1a6c6f,critical,True
SS-02599,oliver_please_help_200.wav,audio data/person_asking_for_help/oliver_please_help_200.wav,person_asking_for_help,Person Asking for Help,0.9214,16000,1,PCM_16,33582,WAV,indoor/outdoor,digital microphone / synthetic,1-5m,original,validation,2026-09-27 12:06:14,ad952683dab5cc242f6bc264e052de6c703885c3f20d94452aead895e044af5b,critical,True
SS-02600,oliver_somebody_help_140.wav,audio data/person_asking_for_help/oliver_somebody_help_140.wav,person_asking_for_help,Person Asking for Help,1.4321,16000,1,PCM_16,49922,WAV,indoor/outdoor,digital microphone / synthetic,1-5m,original,train,2026-09-27 12:06:14,c4755b2d69af6d8d3f6cea593819150f00facc6a80f7143a2f68310d4a153013,critical,True
SS-02601,oliver_somebody_help_170.wav,audio data/person_asking_for_help/oliver_somebody_help_170.wav,person_asking_for_help,Person Asking for Help,1.1745,16000,1,PCM_16,41680,WAV,indoor/outdoor,digital microphone / synthetic,1-5m,original,train,2026-09-27 12:06:14,e4216c426ad25e89ed71d975394a2908c5dcb45b84901ad1bd4bed7433fea7b9,critical,True
SS-02602,oliver_somebody_help_200.wav,audio data/person_asking_for_help/oliver_somebody_help_200.wav,person_asking_for_help,Person Asking for Help,1.046,16000,1,PCM_16,37568,WAV,indoor/outdoor,digital microphone / synthetic,1-5m,original,train,2026-09-27 12:06:14,bfa5a82defdfdbdcf42d39cb3a79faeede5f9efdcfdaff85c6b4ee328283c102,critical,True
SS-02603,princess_call_for_help_140.wav,audio data/person_asking_for_help/princess_call_for_help_140.wav,person_asking_for_help,Person Asking for Help,1.0745,16000,1,PCM_16,38480,WAV,indoor/outdoor,digital microphone / synthetic,1-5m,original,train,2026-09-27 12:06:14,7bf8342fe1c5add5c40b19151fb6aa06ccb8a52ce2e5bc7804b62cdf2f4a0315,critical,True
SS-02604,princess_call_for_help_170.wav,audio data/person_asking_for_help/princess_call_for_help_170.wav,person_asking_for_help,Person Asking for Help,0.9682,16000,1,PCM_16,35078,WAV,indoor/outdoor,digital microphone / synthetic,1-5m,original,test,2026-09-27 12:06:14,c71c26d16acfb9571a240c99058adb8567e5c779b1dc4e97a7d1604b106e43b6,critical,True
SS-02605,princess_call_for_help_200.wav,audio data/person_asking_for_help/princess_call_for_help_200.wav,person_asking_for_help,Person Asking for Help,0.8769,16000,1,PCM_16,32158,WAV,indoor/outdoor,digital microphone / synthetic,1-5m,original,train,2026-09-27 12:06:14,52fb46c6de3e986e7f29de276813a1d8708b679e579c2e94a80d34fe65fd2ae8,critical,True
SS-02606,princess_emergency_140.wav,audio data/person_asking_for_help/princess_emergency_140.wav,person_asking_for_help,Person Asking for Help,0.9236,16000,1,PCM_16,33650,WAV,indoor/outdoor,digital microphone / synthetic,1-5m,original,train,2026-09-27 12:06:14,0b469a39e1edcfef38299a4b06a1f3d99b789af3c4cb46ce7c7baceea89139ec,critical,True
SS-02607,princess_emergency_170.wav,audio data/person_asking_for_help/princess_emergency_170.wav,person_asking_for_help,Person Asking for Help,0.8172,16000,1,PCM_16,30246,WAV,indoor/outdoor,digital microphone / synthetic,1-5m,original,train,2026-09-27 12:06:14,f32c4bf93f1047eb433409c602c8a434145bdfaf85fa6959eaeeece877e64686,critical,True
SS-02608,princess_help_me_140.wav,audio data/person_asking_for_help/princess_help_me_140.wav,person_asking_for_help,Person Asking for Help,0.7155,16000,1,PCM_16,26992,WAV,indoor/outdoor,digital microphone / synthetic,1-5m,original,train,2026-09-27 12:06:14,46093df2359c58efc2fed071e75839e558300fc0eb46fc34663283aa5f97a764,critical,True
SS-02609,princess_help_me_170.wav,audio data/person_asking_for_help/princess_help_me_170.wav,person_asking_for_help,Person Asking for Help,0.6342,16000,1,PCM_16,24390,WAV,indoor/outdoor,digital microphone / synthetic,1-5m,original,train,2026-09-27 12:06:14,fb4ef14dde7d4944e3c61a62cf6982dd9449a1587b82430b3fe8961688ef8915,critical,True
SS-02610,princess_help_me_200.wav,audio data/person_asking_for_help/princess_help_me_200.wav,person_asking_for_help,Person Asking for Help,0.5734,16000,1,PCM_16,22444,WAV,indoor/outdoor,digital microphone / synthetic,1-5m,original,train,2026-09-27 12:06:14,e5ab338ddf3cdba2654416dd3ac896e6df985db9fc426107c1ec447563df0411,critical,True
SS-02611,princess_please_help_140.wav,audio data/person_asking_for_help/princess_please_help_140.wav,person_asking_for_help,Person Asking for Help,0.8818,16000,1,PCM_16,32312,WAV,indoor/outdoor,digital microphone / synthetic,1-5m,original,train,2026-09-27 12:06:14,9372aea2cd3b1fa611ad40e6dff76ca76e3caf32fe1ef41ab9e54c79e6a5ff9f,critical,True
SS-02612,princess_please_help_170.wav,audio data/person_asking_for_help/princess_please_help_170.wav,person_asking_for_help,Person Asking for Help,0.7905,16000,1,PCM_16,29392,WAV,indoor/outdoor,digital microphone / synthetic,1-5m,original,test,2026-09-27 12:06:14,069fc946664b04a8036f43e8b214181bc57974410a602d8145bbd00fc5e3cc1b,critical,True
SS-02613,princess_please_help_200.wav,audio data/person_asking_for_help/princess_please_help_200.wav,person_asking_for_help,Person Asking for Help,0.7195,16000,1,PCM_16,27120,WAV,indoor/outdoor,digital microphone / synthetic,1-5m,original,test,2026-09-27 12:06:14,b4b2ab90e2c4ce02a732554a4bb675db8fd635ff451ea616b209e3e88cb21560,critical,True
SS-02614,princess_somebody_help_140.wav,audio data/person_asking_for_help/princess_somebody_help_140.wav,person_asking_for_help,Person Asking for Help,1.1306,16000,1,PCM_16,40274,WAV,indoor/outdoor,digital microphone / synthetic,1-5m,original,train,2026-09-27 12:06:14,444ee2538234a5492e9ff5e967704991425130e87df62503e581ad486cea2c81,critical,True
SS-02615,princess_somebody_help_170.wav,audio data/person_asking_for_help/princess_somebody_help_170.wav,person_asking_for_help,Person Asking for Help,1.014,16000,1,PCM_16,36544,WAV,indoor/outdoor,digital microphone / synthetic,1-5m,original,train,2026-09-27 12:06:14,94eba02f10f2209dedc7f870f15e3b77815fa8fb07fb2a246e3bbabac4a11f66,critical,True
SS-02616,princess_somebody_help_200.wav,audio data/person_asking_for_help/princess_somebody_help_200.wav,person_asking_for_help,Person Asking for Help,0.9279,16000,1,PCM_16,33788,WAV,indoor/outdoor,digital microphone / synthetic,1-5m,original,test,2026-09-27 12:06:14,e9959917b5092c32bd81ac0cf850d42f1ed03ffb1570691ce3e7a84dade52ddc,critical,True
SS-02617,rishi_call_for_help_140.wav,audio data/person_asking_for_help/rishi_call_for_help_140.wav,person_asking_for_help,Person Asking for Help,1.3879,16000,1,PCM_16,48508,WAV,indoor/outdoor,digital microphone / synthetic,1-5m,original,train,2026-09-27 12:06:14,aa5a358f605b3f6c501675a571f86707b95bf426d9b8eecb0b64108b2f74f2df,critical,True
SS-02618,rishi_call_for_help_170.wav,audio data/person_asking_for_help/rishi_call_for_help_170.wav,person_asking_for_help,Person Asking for Help,1.2512,16000,1,PCM_16,44134,WAV,indoor/outdoor,digital microphone / synthetic,1-5m,original,train,2026-09-27 12:06:14,fb19579e2927168937c22845de34ec1d466277d82e8b70f317b9eba828e479c5,critical,True
SS-02619,rishi_call_for_help_200.wav,audio data/person_asking_for_help/rishi_call_for_help_200.wav,person_asking_for_help,Person Asking for Help,1.0547,16000,1,PCM_16,37846,WAV,indoor/outdoor,digital microphone / synthetic,1-5m,original,train,2026-09-27 12:06:14,e2e39d1cc12f6fc372ec885527be826b3557dbe733693fb853060cc11c41fd84,critical,True
SS-02620,rishi_emergency_140.wav,audio data/person_asking_for_help/rishi_emergency_140.wav,person_asking_for_help,Person Asking for Help,1.3489,16000,1,PCM_16,47262,WAV,indoor/outdoor,digital microphone / synthetic,1-5m,original,train,2026-09-27 12:06:14,7df63728a4a8880af401e01901f0e350717941b2f2168e232c10f9895e5f9c94,critical,True
SS-02621,rishi_emergency_170.wav,audio data/person_asking_for_help/rishi_emergency_170.wav,person_asking_for_help,Person Asking for Help,1.1414,16000,1,PCM_16,40622,WAV,indoor/outdoor,digital microphone / synthetic,1-5m,original,train,2026-09-27 12:06:14,5605d49098ffc7a4c622d21a5a23b6d628196bfa5df9f03389c0cc9112a03977,critical,True
SS-02622,rishi_help_me_140.wav,audio data/person_asking_for_help/rishi_help_me_140.wav,person_asking_for_help,Person Asking for Help,1.0117,16000,1,PCM_16,36470,WAV,indoor/outdoor,digital microphone / synthetic,1-5m,original,validation,2026-09-27 12:06:14,d116427e3456b86e118ffbf4b028b3c5247f032c2bda497633c1beac6043e857,critical,True
SS-02623,rishi_help_me_170.wav,audio data/person_asking_for_help/rishi_help_me_170.wav,person_asking_for_help,Person Asking for Help,0.8561,16000,1,PCM_16,31490,WAV,indoor/outdoor,digital microphone / synthetic,1-5m,original,train,2026-09-27 12:06:14,41133b67b7324fb654a322c1df0a6c3ee73631aa36948b8ec22155d80e35a573,critical,True
SS-02624,rishi_help_me_200.wav,audio data/person_asking_for_help/rishi_help_me_200.wav,person_asking_for_help,Person Asking for Help,0.7216,16000,1,PCM_16,27188,WAV,indoor/outdoor,digital microphone / synthetic,1-5m,original,train,2026-09-27 12:06:14,fdf6faaf79651a189cb1c004ca1732c88ad741c8891cbaf8e09f1d59d1a8ac73,critical,True
SS-02625,rishi_please_help_140.wav,audio data/person_asking_for_help/rishi_please_help_140.wav,person_asking_for_help,Person Asking for Help,1.1868,16000,1,PCM_16,42074,WAV,indoor/outdoor,digital microphone / synthetic,1-5m,original,train,2026-09-27 12:06:14,66c5bb4946cf6991e92bab59a00dc2c23763a957e12a739a647548e5c84da329,critical,True
SS-02626,rishi_please_help_170.wav,audio data/person_asking_for_help/rishi_please_help_170.wav,person_asking_for_help,Person Asking for Help,1.0043,16000,1,PCM_16,36232,WAV,indoor/outdoor,digital microphone / synthetic,1-5m,original,train,2026-09-27 12:06:14,35b8085981bbae8498e0fd8476a6e0a8b123180f9c20bbe11a0aeafddb6c542f,critical,True
SS-02627,rishi_please_help_200.wav,audio data/person_asking_for_help/rishi_please_help_200.wav,person_asking_for_help,Person Asking for Help,0.8466,16000,1,PCM_16,31186,WAV,indoor/outdoor,digital microphone / synthetic,1-5m,original,train,2026-09-27 12:06:14,54c5d11e7ac95efaf1195b8168e12fd6eacf3b6d4c1fea1fb687de43a66b822c,critical,True
SS-02628,rishi_somebody_help_140.wav,audio data/person_asking_for_help/rishi_somebody_help_140.wav,person_asking_for_help,Person Asking for Help,1.5176,16000,1,PCM_16,52658,WAV,indoor/outdoor,digital microphone / synthetic,1-5m,original,train,2026-09-27 12:06:14,5f945e1ffe5c08d7a0281bcd0a1c048c739b2dcdd4ae0dce92eccd306d3f648e,critical,True
SS-02629,rishi_somebody_help_170.wav,audio data/person_asking_for_help/rishi_somebody_help_170.wav,person_asking_for_help,Person Asking for Help,1.2841,16000,1,PCM_16,45188,WAV,indoor/outdoor,digital microphone / synthetic,1-5m,original,train,2026-09-27 12:06:14,2ca297d5419d8bcbd9823f0e96ae0c85a5fccbbeb17cf8240fa576273c7c4b90,critical,True
SS-02630,rishi_somebody_help_200.wav,audio data/person_asking_for_help/rishi_somebody_help_200.wav,person_asking_for_help,Person Asking for Help,1.0824,16000,1,PCM_16,38734,WAV,indoor/outdoor,digital microphone / synthetic,1-5m,original,train,2026-09-27 12:06:14,9925aac28b481a41d4208fb2ad1d3058579e56c9d47547c840864d3796f2d7ef,critical,True
SS-02631,samantha_call_for_help_140.wav,audio data/person_asking_for_help/samantha_call_for_help_140.wav,person_asking_for_help,Person Asking for Help,1.3619,16000,1,PCM_16,47678,WAV,indoor/outdoor,digital microphone / synthetic,1-5m,original,train,2026-09-27 12:06:14,3a9da9f8dfc4c811138ce3ee67f2f70f77b68642cd7db5c8c52938163a0fe815,critical,True
SS-02632,samantha_call_for_help_170.wav,audio data/person_asking_for_help/samantha_call_for_help_170.wav,person_asking_for_help,Person Asking for Help,1.1524,16000,1,PCM_16,40972,WAV,indoor/outdoor,digital microphone / synthetic,1-5m,original,train,2026-09-27 12:06:14,9572dce234e3b34ef06dac3b1bea735c6c7583e32d2eeec29ddf28d3d2cd39b9,critical,True
SS-02633,samantha_call_for_help_200.wav,audio data/person_asking_for_help/samantha_call_for_help_200.wav,person_asking_for_help,Person Asking for Help,0.9714,16000,1,PCM_16,35182,WAV,indoor/outdoor,digital microphone / synthetic,1-5m,original,train,2026-09-27 12:06:14,a7747bc8257fd3586c97f616d24c19c6f267b7cbfacd4e2418a3851668569616,critical,True
SS-02634,samantha_emergency_140.wav,audio data/person_asking_for_help/samantha_emergency_140.wav,person_asking_for_help,Person Asking for Help,1.2711,16000,1,PCM_16,44772,WAV,indoor/outdoor,digital microphone / synthetic,1-5m,original,train,2026-09-27 12:06:14,949d3e647ef54e063b3ec0e9705af2720e3d1f3132145dc4865a8bef8902c261,critical,True
SS-02635,samantha_emergency_170.wav,audio data/person_asking_for_help/samantha_emergency_170.wav,person_asking_for_help,Person Asking for Help,1.0756,16000,1,PCM_16,38514,WAV,indoor/outdoor,digital microphone / synthetic,1-5m,original,train,2026-09-27 12:06:14,6e9be510a1aa62bcf36db9372e5c945dc349755bfb78cf3c0d1ae4e45c19ebad,critical,True
SS-02636,samantha_help_me_140.wav,audio data/person_asking_for_help/samantha_help_me_140.wav,person_asking_for_help,Person Asking for Help,1.0896,16000,1,PCM_16,38962,WAV,indoor/outdoor,digital microphone / synthetic,1-5m,original,validation,2026-09-27 12:06:14,9895430f88a0714308c1b49693767f5d911c46b50c34a5e819ff38f77836f21b,critical,True
SS-02637,samantha_help_me_170.wav,audio data/person_asking_for_help/samantha_help_me_170.wav,person_asking_for_help,Person Asking for Help,0.9219,16000,1,PCM_16,33598,WAV,indoor/outdoor,digital microphone / synthetic,1-5m,original,test,2026-09-27 12:06:14,9ec41c407fbbbce444f874606323c514e28e014202e8a4df5f373eacc0bd4853,critical,True
SS-02638,samantha_help_me_200.wav,audio data/person_asking_for_help/samantha_help_me_200.wav,person_asking_for_help,Person Asking for Help,0.7772,16000,1,PCM_16,28966,WAV,indoor/outdoor,digital microphone / synthetic,1-5m,original,validation,2026-09-27 12:06:14,b5ae524c714e420afb67477f8ed7eb61ecdab05dae09ef09f76aec4a560c0347,critical,True
SS-02639,samantha_please_help_140.wav,audio data/person_asking_for_help/samantha_please_help_140.wav,person_asking_for_help,Person Asking for Help,1.1674,16000,1,PCM_16,41452,WAV,indoor/outdoor,digital microphone / synthetic,1-5m,original,train,2026-09-27 12:06:14,b7bd1403258c55aaf45469584b1685aad2b1a8b1a7cf0e381c16b896874fb98d,critical,True
SS-02640,samantha_please_help_170.wav,audio data/person_asking_for_help/samantha_please_help_170.wav,person_asking_for_help,Person Asking for Help,0.9878,16000,1,PCM_16,35704,WAV,indoor/outdoor,digital microphone / synthetic,1-5m,original,validation,2026-09-27 12:06:14,0d42fdbec525f8ad0bf8ac6dea374fa094f4132e50b21cbdbc748704fce87da7,critical,True
SS-02641,samantha_please_help_200.wav,audio data/person_asking_for_help/samantha_please_help_200.wav,person_asking_for_help,Person Asking for Help,0.8327,16000,1,PCM_16,30742,WAV,indoor/outdoor,digital microphone / synthetic,1-5m,original,train,2026-09-27 12:06:14,05fa3ae7b56a3dd5045da00cf1f4d7e15d4e4fe646989016848f355c0769400c,critical,True
SS-02642,samantha_somebody_help_140.wav,audio data/person_asking_for_help/samantha_somebody_help_140.wav,person_asking_for_help,Person Asking for Help,1.5111,16000,1,PCM_16,52450,WAV,indoor/outdoor,digital microphone / synthetic,1-5m,original,train,2026-09-27 12:06:14,98730d363b398202b76f72fb88e8dfd82af737be8f80bdcbcede8695328b7cde,critical,True
SS-02643,samantha_somebody_help_170.wav,audio data/person_asking_for_help/samantha_somebody_help_170.wav,person_asking_for_help,Person Asking for Help,1.2402,16000,1,PCM_16,43782,WAV,indoor/outdoor,digital microphone / synthetic,1-5m,original,test,2026-09-27 12:06:14,bc29459098f43673030cff9dae60d7002d5c88e08fdc1dc7ab6c4d25644b9d80,critical,True
SS-02644,samantha_somebody_help_200.wav,audio data/person_asking_for_help/samantha_somebody_help_200.wav,person_asking_for_help,Person Asking for Help,1.0454,16000,1,PCM_16,37550,WAV,indoor/outdoor,digital microphone / synthetic,1-5m,original,train,2026-09-27 12:06:14,4bd88505613f1f9552737ef871d1e0d5a96b91ab7793fa232ba825695805760c,critical,True
SS-02645,serena_call_for_help_140.wav,audio data/person_asking_for_help/serena_call_for_help_140.wav,person_asking_for_help,Person Asking for Help,1.4039,16000,1,PCM_16,49020,WAV,indoor/outdoor,digital microphone / synthetic,1-5m,original,train,2026-09-27 12:06:14,cb0f47a8e60a74dec5849d44ad2a5a4096289f0cc1bc91c853059bb248969a55,critical,True
SS-02646,serena_call_for_help_170.wav,audio data/person_asking_for_help/serena_call_for_help_170.wav,person_asking_for_help,Person Asking for Help,1.1706,16000,1,PCM_16,41556,WAV,indoor/outdoor,digital microphone / synthetic,1-5m,original,test,2026-09-27 12:06:14,a1736b383cfb38f12840da41b641c15b4a4415541b7ed4c4d2bd15e493f80553,critical,True
SS-02647,serena_call_for_help_200.wav,audio data/person_asking_for_help/serena_call_for_help_200.wav,person_asking_for_help,Person Asking for Help,0.9935,16000,1,PCM_16,35888,WAV,indoor/outdoor,digital microphone / synthetic,1-5m,original,test,2026-09-27 12:06:14,c70f8933c29542f0858c8a03d24c6294d0f7b4825dd76d1143f7a8e7bda537df,critical,True
SS-02648,serena_emergency_140.wav,audio data/person_asking_for_help/serena_emergency_140.wav,person_asking_for_help,Person Asking for Help,1.2792,16000,1,PCM_16,45032,WAV,indoor/outdoor,digital microphone / synthetic,1-5m,original,train,2026-09-27 12:06:14,4ab2e824f61e36545cd936f81eff4a2f6d37102cc3b57d3e8d3c797da2af3b81,critical,True
SS-02649,serena_emergency_170.wav,audio data/person_asking_for_help/serena_emergency_170.wav,person_asking_for_help,Person Asking for Help,1.0642,16000,1,PCM_16,38150,WAV,indoor/outdoor,digital microphone / synthetic,1-5m,original,test,2026-09-27 12:06:14,d9f4cd2b579c366d3d15913fcb6b001a5bcb7e152bf61559913800dc6805c4d2,critical,True
SS-02650,serena_help_me_140.wav,audio data/person_asking_for_help/serena_help_me_140.wav,person_asking_for_help,Person Asking for Help,0.9326,16000,1,PCM_16,33940,WAV,indoor/outdoor,digital microphone / synthetic,1-5m,original,train,2026-09-27 12:06:14,09a026878768a52f1d5b3c52a3a79ed3dddaad750b1eda2e802182777e3b8439,critical,True
SS-02651,serena_help_me_170.wav,audio data/person_asking_for_help/serena_help_me_170.wav,person_asking_for_help,Person Asking for Help,0.7732,16000,1,PCM_16,28838,WAV,indoor/outdoor,digital microphone / synthetic,1-5m,original,train,2026-09-27 12:06:14,26f5ce53a2bd67e433e958e4bd76ac956342b5c2cf609a81fa61b253644ad771,critical,True
SS-02652,serena_help_me_200.wav,audio data/person_asking_for_help/serena_help_me_200.wav,person_asking_for_help,Person Asking for Help,0.6844,16000,1,PCM_16,25998,WAV,indoor/outdoor,digital microphone / synthetic,1-5m,original,test,2026-09-27 12:06:14,2462962a2e05b24429b649185833a009680b0d4730a5031422cbcebc53dd33f1,critical,True
SS-02653,serena_please_help_140.wav,audio data/person_asking_for_help/serena_please_help_140.wav,person_asking_for_help,Person Asking for Help,1.1736,16000,1,PCM_16,41650,WAV,indoor/outdoor,digital microphone / synthetic,1-5m,original,train,2026-09-27 12:06:14,24bdce09a27fc59a7cc62dbfb20bca6ae6655c5c6c87208486347bb32a70e52c,critical,True
SS-02654,serena_please_help_170.wav,audio data/person_asking_for_help/serena_please_help_170.wav,person_asking_for_help,Person Asking for Help,0.9639,16000,1,PCM_16,34942,WAV,indoor/outdoor,digital microphone / synthetic,1-5m,original,train,2026-09-27 12:06:14,623cf05d71ad3ae7394f88547d04f2a86c21e00f612cbb70fea05705fb0f3167,critical,True
SS-02655,serena_please_help_200.wav,audio data/person_asking_for_help/serena_please_help_200.wav,person_asking_for_help,Person Asking for Help,0.8246,16000,1,PCM_16,30482,WAV,indoor/outdoor,digital microphone / synthetic,1-5m,original,train,2026-09-27 12:06:14,5855f7932f2247ab239e040ad5cdae902797d8fae657452f62b621d0ef8cb20d,critical,True
SS-02656,serena_somebody_help_140.wav,audio data/person_asking_for_help/serena_somebody_help_140.wav,person_asking_for_help,Person Asking for Help,1.4278,16000,1,PCM_16,49784,WAV,indoor/outdoor,digital microphone / synthetic,1-5m,original,train,2026-09-27 12:06:14,eb85f47a6f52fefb94379ae9b844025c68252123a80af9d482c8bb00fc49cc5c,critical,True
SS-02657,serena_somebody_help_170.wav,audio data/person_asking_for_help/serena_somebody_help_170.wav,person_asking_for_help,Person Asking for Help,1.1839,16000,1,PCM_16,41982,WAV,indoor/outdoor,digital microphone / synthetic,1-5m,original,train,2026-09-27 12:06:14,c960e70c7361f637400ca74f9a26fa8a62cde0e4915b378b0137eb37c756898c,critical,True
SS-02658,serena_somebody_help_200.wav,audio data/person_asking_for_help/serena_somebody_help_200.wav,person_asking_for_help,Person Asking for Help,1.0044,16000,1,PCM_16,36238,WAV,indoor/outdoor,digital microphone / synthetic,1-5m,original,test,2026-09-27 12:06:14,e443fd5a752a86147f03c07be1ce65ce84f52a45c7fe44a4980638866041dcfc,critical,True
SS-02659,tessa_call_for_help_140.wav,audio data/person_asking_for_help/tessa_call_for_help_140.wav,person_asking_for_help,Person Asking for Help,1.5565,16000,1,PCM_16,53904,WAV,indoor/outdoor,digital microphone / synthetic,1-5m,original,train,2026-09-27 12:06:14,9c7c2dbe77815541736c17ec65a3b9d48cc483f2b819508bf2da0306a736eeda,critical,True
SS-02660,tessa_call_for_help_170.wav,audio data/person_asking_for_help/tessa_call_for_help_170.wav,person_asking_for_help,Person Asking for Help,1.317,16000,1,PCM_16,46240,WAV,indoor/outdoor,digital microphone / synthetic,1-5m,original,train,2026-09-27 12:06:14,1224b655097cafedd0f4eb12916396d21e8d47c9f053529150a9b08ba27b7756,critical,True
SS-02661,tessa_call_for_help_200.wav,audio data/person_asking_for_help/tessa_call_for_help_200.wav,person_asking_for_help,Person Asking for Help,1.1102,16000,1,PCM_16,39622,WAV,indoor/outdoor,digital microphone / synthetic,1-5m,original,train,2026-09-27 12:06:14,33b78d7d3ea2b0758fdc36179019189c703ebbbdef8fa553c3f5fdcbef6f602c,critical,True
SS-02662,tessa_emergency_140.wav,audio data/person_asking_for_help/tessa_emergency_140.wav,person_asking_for_help,Person Asking for Help,1.4398,16000,1,PCM_16,50168,WAV,indoor/outdoor,digital microphone / synthetic,1-5m,original,validation,2026-09-27 12:06:14,6dc6148b015c494a59499e32615af673b8fd93ab32c7e992bf3d1b52e1243459,critical,True
SS-02663,tessa_emergency_170.wav,audio data/person_asking_for_help/tessa_emergency_170.wav,person_asking_for_help,Person Asking for Help,1.2183,16000,1,PCM_16,43080,WAV,indoor/outdoor,digital microphone / synthetic,1-5m,original,train,2026-09-27 12:06:14,c45684ff6b1f822b335864185670b6c35c4e8c5e61394ba2616600035df05250,critical,True
SS-02664,tessa_help_me_140.wav,audio data/person_asking_for_help/tessa_help_me_140.wav,person_asking_for_help,Person Asking for Help,1.1674,16000,1,PCM_16,41452,WAV,indoor/outdoor,digital microphone / synthetic,1-5m,original,validation,2026-09-27 12:06:14,4d642e2c1dc8d8a76db175bbe7fd9ccd73b262470861f26b54e6c5cec8f266d3,critical,True
SS-02665,tessa_help_me_170.wav,audio data/person_asking_for_help/tessa_help_me_170.wav,person_asking_for_help,Person Asking for Help,0.9878,16000,1,PCM_16,35704,WAV,indoor/outdoor,digital microphone / synthetic,1-5m,original,validation,2026-09-27 12:06:14,530c4cc448067e78e430132bee04fc4ce87ea04749aec44bd788f056442e0883,critical,True
SS-02666,tessa_help_me_200.wav,audio data/person_asking_for_help/tessa_help_me_200.wav,person_asking_for_help,Person Asking for Help,0.8327,16000,1,PCM_16,30742,WAV,indoor/outdoor,digital microphone / synthetic,1-5m,original,train,2026-09-27 12:06:14,3c007a1653be7d048a786a921fc0ffeeb0855056dd0a8a40dfe77c0f60b148b6,critical,True
SS-02667,tessa_please_help_140.wav,audio data/person_asking_for_help/tessa_please_help_140.wav,person_asking_for_help,Person Asking for Help,1.4008,16000,1,PCM_16,48922,WAV,indoor/outdoor,digital microphone / synthetic,1-5m,original,test,2026-09-27 12:06:14,be828e237689633784449472a859b2c4a78884022be55e9af92981e9e9d445b3,critical,True
SS-02668,tessa_please_help_170.wav,audio data/person_asking_for_help/tessa_please_help_170.wav,person_asking_for_help,Person Asking for Help,1.1853,16000,1,PCM_16,42026,WAV,indoor/outdoor,digital microphone / synthetic,1-5m,original,train,2026-09-27 12:06:14,f5becfa348f73bbe560af78ac58f22f8442c811bc1d4bff1d60fedf420c89345,critical,True
SS-02669,tessa_please_help_200.wav,audio data/person_asking_for_help/tessa_please_help_200.wav,person_asking_for_help,Person Asking for Help,0.9992,16000,1,PCM_16,36070,WAV,indoor/outdoor,digital microphone / synthetic,1-5m,original,train,2026-09-27 12:06:14,38341762e5bbc8abe642efe1f456e211ef3a74115c4e8df1dc44b51dd0f96620,critical,True
SS-02670,tessa_somebody_help_140.wav,audio data/person_asking_for_help/tessa_somebody_help_140.wav,person_asking_for_help,Person Asking for Help,1.6213,16000,1,PCM_16,55978,WAV,indoor/outdoor,digital microphone / synthetic,1-5m,original,test,2026-09-27 12:06:14,9a1200f9467d0a53bf08a74d0aea0a63931d1f0470135de658edafda06172679,critical,True
SS-02671,tessa_somebody_help_170.wav,audio data/person_asking_for_help/tessa_somebody_help_170.wav,person_asking_for_help,Person Asking for Help,1.3719,16000,1,PCM_16,47996,WAV,indoor/outdoor,digital microphone / synthetic,1-5m,original,test,2026-09-27 12:06:14,27665b576791884863620869203fc8f9b5b58ad0ad49f58e77451aa2b0e346e8,critical,True
SS-02672,tessa_somebody_help_200.wav,audio data/person_asking_for_help/tessa_somebody_help_200.wav,person_asking_for_help,Person Asking for Help,1.1565,16000,1,PCM_16,41104,WAV,indoor/outdoor,digital microphone / synthetic,1-5m,original,train,2026-09-27 12:06:14,3610cd69122eeafafb433867b17664d161e8903866584b55705c4f16eedc62f3,critical,True
SS-02673,veena_call_for_help_140.wav,audio data/person_asking_for_help/veena_call_for_help_140.wav,person_asking_for_help,Person Asking for Help,1.5034,16000,1,PCM_16,52206,WAV,indoor/outdoor,digital microphone / synthetic,1-5m,original,test,2026-09-27 12:06:14,716b63fe834a3bce39fd1e2afb1644f721da9d13868a559bf7d1176ca9a2ee15,critical,True
SS-02674,veena_call_for_help_170.wav,audio data/person_asking_for_help/veena_call_for_help_170.wav,person_asking_for_help,Person Asking for Help,1.2457,16000,1,PCM_16,43960,WAV,indoor/outdoor,digital microphone / synthetic,1-5m,original,test,2026-09-27 12:06:14,4d890a35ca9b1fb016f20fac5dfef78a6264b2e78cc358e1fcb5f24cda21566f,critical,True
SS-02675,veena_call_for_help_200.wav,audio data/person_asking_for_help/veena_call_for_help_200.wav,person_asking_for_help,Person Asking for Help,1.0499,16000,1,PCM_16,37692,WAV,indoor/outdoor,digital microphone / synthetic,1-5m,original,train,2026-09-27 12:06:14,6cf927440f71f0743728c2c2fb95e4da7c84b89e618b3628478a004f7c3a4fdb,critical,True
SS-02676,veena_emergency_140.wav,audio data/person_asking_for_help/veena_emergency_140.wav,person_asking_for_help,Person Asking for Help,1.2604,16000,1,PCM_16,44430,WAV,indoor/outdoor,digital microphone / synthetic,1-5m,original,train,2026-09-27 12:06:14,d1b0976893d90826418a36578b002647d18bcd27fe9ee3c84cb11c6659916b8b,critical,True
SS-02677,veena_emergency_170.wav,audio data/person_asking_for_help/veena_emergency_170.wav,person_asking_for_help,Person Asking for Help,1.0446,16000,1,PCM_16,37524,WAV,indoor/outdoor,digital microphone / synthetic,1-5m,original,train,2026-09-27 12:06:14,33849810c993ffcb0e29e3c1fb577e188a15f87b246ee6ec606669cc1b431ef1,critical,True
SS-02678,veena_help_me_140.wav,audio data/person_asking_for_help/veena_help_me_140.wav,person_asking_for_help,Person Asking for Help,0.855,16000,1,PCM_16,31456,WAV,indoor/outdoor,digital microphone / synthetic,1-5m,original,validation,2026-09-27 12:06:14,b6a1b48ad56034b7bb2218616a829da7df9bc64cb244fbcc82bceeee6e494d89,critical,True
SS-02679,veena_help_me_170.wav,audio data/person_asking_for_help/veena_help_me_170.wav,person_asking_for_help,Person Asking for Help,0.6896,16000,1,PCM_16,26164,WAV,indoor/outdoor,digital microphone / synthetic,1-5m,original,train,2026-09-27 12:06:14,7f85b5b3d7b303606d250d1f3917fd968b46ebf6f9301fa794a71ad44782a92e,critical,True
SS-02680,veena_help_me_200.wav,audio data/person_asking_for_help/veena_help_me_200.wav,person_asking_for_help,Person Asking for Help,0.6009,16000,1,PCM_16,23324,WAV,indoor/outdoor,digital microphone / synthetic,1-5m,original,train,2026-09-27 12:06:14,0343eb75cceb2084bb860e2747b42ce301dd02f02b8dd1e251233be0e67a2b2c,critical,True
SS-02681,veena_please_help_140.wav,audio data/person_asking_for_help/veena_please_help_140.wav,person_asking_for_help,Person Asking for Help,1.1078,16000,1,PCM_16,39544,WAV,indoor/outdoor,digital microphone / synthetic,1-5m,original,train,2026-09-27 12:06:14,2fffd4f6264348c6f908b97492639da344b573d2438ca0fa65b54c269823d4e2,critical,True
SS-02682,veena_please_help_170.wav,audio data/person_asking_for_help/veena_please_help_170.wav,person_asking_for_help,Person Asking for Help,0.9161,16000,1,PCM_16,33412,WAV,indoor/outdoor,digital microphone / synthetic,1-5m,original,train,2026-09-27 12:06:14,d86eb6329374feb7e1b4afd5e3c5d67925b8e35d2cbab9fdad2f20431aa9e842,critical,True
SS-02683,veena_please_help_200.wav,audio data/person_asking_for_help/veena_please_help_200.wav,person_asking_for_help,Person Asking for Help,0.7631,16000,1,PCM_16,28516,WAV,indoor/outdoor,digital microphone / synthetic,1-5m,original,validation,2026-09-27 12:06:14,63ce962f9168ac0a35da0fdf9dac0cf61d76d52f92ab696e51fbbedc613501b0,critical,True
SS-02684,veena_somebody_help_140.wav,audio data/person_asking_for_help/veena_somebody_help_140.wav,person_asking_for_help,Person Asking for Help,1.5479,16000,1,PCM_16,53630,WAV,indoor/outdoor,digital microphone / synthetic,1-5m,original,train,2026-09-27 12:06:14,21bfad4a15921d387c51979044dd9f2715215cf6323c804469ab619eb07d8bf1,critical,True
SS-02685,veena_somebody_help_170.wav,audio data/person_asking_for_help/veena_somebody_help_170.wav,person_asking_for_help,Person Asking for Help,1.2781,16000,1,PCM_16,44996,WAV,indoor/outdoor,digital microphone / synthetic,1-5m,original,train,2026-09-27 12:06:14,e34514d605e9fa83453566a9fbda613bd3bad0684da5e2b38529219b941a22b9,critical,True
SS-02686,veena_somebody_help_200.wav,audio data/person_asking_for_help/veena_somebody_help_200.wav,person_asking_for_help,Person Asking for Help,1.0734,16000,1,PCM_16,38444,WAV,indoor/outdoor,digital microphone / synthetic,1-5m,original,train,2026-09-27 12:06:14,46aef8362e61171daa43e36ea3eb6fd66d60900c0a243ccd51df76004e70356a,critical,True
SS-02687,victoria_call_for_help_140.wav,audio data/person_asking_for_help/victoria_call_for_help_140.wav,person_asking_for_help,Person Asking for Help,1.389,16000,1,PCM_16,48544,WAV,indoor/outdoor,digital microphone / synthetic,1-5m,original,validation,2026-09-27 12:06:14,4f5bdfa95dffec5ace96ffff5f2aaa27f7dc0776c8bf187f6d8515ffa984dff4,critical,True
SS-02688,victoria_call_for_help_170.wav,audio data/person_asking_for_help/victoria_call_for_help_170.wav,person_asking_for_help,Person Asking for Help,1.1551,16000,1,PCM_16,41058,WAV,indoor/outdoor,digital microphone / synthetic,1-5m,original,train,2026-09-27 12:06:14,4cc7f4fbd1d199e6c3917053813417b072228a50b1bac95b306b13e2a8c65a45,critical,True
SS-02689,victoria_call_for_help_200.wav,audio data/person_asking_for_help/victoria_call_for_help_200.wav,person_asking_for_help,Person Asking for Help,0.9891,16000,1,PCM_16,35746,WAV,indoor/outdoor,digital microphone / synthetic,1-5m,original,test,2026-09-27 12:06:14,a604a64000bb38e491f881e002198d17194e0ec18b793e02575e15bba3d88777,critical,True
SS-02690,victoria_emergency_140.wav,audio data/person_asking_for_help/victoria_emergency_140.wav,person_asking_for_help,Person Asking for Help,1.2147,16000,1,PCM_16,42966,WAV,indoor/outdoor,digital microphone / synthetic,1-5m,original,train,2026-09-27 12:06:14,ca58dfce72b5a997b5cb75d73fee77e29a101fe240608566b33cf4de42cf8f87,critical,True
SS-02691,victoria_emergency_170.wav,audio data/person_asking_for_help/victoria_emergency_170.wav,person_asking_for_help,Person Asking for Help,1.0147,16000,1,PCM_16,36566,WAV,indoor/outdoor,digital microphone / synthetic,1-5m,original,train,2026-09-27 12:06:14,57493ea1cb84d63ac8fd42404622c47132f0708e1ef2de43881039a732cc6453,critical,True
SS-02692,victoria_help_me_140.wav,audio data/person_asking_for_help/victoria_help_me_140.wav,person_asking_for_help,Person Asking for Help,0.9524,16000,1,PCM_16,34572,WAV,indoor/outdoor,digital microphone / synthetic,1-5m,original,train,2026-09-27 12:06:14,688daac8b4b84779b104ea7c54d4754185e7574398240007931e9c86c1eeb1a5,critical,True
SS-02693,victoria_help_me_170.wav,audio data/person_asking_for_help/victoria_help_me_170.wav,person_asking_for_help,Person Asking for Help,0.7921,16000,1,PCM_16,29444,WAV,indoor/outdoor,digital microphone / synthetic,1-5m,original,train,2026-09-27 12:06:14,159291eda35670697e39c2b2bf9122cf7e3834a2ce7b345795316bb9773fee27,critical,True
SS-02694,victoria_help_me_200.wav,audio data/person_asking_for_help/victoria_help_me_200.wav,person_asking_for_help,Person Asking for Help,0.672,16000,1,PCM_16,25600,WAV,indoor/outdoor,digital microphone / synthetic,1-5m,original,train,2026-09-27 12:06:14,b3303d845e9849e040fb4e5857b5079cff2b67ea9c416afc011c16957e7923f6,critical,True
SS-02695,victoria_please_help_140.wav,audio data/person_asking_for_help/victoria_please_help_140.wav,person_asking_for_help,Person Asking for Help,1.1349,16000,1,PCM_16,40414,WAV,indoor/outdoor,digital microphone / synthetic,1-5m,original,train,2026-09-27 12:06:14,68b76357df3980e9e6b5b22f4b0b6167038ff2f02db982d2f8e7dc8c2213837a,critical,True
SS-02696,victoria_please_help_170.wav,audio data/person_asking_for_help/victoria_please_help_170.wav,person_asking_for_help,Person Asking for Help,0.9391,16000,1,PCM_16,34148,WAV,indoor/outdoor,digital microphone / synthetic,1-5m,original,train,2026-09-27 12:06:14,63e7e623d76010ac64519151b46b9ecba1d470f63f8153baf3216aaae7b73e11,critical,True
SS-02697,victoria_please_help_200.wav,audio data/person_asking_for_help/victoria_please_help_200.wav,person_asking_for_help,Person Asking for Help,0.8081,16000,1,PCM_16,29956,WAV,indoor/outdoor,digital microphone / synthetic,1-5m,original,validation,2026-09-27 12:06:14,e36543bd34f84c8f7f0be65413e77b2af4f61f7a500a2cf1530067474e34462f,critical,True
SS-02698,victoria_somebody_help_140.wav,audio data/person_asking_for_help/victoria_somebody_help_140.wav,person_asking_for_help,Person Asking for Help,1.4839,16000,1,PCM_16,51580,WAV,indoor/outdoor,digital microphone / synthetic,1-5m,original,train,2026-09-27 12:06:14,c8aeeef58a1a024dec486431ffc05af9a33fbaf6d7d926dbed1b0bdc0d27a25a,critical,True
SS-02699,victoria_somebody_help_170.wav,audio data/person_asking_for_help/victoria_somebody_help_170.wav,person_asking_for_help,Person Asking for Help,1.2288,16000,1,PCM_16,43418,WAV,indoor/outdoor,digital microphone / synthetic,1-5m,original,train,2026-09-27 12:06:14,89c944962a174d9c14429fbab784a51ddbc96db19a9c32c03d82908ae1067ea2,critical,True
SS-02700,victoria_somebody_help_200.wav,audio data/person_asking_for_help/victoria_somebody_help_200.wav,person_asking_for_help,Person Asking for Help,1.0534,16000,1,PCM_16,37804,WAV,indoor/outdoor,digital microphone / synthetic,1-5m,original,test,2026-09-27 12:06:14,1c35a8ae1cfdb84be2fd83103d536fc6253b46c1cca8cf73cac26c0c13368152,critical,True
SS-02701,vehicle_horn_0001.wav,audio data/vehicle_horn/vehicle_horn_0001.wav,vehicle_horn,Vehicle Horn,3.0,16000,1,PCM_16,96044,WAV,outdoor/roadside,digital microphone / synthetic,5-30m,original,train,2026-09-27 12:06:14,cffbebfcfe90c14368d7c78cb2d32c4c52ef6f4bbfd8d2e91a3a63c260e780f7,low,False
SS-02702,vehicle_horn_0002.wav,audio data/vehicle_horn/vehicle_horn_0002.wav,vehicle_horn,Vehicle Horn,3.0,16000,1,PCM_16,96044,WAV,outdoor/roadside,digital microphone / synthetic,5-30m,original,test,2026-09-27 12:06:14,4b3ed08d6d3b3d28347892279d6a4d755e398f039e38037445f537069fdad82c,low,False
SS-02703,vehicle_horn_0003.wav,audio data/vehicle_horn/vehicle_horn_0003.wav,vehicle_horn,Vehicle Horn,3.0,16000,1,PCM_16,96044,WAV,outdoor/roadside,digital microphone / synthetic,5-30m,original,train,2026-09-27 12:06:14,ecc6ae7388963d37748c4224d1acbe0c18265ef22e9a563f7caf5a88c23b68f7,low,False
SS-02704,vehicle_horn_0004.wav,audio data/vehicle_horn/vehicle_horn_0004.wav,vehicle_horn,Vehicle Horn,3.0,16000,1,PCM_16,96044,WAV,outdoor/roadside,digital microphone / synthetic,5-30m,original,train,2026-09-27 12:06:14,49420975e2a43506fa1336aacef9d92b32a19bc8027bfb39f19f3a9744a92501,low,False
SS-02705,vehicle_horn_0005.wav,audio data/vehicle_horn/vehicle_horn_0005.wav,vehicle_horn,Vehicle Horn,3.0,16000,1,PCM_16,96044,WAV,outdoor/roadside,digital microphone / synthetic,5-30m,original,train,2026-09-27 12:06:14,8c9fbdc921fd9c39d31f19421c985a25f8f39c2d828093d78160032ece7d2c81,low,False
SS-02706,vehicle_horn_0006.wav,audio data/vehicle_horn/vehicle_horn_0006.wav,vehicle_horn,Vehicle Horn,3.0,16000,1,PCM_16,96044,WAV,outdoor/roadside,digital microphone / synthetic,5-30m,original,train,2026-09-27 12:06:14,a4a7575716ab583d25a89a1c36909a8c4b09b03bfcbd115b46a103fa53d91f65,low,False
SS-02707,vehicle_horn_0007.wav,audio data/vehicle_horn/vehicle_horn_0007.wav,vehicle_horn,Vehicle Horn,3.0,16000,1,PCM_16,96044,WAV,outdoor/roadside,digital microphone / synthetic,5-30m,original,train,2026-09-27 12:06:14,94a45330b3fb701c8154d714371feb38091d28b95ab257545d9a3171af118364,low,False
SS-02708,vehicle_horn_0008.wav,audio data/vehicle_horn/vehicle_horn_0008.wav,vehicle_horn,Vehicle Horn,3.0,16000,1,PCM_16,96044,WAV,outdoor/roadside,digital microphone / synthetic,5-30m,original,train,2026-09-27 12:06:14,f64cc64871ea143e998ad0b251815cf5396d3c676975c079c06a77763793d667,low,False
SS-02709,vehicle_horn_0009.wav,audio data/vehicle_horn/vehicle_horn_0009.wav,vehicle_horn,Vehicle Horn,3.0,16000,1,PCM_16,96044,WAV,outdoor/roadside,digital microphone / synthetic,5-30m,original,test,2026-09-27 12:06:14,b38417f3760a5198ef6a491556192298e45125c73f9159e09f6d838ae2792b78,low,False
SS-02710,vehicle_horn_0010.wav,audio data/vehicle_horn/vehicle_horn_0010.wav,vehicle_horn,Vehicle Horn,3.0,16000,1,PCM_16,96044,WAV,outdoor/roadside,digital microphone / synthetic,5-30m,original,train,2026-09-27 12:06:14,ac390bfa6de29d199912c3e6eb60dad91d14a0d90362bd932ef757108519a9c1,low,False
SS-02711,vehicle_horn_0011.wav,audio data/vehicle_horn/vehicle_horn_0011.wav,vehicle_horn,Vehicle Horn,3.0,16000,1,PCM_16,96044,WAV,outdoor/roadside,digital microphone / synthetic,5-30m,original,train,2026-09-27 12:06:14,71bbaa45a00ee62bad575031f89a674e26360ac018c09af7133ff4246fdee7ca,low,False
SS-02712,vehicle_horn_0012.wav,audio data/vehicle_horn/vehicle_horn_0012.wav,vehicle_horn,Vehicle Horn,3.0,16000,1,PCM_16,96044,WAV,outdoor/roadside,digital microphone / synthetic,5-30m,original,test,2026-09-27 12:06:14,4bd597b348f08611af7620ca18b55ca7e6dc9cb30f9ff6c519de45a72614951d,low,False
SS-02713,vehicle_horn_0013.wav,audio data/vehicle_horn/vehicle_horn_0013.wav,vehicle_horn,Vehicle Horn,3.0,16000,1,PCM_16,96044,WAV,outdoor/roadside,digital microphone / synthetic,5-30m,original,validation,2026-09-27 12:06:14,db7d8e606759ebd4cdd86217d4b5ef6436ba4a2dceb6e798657e16ba75468725,low,False
SS-02714,vehicle_horn_0014.wav,audio data/vehicle_horn/vehicle_horn_0014.wav,vehicle_horn,Vehicle Horn,3.0,16000,1,PCM_16,96044,WAV,outdoor/roadside,digital microphone / synthetic,5-30m,original,train,2026-09-27 12:06:14,f65fe9c271f94cd8762992122a64c5bf7849d93acf57e10d7e2fc489a8349a47,low,False
SS-02715,vehicle_horn_0015.wav,audio data/vehicle_horn/vehicle_horn_0015.wav,vehicle_horn,Vehicle Horn,3.0,16000,1,PCM_16,96044,WAV,outdoor/roadside,digital microphone / synthetic,5-30m,original,validation,2026-09-27 12:06:14,50cd6e3c21849352209f9281965980277c80082b7a0fbbb7ec04007f43a18f65,low,False
SS-02716,vehicle_horn_0016.wav,audio data/vehicle_horn/vehicle_horn_0016.wav,vehicle_horn,Vehicle Horn,3.0,16000,1,PCM_16,96044,WAV,outdoor/roadside,digital microphone / synthetic,5-30m,original,validation,2026-09-27 12:06:14,278684e8d39f61558f4d335216923f2a34cc8c20f19f66dc27a4194fa89ecf03,low,False
SS-02717,vehicle_horn_0017.wav,audio data/vehicle_horn/vehicle_horn_0017.wav,vehicle_horn,Vehicle Horn,3.0,16000,1,PCM_16,96044,WAV,outdoor/roadside,digital microphone / synthetic,5-30m,original,test,2026-09-27 12:06:14,2ee5ce96cb25f88d620ea6f18dec4500ef77d739ba5ec0a128d7c5703bf79a26,low,False
SS-02718,vehicle_horn_0018.wav,audio data/vehicle_horn/vehicle_horn_0018.wav,vehicle_horn,Vehicle Horn,3.0,16000,1,PCM_16,96044,WAV,outdoor/roadside,digital microphone / synthetic,5-30m,original,test,2026-09-27 12:06:14,d15b3ba92d6d523497fc976de7208d367ab8802888c1dc0c0af748c14823572e,low,False
SS-02719,vehicle_horn_0019.wav,audio data/vehicle_horn/vehicle_horn_0019.wav,vehicle_horn,Vehicle Horn,3.0,16000,1,PCM_16,96044,WAV,outdoor/roadside,digital microphone / synthetic,5-30m,original,train,2026-09-27 12:06:14,8503bdbb539ef55a35884bb98f365a62d2c7f145a6ae7c32e0d66b777acc06eb,low,False
SS-02720,vehicle_horn_0020.wav,audio data/vehicle_horn/vehicle_horn_0020.wav,vehicle_horn,Vehicle Horn,3.0,16000,1,PCM_16,96044,WAV,outdoor/roadside,digital microphone / synthetic,5-30m,original,train,2026-09-27 12:06:14,b2876b7d8cbbe4b5750076dd04f3d8b39f58242ff25d0e8e50b4b14addc6baa3,low,False
SS-02721,vehicle_horn_0021.wav,audio data/vehicle_horn/vehicle_horn_0021.wav,vehicle_horn,Vehicle Horn,3.0,16000,1,PCM_16,96044,WAV,outdoor/roadside,digital microphone / synthetic,5-30m,original,train,2026-09-27 12:06:14,736f498ca0d79c6c7b9c7afd9d65e3d8ec5817a9448272124c88f6c2edc2bb51,low,False
SS-02722,vehicle_horn_0022.wav,audio data/vehicle_horn/vehicle_horn_0022.wav,vehicle_horn,Vehicle Horn,3.0,16000,1,PCM_16,96044,WAV,outdoor/roadside,digital microphone / synthetic,5-30m,original,train,2026-09-27 12:06:14,df6aaa84866f3e4af02d5b4da3c5b9ed11b7f6f2a86c57325d0997562b1d8f4b,low,False
SS-02723,vehicle_horn_0023.wav,audio data/vehicle_horn/vehicle_horn_0023.wav,vehicle_horn,Vehicle Horn,3.0,16000,1,PCM_16,96044,WAV,outdoor/roadside,digital microphone / synthetic,5-30m,original,test,2026-09-27 12:06:14,0507954a108d8aa0d1133df2046d2425b69541f9dfe787e6c52833248dd50b0b,low,False
SS-02724,vehicle_horn_0024.wav,audio data/vehicle_horn/vehicle_horn_0024.wav,vehicle_horn,Vehicle Horn,3.0,16000,1,PCM_16,96044,WAV,outdoor/roadside,digital microphone / synthetic,5-30m,original,train,2026-09-27 12:06:14,5b63258b7a774383e2a387bc764d24abd04703bcf6ae09c9791fc17a73b634bb,low,False
SS-02725,vehicle_horn_0025.wav,audio data/vehicle_horn/vehicle_horn_0025.wav,vehicle_horn,Vehicle Horn,3.0,16000,1,PCM_16,96044,WAV,outdoor/roadside,digital microphone / synthetic,5-30m,original,test,2026-09-27 12:06:14,eaa873085b783ac24094c8226eaba1b500f171fa098d6d2ddae9ee8f890aba66,low,False
SS-02726,vehicle_horn_0026.wav,audio data/vehicle_horn/vehicle_horn_0026.wav,vehicle_horn,Vehicle Horn,3.0,16000,1,PCM_16,96044,WAV,outdoor/roadside,digital microphone / synthetic,5-30m,original,train,2026-09-27 12:06:14,97830f49c4ba7d8a2608a0d6f1778cc4520e5af79e06d97660120b71de0e851d,low,False
SS-02727,vehicle_horn_0027.wav,audio data/vehicle_horn/vehicle_horn_0027.wav,vehicle_horn,Vehicle Horn,3.0,16000,1,PCM_16,96044,WAV,outdoor/roadside,digital microphone / synthetic,5-30m,original,train,2026-09-27 12:06:14,1baaa936cf2e77a0d1efaa81eae78dec9491fa571652b92746b178e5f55dc4df,low,False
SS-02728,vehicle_horn_0028.wav,audio data/vehicle_horn/vehicle_horn_0028.wav,vehicle_horn,Vehicle Horn,3.0,16000,1,PCM_16,96044,WAV,outdoor/roadside,digital microphone / synthetic,5-30m,original,train,2026-09-27 12:06:14,c54931fc56ce75f01690f3d6ca8951157ccef35686ef0ae12fccc18efdb0af14,low,False
SS-02729,vehicle_horn_0029.wav,audio data/vehicle_horn/vehicle_horn_0029.wav,vehicle_horn,Vehicle Horn,3.0,16000,1,PCM_16,96044,WAV,outdoor/roadside,digital microphone / synthetic,5-30m,original,test,2026-09-27 12:06:14,3ec3a96d3faf4435a4b83ea9fc91d28673ff0b4b7fbedb02c0f42e3663d82122,low,False
SS-02730,vehicle_horn_0030.wav,audio data/vehicle_horn/vehicle_horn_0030.wav,vehicle_horn,Vehicle Horn,3.0,16000,1,PCM_16,96044,WAV,outdoor/roadside,digital microphone / synthetic,5-30m,original,train,2026-09-27 12:06:14,7c13cf80731ede0362c86fa3e5eb57837a1d553361dbd6ca590029fc7b9d2bc4,low,False
SS-02731,vehicle_horn_0031.wav,audio data/vehicle_horn/vehicle_horn_0031.wav,vehicle_horn,Vehicle Horn,3.0,16000,1,PCM_16,96044,WAV,outdoor/roadside,digital microphone / synthetic,5-30m,original,train,2026-09-27 12:06:14,9895379d68803194d4455117b6b5098abe8bca249d5244e482e353d9297d28b6,low,False
SS-02732,vehicle_horn_0032.wav,audio data/vehicle_horn/vehicle_horn_0032.wav,vehicle_horn,Vehicle Horn,3.0,16000,1,PCM_16,96044,WAV,outdoor/roadside,digital microphone / synthetic,5-30m,original,train,2026-09-27 12:06:14,acc222fe3ece597048a5211ab69b17285e2dc63c26a1ab5703344e35c5fa831d,low,False
SS-02733,vehicle_horn_0033.wav,audio data/vehicle_horn/vehicle_horn_0033.wav,vehicle_horn,Vehicle Horn,3.0,16000,1,PCM_16,96044,WAV,outdoor/roadside,digital microphone / synthetic,5-30m,original,train,2026-09-27 12:06:14,6358923e39594b7b13ff8a4c3efff9121dcc8aa1270914c635de6a20ae6a4def,low,False
SS-02734,vehicle_horn_0034.wav,audio data/vehicle_horn/vehicle_horn_0034.wav,vehicle_horn,Vehicle Horn,3.0,16000,1,PCM_16,96044,WAV,outdoor/roadside,digital microphone / synthetic,5-30m,original,train,2026-09-27 12:06:14,82ac8b54646836f2fe7daae970c0b75fefef004889c0525fa7af07e7a57a87b1,low,False
SS-02735,vehicle_horn_0035.wav,audio data/vehicle_horn/vehicle_horn_0035.wav,vehicle_horn,Vehicle Horn,3.0,16000,1,PCM_16,96044,WAV,outdoor/roadside,digital microphone / synthetic,5-30m,original,test,2026-09-27 12:06:14,664d702c0760fa4397cd72e8a7748292762626b1b826a68b7c4c1bc78cd9280b,low,False
SS-02736,vehicle_horn_0036.wav,audio data/vehicle_horn/vehicle_horn_0036.wav,vehicle_horn,Vehicle Horn,3.0,16000,1,PCM_16,96044,WAV,outdoor/roadside,digital microphone / synthetic,5-30m,original,train,2026-09-27 12:06:14,ce6407cb6f05ee662e18a3d45ffb497810cd033d06160127e4d279f1f0e7ff77,low,False
SS-02737,vehicle_horn_0037.wav,audio data/vehicle_horn/vehicle_horn_0037.wav,vehicle_horn,Vehicle Horn,3.0,16000,1,PCM_16,96044,WAV,outdoor/roadside,digital microphone / synthetic,5-30m,original,validation,2026-09-27 12:06:14,8e8eb9a38244711cd5cc1b7be6fb43c4315ea36a4fe7b9681d9c23f3a65727ec,low,False
SS-02738,vehicle_horn_0038.wav,audio data/vehicle_horn/vehicle_horn_0038.wav,vehicle_horn,Vehicle Horn,3.0,16000,1,PCM_16,96044,WAV,outdoor/roadside,digital microphone / synthetic,5-30m,original,train,2026-09-27 12:06:14,654bc2f2f3640d0a732b0c41ff29b7418e7e719883b883c5d0f8cd7dbd501ada,low,False
SS-02739,vehicle_horn_0039.wav,audio data/vehicle_horn/vehicle_horn_0039.wav,vehicle_horn,Vehicle Horn,3.0,16000,1,PCM_16,96044,WAV,outdoor/roadside,digital microphone / synthetic,5-30m,original,validation,2026-09-27 12:06:14,28281446ff5690c6cb3ad6b0875eed56fa543aadc59b261b7e4f4819ac063f72,low,False
SS-02740,vehicle_horn_0040.wav,audio data/vehicle_horn/vehicle_horn_0040.wav,vehicle_horn,Vehicle Horn,3.0,16000,1,PCM_16,96044,WAV,outdoor/roadside,digital microphone / synthetic,5-30m,original,train,2026-09-27 12:06:14,6738ece68c7868af55fdaacab2884d4270f839f07d1ad7847173a70b99488e48,low,False
SS-02741,vehicle_horn_0041.wav,audio data/vehicle_horn/vehicle_horn_0041.wav,vehicle_horn,Vehicle Horn,3.0,16000,1,PCM_16,96044,WAV,outdoor/roadside,digital microphone / synthetic,5-30m,original,train,2026-09-27 12:06:14,9d1e30a3fb35c39d41322d2cbd6f4a7af89aacb1b3a3ed40d24912a752f8efc5,low,False
SS-02742,vehicle_horn_0042.wav,audio data/vehicle_horn/vehicle_horn_0042.wav,vehicle_horn,Vehicle Horn,3.0,16000,1,PCM_16,96044,WAV,outdoor/roadside,digital microphone / synthetic,5-30m,original,train,2026-09-27 12:06:14,b6957783f0e6611394e40b4261292afc08d081277cd7354bf1e260b160a537ac,low,False
SS-02743,vehicle_horn_0043.wav,audio data/vehicle_horn/vehicle_horn_0043.wav,vehicle_horn,Vehicle Horn,3.0,16000,1,PCM_16,96044,WAV,outdoor/roadside,digital microphone / synthetic,5-30m,original,train,2026-09-27 12:06:14,dd7f43740ff386d353a2509a7e4aae8357f97917f6d879f45f9875248ce0966a,low,False
SS-02744,vehicle_horn_0044.wav,audio data/vehicle_horn/vehicle_horn_0044.wav,vehicle_horn,Vehicle Horn,3.0,16000,1,PCM_16,96044,WAV,outdoor/roadside,digital microphone / synthetic,5-30m,original,train,2026-09-27 12:06:14,defe60a2995b32ebfb8684a065d772e60cef8c325fa352d5cc8d640946f8b12d,low,False
SS-02745,vehicle_horn_0045.wav,audio data/vehicle_horn/vehicle_horn_0045.wav,vehicle_horn,Vehicle Horn,3.0,16000,1,PCM_16,96044,WAV,outdoor/roadside,digital microphone / synthetic,5-30m,original,validation,2026-09-27 12:06:14,62803271efcc5231bba0fdc98dffac1f9931ac3f0dbcf7bc8b5ba86f83ebddf9,low,False
SS-02746,vehicle_horn_0046.wav,audio data/vehicle_horn/vehicle_horn_0046.wav,vehicle_horn,Vehicle Horn,3.0,16000,1,PCM_16,96044,WAV,outdoor/roadside,digital microphone / synthetic,5-30m,original,train,2026-09-27 12:06:14,c7fbc330035b2552fefd70b28eda6356a5544e5e3b777003d0e9d27f47572690,low,False
SS-02747,vehicle_horn_0047.wav,audio data/vehicle_horn/vehicle_horn_0047.wav,vehicle_horn,Vehicle Horn,3.0,16000,1,PCM_16,96044,WAV,outdoor/roadside,digital microphone / synthetic,5-30m,original,train,2026-09-27 12:06:14,8642b80a7e3d9133f7a6424eaa4ec9ce547378761f26249c8911dc378cb3e696,low,False
SS-02748,vehicle_horn_0048.wav,audio data/vehicle_horn/vehicle_horn_0048.wav,vehicle_horn,Vehicle Horn,3.0,16000,1,PCM_16,96044,WAV,outdoor/roadside,digital microphone / synthetic,5-30m,original,validation,2026-09-27 12:06:14,b750c5b96719a8c0d5692078c09ba5bd85028d6322ea6b2f8a86d40e22922086,low,False
SS-02749,vehicle_horn_0049.wav,audio data/vehicle_horn/vehicle_horn_0049.wav,vehicle_horn,Vehicle Horn,3.0,16000,1,PCM_16,96044,WAV,outdoor/roadside,digital microphone / synthetic,5-30m,original,train,2026-09-27 12:06:14,920918e4276a3108e381ced69ad49bc245c7bb67273ddb02196849c27b2aec91,low,False
SS-02750,vehicle_horn_0050.wav,audio data/vehicle_horn/vehicle_horn_0050.wav,vehicle_horn,Vehicle Horn,3.0,16000,1,PCM_16,96044,WAV,outdoor/roadside,digital microphone / synthetic,5-30m,original,train,2026-09-27 12:06:14,fb6259fe079f74dfd15529c2291b290673f5043084c5e0db89a6b00510daf6f7,low,False
SS-02751,vehicle_horn_0051.wav,audio data/vehicle_horn/vehicle_horn_0051.wav,vehicle_horn,Vehicle Horn,3.0,16000,1,PCM_16,96044,WAV,outdoor/roadside,digital microphone / synthetic,5-30m,original,train,2026-09-27 12:06:14,bce2666c0b3c3fef91cd050bf5b4e3019bff05a80dee92804e70f096b60ba98f,low,False
SS-02752,vehicle_horn_0052.wav,audio data/vehicle_horn/vehicle_horn_0052.wav,vehicle_horn,Vehicle Horn,3.0,16000,1,PCM_16,96044,WAV,outdoor/roadside,digital microphone / synthetic,5-30m,original,test,2026-09-27 12:06:14,ebd0de57c7f78c317176d3c8d36e067ec42e287f6c79a847bf653d73dde9fbd8,low,False
SS-02753,vehicle_horn_0053.wav,audio data/vehicle_horn/vehicle_horn_0053.wav,vehicle_horn,Vehicle Horn,3.0,16000,1,PCM_16,96044,WAV,outdoor/roadside,digital microphone / synthetic,5-30m,original,train,2026-09-27 12:06:14,a7871c20f17410312349eaa61e67033c92184878ecccbaac98e4de4ac51a97c7,low,False
SS-02754,vehicle_horn_0054.wav,audio data/vehicle_horn/vehicle_horn_0054.wav,vehicle_horn,Vehicle Horn,3.0,16000,1,PCM_16,96044,WAV,outdoor/roadside,digital microphone / synthetic,5-30m,original,train,2026-09-27 12:06:14,ed4ab68205bedf270f4488da779fd223729b2c2f22c0e3ccae54464607a51fdd,low,False
SS-02755,vehicle_horn_0055.wav,audio data/vehicle_horn/vehicle_horn_0055.wav,vehicle_horn,Vehicle Horn,3.0,16000,1,PCM_16,96044,WAV,outdoor/roadside,digital microphone / synthetic,5-30m,original,train,2026-09-27 12:06:14,fe9b931d7a36bffbb6baae288b97d7939969dc3d710734b9699a77792a38078a,low,False
SS-02756,vehicle_horn_0056.wav,audio data/vehicle_horn/vehicle_horn_0056.wav,vehicle_horn,Vehicle Horn,3.0,16000,1,PCM_16,96044,WAV,outdoor/roadside,digital microphone / synthetic,5-30m,original,train,2026-09-27 12:06:14,26aa51065e20c0d052f774ae72bce79feb5eef63c3c29c87b5d0f4619d0062de,low,False
SS-02757,vehicle_horn_0057.wav,audio data/vehicle_horn/vehicle_horn_0057.wav,vehicle_horn,Vehicle Horn,3.0,16000,1,PCM_16,96044,WAV,outdoor/roadside,digital microphone / synthetic,5-30m,original,train,2026-09-27 12:06:14,fa24282b3f184e5006c7d7dbc6a302291e5c446bf9ea76ed77f9e96adf5b0260,low,False
SS-02758,vehicle_horn_0058.wav,audio data/vehicle_horn/vehicle_horn_0058.wav,vehicle_horn,Vehicle Horn,3.0,16000,1,PCM_16,96044,WAV,outdoor/roadside,digital microphone / synthetic,5-30m,original,test,2026-09-27 12:06:14,bd7a5cffe0b4579f79e0c1b83f87a92c6c561f6715c8fc3b3939ac76721bf5f4,low,False
SS-02759,vehicle_horn_0059.wav,audio data/vehicle_horn/vehicle_horn_0059.wav,vehicle_horn,Vehicle Horn,3.0,16000,1,PCM_16,96044,WAV,outdoor/roadside,digital microphone / synthetic,5-30m,original,train,2026-09-27 12:06:14,677921b595ae5c32cbc6513e3eecb1dfe5340c8bf25e11bc74a7aa32dc95b829,low,False
SS-02760,vehicle_horn_0060.wav,audio data/vehicle_horn/vehicle_horn_0060.wav,vehicle_horn,Vehicle Horn,3.0,16000,1,PCM_16,96044,WAV,outdoor/roadside,digital microphone / synthetic,5-30m,original,train,2026-09-27 12:06:14,d0adb3527d3721d70bec0c6f03cf7cf251958d8ca396a3a241d89e06b13fa36d,low,False
SS-02761,vehicle_horn_0061.wav,audio data/vehicle_horn/vehicle_horn_0061.wav,vehicle_horn,Vehicle Horn,3.0,16000,1,PCM_16,96044,WAV,outdoor/roadside,digital microphone / synthetic,5-30m,original,train,2026-09-27 12:06:14,725bc015173c9751760c829af22f3f5b5f7d12c0e694c65f7c246437e7f60ab1,low,False
SS-02762,vehicle_horn_0062.wav,audio data/vehicle_horn/vehicle_horn_0062.wav,vehicle_horn,Vehicle Horn,3.0,16000,1,PCM_16,96044,WAV,outdoor/roadside,digital microphone / synthetic,5-30m,original,validation,2026-09-27 12:06:14,c75bc7cf27665b1d3e4b3b10292e928c7bad3969ed1babed31c6823ed228bf51,low,False
SS-02763,vehicle_horn_0063.wav,audio data/vehicle_horn/vehicle_horn_0063.wav,vehicle_horn,Vehicle Horn,3.0,16000,1,PCM_16,96044,WAV,outdoor/roadside,digital microphone / synthetic,5-30m,original,train,2026-09-27 12:06:14,e4f3ee5713c745ad7e9a4257dedbf6d625ef8b3a766b3fd6a6781322efa8d701,low,False
SS-02764,vehicle_horn_0064.wav,audio data/vehicle_horn/vehicle_horn_0064.wav,vehicle_horn,Vehicle Horn,3.0,16000,1,PCM_16,96044,WAV,outdoor/roadside,digital microphone / synthetic,5-30m,original,train,2026-09-27 12:06:14,1d21bd6c6d443123ce581977adfcd00bf7f641e7fe0ea32136e34b44e40e0ac2,low,False
SS-02765,vehicle_horn_0065.wav,audio data/vehicle_horn/vehicle_horn_0065.wav,vehicle_horn,Vehicle Horn,3.0,16000,1,PCM_16,96044,WAV,outdoor/roadside,digital microphone / synthetic,5-30m,original,train,2026-09-27 12:06:14,d95e1cdbea5ac5defa51928347f7fd76e2ed1a12d04b85ff4752f82d600db366,low,False
SS-02766,vehicle_horn_0066.wav,audio data/vehicle_horn/vehicle_horn_0066.wav,vehicle_horn,Vehicle Horn,3.0,16000,1,PCM_16,96044,WAV,outdoor/roadside,digital microphone / synthetic,5-30m,original,train,2026-09-27 12:06:14,b130207433d8e2d04cc69a96e98326580ca197a85a3489ce2d6fa1e6151f00be,low,False
SS-02767,vehicle_horn_0067.wav,audio data/vehicle_horn/vehicle_horn_0067.wav,vehicle_horn,Vehicle Horn,3.0,16000,1,PCM_16,96044,WAV,outdoor/roadside,digital microphone / synthetic,5-30m,original,train,2026-09-27 12:06:14,47ae621252ac8bf29c65c027571b6543cc48c7f64aca1378758aa70863fcffaf,low,False
SS-02768,vehicle_horn_0068.wav,audio data/vehicle_horn/vehicle_horn_0068.wav,vehicle_horn,Vehicle Horn,3.0,16000,1,PCM_16,96044,WAV,outdoor/roadside,digital microphone / synthetic,5-30m,original,train,2026-09-27 12:06:14,eeedc6d49fb24923899f1dacacda48561daca0078d936b538089d918a386dbef,low,False
SS-02769,vehicle_horn_0069.wav,audio data/vehicle_horn/vehicle_horn_0069.wav,vehicle_horn,Vehicle Horn,3.0,16000,1,PCM_16,96044,WAV,outdoor/roadside,digital microphone / synthetic,5-30m,original,train,2026-09-27 12:06:14,eb3a9e348bdb89c2eaaa4c38b7172d12026064291860e1f5ce67894c67c7f6fb,low,False
SS-02770,vehicle_horn_0070.wav,audio data/vehicle_horn/vehicle_horn_0070.wav,vehicle_horn,Vehicle Horn,3.0,16000,1,PCM_16,96044,WAV,outdoor/roadside,digital microphone / synthetic,5-30m,original,train,2026-09-27 12:06:14,3c2233f176b030855a55f837003d4cf3984b88987077ab9ca39ac318f081a70a,low,False
SS-02771,vehicle_horn_0071.wav,audio data/vehicle_horn/vehicle_horn_0071.wav,vehicle_horn,Vehicle Horn,3.0,16000,1,PCM_16,96044,WAV,outdoor/roadside,digital microphone / synthetic,5-30m,original,validation,2026-09-27 12:06:14,9c8148d703399cc2e46d856e69bf5d44a74162fbc9e66d50c7ed5fdb2b71e9b1,low,False
SS-02772,vehicle_horn_0072.wav,audio data/vehicle_horn/vehicle_horn_0072.wav,vehicle_horn,Vehicle Horn,3.0,16000,1,PCM_16,96044,WAV,outdoor/roadside,digital microphone / synthetic,5-30m,original,test,2026-09-27 12:06:14,78a98f8ede8188e270b511d34cf19e5e0a28fbbea9746078f03eac9a2b205ebb,low,False
SS-02773,vehicle_horn_0073.wav,audio data/vehicle_horn/vehicle_horn_0073.wav,vehicle_horn,Vehicle Horn,3.0,16000,1,PCM_16,96044,WAV,outdoor/roadside,digital microphone / synthetic,5-30m,original,train,2026-09-27 12:06:14,1b27d6d1b188d4bb56d123ee7abe2d332a3adf82afdd5fac341bbfd0ac7f706e,low,False
SS-02774,vehicle_horn_0074.wav,audio data/vehicle_horn/vehicle_horn_0074.wav,vehicle_horn,Vehicle Horn,3.0,16000,1,PCM_16,96044,WAV,outdoor/roadside,digital microphone / synthetic,5-30m,original,test,2026-09-27 12:06:14,ec193c9829e5f9e8922a8efc6902fd03455d1984e5b600cbe83202dbf60780af,low,False
SS-02775,vehicle_horn_0075.wav,audio data/vehicle_horn/vehicle_horn_0075.wav,vehicle_horn,Vehicle Horn,3.0,16000,1,PCM_16,96044,WAV,outdoor/roadside,digital microphone / synthetic,5-30m,original,train,2026-09-27 12:06:14,78a4a02eaae8f4cc91e44d19087e4f708dda500084ac89a6db1fb5d272fc3a0b,low,False
SS-02776,vehicle_horn_0076.wav,audio data/vehicle_horn/vehicle_horn_0076.wav,vehicle_horn,Vehicle Horn,3.0,16000,1,PCM_16,96044,WAV,outdoor/roadside,digital microphone / synthetic,5-30m,original,train,2026-09-27 12:06:14,bd6c6f76b587d161e08238ce7cb8ec21893d2af73203703a78d4bd5c8c8590ff,low,False
SS-02777,vehicle_horn_0077.wav,audio data/vehicle_horn/vehicle_horn_0077.wav,vehicle_horn,Vehicle Horn,3.0,16000,1,PCM_16,96044,WAV,outdoor/roadside,digital microphone / synthetic,5-30m,original,validation,2026-09-27 12:06:14,7bd82cf2123da341569a142d541474dddf08b0b46afd894f553dfca3cf284310,low,False
SS-02778,vehicle_horn_0078.wav,audio data/vehicle_horn/vehicle_horn_0078.wav,vehicle_horn,Vehicle Horn,3.0,16000,1,PCM_16,96044,WAV,outdoor/roadside,digital microphone / synthetic,5-30m,original,train,2026-09-27 12:06:14,eacd650adb76d69e92210e36acc9cb8fda21ec3030226f19e1342066b9420eff,low,False
SS-02779,vehicle_horn_0079.wav,audio data/vehicle_horn/vehicle_horn_0079.wav,vehicle_horn,Vehicle Horn,3.0,16000,1,PCM_16,96044,WAV,outdoor/roadside,digital microphone / synthetic,5-30m,original,train,2026-09-27 12:06:14,b11b1264c8c5bb9cc9b5966103328981b36ae24a1ccb00683060a54e576bb1ce,low,False
SS-02780,vehicle_horn_0080.wav,audio data/vehicle_horn/vehicle_horn_0080.wav,vehicle_horn,Vehicle Horn,3.0,16000,1,PCM_16,96044,WAV,outdoor/roadside,digital microphone / synthetic,5-30m,original,test,2026-09-27 12:06:14,5f8bad731c20b920443fe8c3bdfc2209dedbedfdabbdf0663e8ade5b78fefd0b,low,False
SS-02781,vehicle_horn_0081.wav,audio data/vehicle_horn/vehicle_horn_0081.wav,vehicle_horn,Vehicle Horn,3.0,16000,1,PCM_16,96044,WAV,outdoor/roadside,digital microphone / synthetic,5-30m,original,train,2026-09-27 12:06:14,61663ce27d7b5eade4c09cdf14b8fd74ad1ad9d7944ad81f665472e9c63efa25,low,False
SS-02782,vehicle_horn_0082.wav,audio data/vehicle_horn/vehicle_horn_0082.wav,vehicle_horn,Vehicle Horn,3.0,16000,1,PCM_16,96044,WAV,outdoor/roadside,digital microphone / synthetic,5-30m,original,validation,2026-09-27 12:06:14,76d8e0d2eb96ffdf9112a714def4acd048f6f14d25aeaef50444755a8d63c51d,low,False
SS-02783,vehicle_horn_0083.wav,audio data/vehicle_horn/vehicle_horn_0083.wav,vehicle_horn,Vehicle Horn,3.0,16000,1,PCM_16,96044,WAV,outdoor/roadside,digital microphone / synthetic,5-30m,original,train,2026-09-27 12:06:14,cef67c05e59ff67475f4ebcae61a9b16f8aa8d4ad961fcfc37658de8109eb2ec,low,False
SS-02784,vehicle_horn_0084.wav,audio data/vehicle_horn/vehicle_horn_0084.wav,vehicle_horn,Vehicle Horn,3.0,16000,1,PCM_16,96044,WAV,outdoor/roadside,digital microphone / synthetic,5-30m,original,train,2026-09-27 12:06:14,37f4a594d19c1a9c099ca2ad9db025fdca69d3580c1ccd8825a4614b3d25fbe9,low,False
SS-02785,vehicle_horn_0085.wav,audio data/vehicle_horn/vehicle_horn_0085.wav,vehicle_horn,Vehicle Horn,3.0,16000,1,PCM_16,96044,WAV,outdoor/roadside,digital microphone / synthetic,5-30m,original,train,2026-09-27 12:06:14,03063e2f2f1f1d56734d0578dfe95b6dfd39ff5f3da091899b86659ea2b4ec33,low,False
SS-02786,vehicle_horn_0086.wav,audio data/vehicle_horn/vehicle_horn_0086.wav,vehicle_horn,Vehicle Horn,3.0,16000,1,PCM_16,96044,WAV,outdoor/roadside,digital microphone / synthetic,5-30m,original,train,2026-09-27 12:06:14,7671577cc0c7beb03d3f55d49f83a2303deaf4fb9d007a8acc4d7ea61594e7f0,low,False
SS-02787,vehicle_horn_0087.wav,audio data/vehicle_horn/vehicle_horn_0087.wav,vehicle_horn,Vehicle Horn,3.0,16000,1,PCM_16,96044,WAV,outdoor/roadside,digital microphone / synthetic,5-30m,original,train,2026-09-27 12:06:14,9c003e72c14e819618e322c81e6d48f887b302573d6c1280391ae0d37738dc70,low,False
SS-02788,vehicle_horn_0088.wav,audio data/vehicle_horn/vehicle_horn_0088.wav,vehicle_horn,Vehicle Horn,3.0,16000,1,PCM_16,96044,WAV,outdoor/roadside,digital microphone / synthetic,5-30m,original,train,2026-09-27 12:06:14,6f995718de817886f5a02fd849c9456827dd5adff87b0c7fbf00d9e7de99b987,low,False
SS-02789,vehicle_horn_0089.wav,audio data/vehicle_horn/vehicle_horn_0089.wav,vehicle_horn,Vehicle Horn,3.0,16000,1,PCM_16,96044,WAV,outdoor/roadside,digital microphone / synthetic,5-30m,original,validation,2026-09-27 12:06:14,58395d19d49eff46526c241584fb28491c94039bc3a00c24024a26dad4d60452,low,False
SS-02790,vehicle_horn_0090.wav,audio data/vehicle_horn/vehicle_horn_0090.wav,vehicle_horn,Vehicle Horn,3.0,16000,1,PCM_16,96044,WAV,outdoor/roadside,digital microphone / synthetic,5-30m,original,train,2026-09-27 12:06:14,90a98893aa862be7b65fb3bb15a6146adeeb7165903490f37b48094716c3ddf9,low,False
SS-02791,vehicle_horn_0091.wav,audio data/vehicle_horn/vehicle_horn_0091.wav,vehicle_horn,Vehicle Horn,3.0,16000,1,PCM_16,96044,WAV,outdoor/roadside,digital microphone / synthetic,5-30m,original,train,2026-09-27 12:06:14,87fdeb077e1906ae0fca1bb56cd4ec8b56411219de3c1400f21180937d91909d,low,False
SS-02792,vehicle_horn_0092.wav,audio data/vehicle_horn/vehicle_horn_0092.wav,vehicle_horn,Vehicle Horn,3.0,16000,1,PCM_16,96044,WAV,outdoor/roadside,digital microphone / synthetic,5-30m,original,train,2026-09-27 12:06:14,bb0d2d15aad554f63d8d009051a5edbd4789e4b1494c663c1d04fc6fc08b0b95,low,False
SS-02793,vehicle_horn_0093.wav,audio data/vehicle_horn/vehicle_horn_0093.wav,vehicle_horn,Vehicle Horn,3.0,16000,1,PCM_16,96044,WAV,outdoor/roadside,digital microphone / synthetic,5-30m,original,train,2026-09-27 12:06:14,b3d73dd8b942e45718464e9e8809eba7eae6a77de6e9455f1cd212fbabecc1e3,low,False
SS-02794,vehicle_horn_0094.wav,audio data/vehicle_horn/vehicle_horn_0094.wav,vehicle_horn,Vehicle Horn,3.0,16000,1,PCM_16,96044,WAV,outdoor/roadside,digital microphone / synthetic,5-30m,original,train,2026-09-27 12:06:14,5555f8665d3287581a61a1e8262ac9fa6e7ad9267cb7f606b266071246aa4c93,low,False
SS-02795,vehicle_horn_0095.wav,audio data/vehicle_horn/vehicle_horn_0095.wav,vehicle_horn,Vehicle Horn,3.0,16000,1,PCM_16,96044,WAV,outdoor/roadside,digital microphone / synthetic,5-30m,original,train,2026-09-27 12:06:14,721d93a03b1c4324a8e1e62184aa4fe6b5a1882043212af8da8e748a6e363e6c,low,False
SS-02796,vehicle_horn_0096.wav,audio data/vehicle_horn/vehicle_horn_0096.wav,vehicle_horn,Vehicle Horn,3.0,16000,1,PCM_16,96044,WAV,outdoor/roadside,digital microphone / synthetic,5-30m,original,train,2026-09-27 12:06:14,f9c74f01290b9544871c9a55d7f62720985f52c4ed856f895b01746cb00f0bcb,low,False
SS-02797,vehicle_horn_0097.wav,audio data/vehicle_horn/vehicle_horn_0097.wav,vehicle_horn,Vehicle Horn,3.0,16000,1,PCM_16,96044,WAV,outdoor/roadside,digital microphone / synthetic,5-30m,original,test,2026-09-27 12:06:14,eb552df427d2eca2d6d32dd07ae3ce188ba34f5eb2093e85a5df9cd40996b7dc,low,False
SS-02798,vehicle_horn_0098.wav,audio data/vehicle_horn/vehicle_horn_0098.wav,vehicle_horn,Vehicle Horn,3.0,16000,1,PCM_16,96044,WAV,outdoor/roadside,digital microphone / synthetic,5-30m,original,validation,2026-09-27 12:06:14,ba19f6b406c094c6ee69686c927fc92e6b786de97b23461bb6b583b9f7846fa7,low,False
SS-02799,vehicle_horn_0099.wav,audio data/vehicle_horn/vehicle_horn_0099.wav,vehicle_horn,Vehicle Horn,3.0,16000,1,PCM_16,96044,WAV,outdoor/roadside,digital microphone / synthetic,5-30m,original,train,2026-09-27 12:06:14,ef4ae7814077754ea200bec6cc5e22b7fa631087ce28f3d6d51d3e9146877229,low,False
SS-02800,vehicle_horn_0100.wav,audio data/vehicle_horn/vehicle_horn_0100.wav,vehicle_horn,Vehicle Horn,3.0,16000,1,PCM_16,96044,WAV,outdoor/roadside,digital microphone / synthetic,5-30m,original,train,2026-09-27 12:06:14,7c76e4519eae53e9f79e95f4908cb5ff936c84fc479669ff654367470106dc43,low,False
SS-02801,vehicle_horn_0101.wav,audio data/vehicle_horn/vehicle_horn_0101.wav,vehicle_horn,Vehicle Horn,3.0,16000,1,PCM_16,96044,WAV,outdoor/roadside,digital microphone / synthetic,5-30m,original,train,2026-09-27 12:06:14,ae8ea2c7f6522c69f4f34740a4d04d0865011e733b1910618a912f0ac242d405,low,False
SS-02802,vehicle_horn_0102.wav,audio data/vehicle_horn/vehicle_horn_0102.wav,vehicle_horn,Vehicle Horn,3.0,16000,1,PCM_16,96044,WAV,outdoor/roadside,digital microphone / synthetic,5-30m,original,train,2026-09-27 12:06:14,df2083c4ca1380b25a7f47cf00f9582e801386c0bf1dcb4616a61c8831ec9894,low,False
SS-02803,vehicle_horn_0103.wav,audio data/vehicle_horn/vehicle_horn_0103.wav,vehicle_horn,Vehicle Horn,3.0,16000,1,PCM_16,96044,WAV,outdoor/roadside,digital microphone / synthetic,5-30m,original,train,2026-09-27 12:06:14,49ba6976e11aaefd4def525df6279c783c17f4800636b6cf643780f6d6ea8001,low,False
SS-02804,vehicle_horn_0104.wav,audio data/vehicle_horn/vehicle_horn_0104.wav,vehicle_horn,Vehicle Horn,3.0,16000,1,PCM_16,96044,WAV,outdoor/roadside,digital microphone / synthetic,5-30m,original,train,2026-09-27 12:06:14,66f716e2706dcf0332f1d07a95afce2642a5bf36bab4ad9154c69ed0f5a4641c,low,False
SS-02805,vehicle_horn_0105.wav,audio data/vehicle_horn/vehicle_horn_0105.wav,vehicle_horn,Vehicle Horn,3.0,16000,1,PCM_16,96044,WAV,outdoor/roadside,digital microphone / synthetic,5-30m,original,validation,2026-09-27 12:06:14,3a4132ec1b302ceb8979147ac162902e4df369c9d232d733ffffa568fc765b35,low,False
SS-02806,vehicle_horn_0106.wav,audio data/vehicle_horn/vehicle_horn_0106.wav,vehicle_horn,Vehicle Horn,3.0,16000,1,PCM_16,96044,WAV,outdoor/roadside,digital microphone / synthetic,5-30m,original,test,2026-09-27 12:06:14,00a482e0a01f17658b1b158232c0b13692b1d8d3fe89d1ca55d36ba16e96e2d8,low,False
SS-02807,vehicle_horn_0107.wav,audio data/vehicle_horn/vehicle_horn_0107.wav,vehicle_horn,Vehicle Horn,3.0,16000,1,PCM_16,96044,WAV,outdoor/roadside,digital microphone / synthetic,5-30m,original,validation,2026-09-27 12:06:14,a21cd8ba76c3e9ebc436c032fe1c7db574862b164ed6dbda02ee562fc5da706d,low,False
SS-02808,vehicle_horn_0108.wav,audio data/vehicle_horn/vehicle_horn_0108.wav,vehicle_horn,Vehicle Horn,3.0,16000,1,PCM_16,96044,WAV,outdoor/roadside,digital microphone / synthetic,5-30m,original,train,2026-09-27 12:06:14,82152502b99b470f1bd782456edf24386375e02c543fc541b92f9bc3c268bca8,low,False
SS-02809,vehicle_horn_0109.wav,audio data/vehicle_horn/vehicle_horn_0109.wav,vehicle_horn,Vehicle Horn,3.0,16000,1,PCM_16,96044,WAV,outdoor/roadside,digital microphone / synthetic,5-30m,original,train,2026-09-27 12:06:14,9f75d90a812ea17c5012ac98915a281307cb01514ebf1dbfbbbd554c6dfd3e09,low,False
SS-02810,vehicle_horn_0110.wav,audio data/vehicle_horn/vehicle_horn_0110.wav,vehicle_horn,Vehicle Horn,3.0,16000,1,PCM_16,96044,WAV,outdoor/roadside,digital microphone / synthetic,5-30m,original,validation,2026-09-27 12:06:14,34373f7899e8b89f08f0269af5622eb3f6a536eae4f18aa9357070416490f3c6,low,False
SS-02811,vehicle_horn_0111.wav,audio data/vehicle_horn/vehicle_horn_0111.wav,vehicle_horn,Vehicle Horn,3.0,16000,1,PCM_16,96044,WAV,outdoor/roadside,digital microphone / synthetic,5-30m,original,train,2026-09-27 12:06:14,b191728c031bdc77d54b123ac6c6ab326d36c8ee83830e397c619658b4f088e7,low,False
SS-02812,vehicle_horn_0112.wav,audio data/vehicle_horn/vehicle_horn_0112.wav,vehicle_horn,Vehicle Horn,3.0,16000,1,PCM_16,96044,WAV,outdoor/roadside,digital microphone / synthetic,5-30m,original,test,2026-09-27 12:06:14,900c762184826680660975c862ba2d4f194c56bc11fc55ba011fa4a391b08d01,low,False
SS-02813,vehicle_horn_0113.wav,audio data/vehicle_horn/vehicle_horn_0113.wav,vehicle_horn,Vehicle Horn,3.0,16000,1,PCM_16,96044,WAV,outdoor/roadside,digital microphone / synthetic,5-30m,original,train,2026-09-27 12:06:14,358938b1da738bce0f2dec22cdc39a9f8e70e5139867d3c4fde97264c493c2db,low,False
SS-02814,vehicle_horn_0114.wav,audio data/vehicle_horn/vehicle_horn_0114.wav,vehicle_horn,Vehicle Horn,3.0,16000,1,PCM_16,96044,WAV,outdoor/roadside,digital microphone / synthetic,5-30m,original,test,2026-09-27 12:06:14,ac9b37106f2ee26811d028c2469bc694518bdb55768d4595bcde726eac2fe0c5,low,False
SS-02815,vehicle_horn_0115.wav,audio data/vehicle_horn/vehicle_horn_0115.wav,vehicle_horn,Vehicle Horn,3.0,16000,1,PCM_16,96044,WAV,outdoor/roadside,digital microphone / synthetic,5-30m,original,train,2026-09-27 12:06:14,c07cfd5664de203fbaaa0d1025e35d260a2f0d761a770594dca2ff1afddcdeb9,low,False
SS-02816,vehicle_horn_0116.wav,audio data/vehicle_horn/vehicle_horn_0116.wav,vehicle_horn,Vehicle Horn,3.0,16000,1,PCM_16,96044,WAV,outdoor/roadside,digital microphone / synthetic,5-30m,original,train,2026-09-27 12:06:14,05d255eb4d47435e99ecbfc5bf3a41168b8921824b3a082d5a56eb660cc9f084,low,False
SS-02817,vehicle_horn_0117.wav,audio data/vehicle_horn/vehicle_horn_0117.wav,vehicle_horn,Vehicle Horn,3.0,16000,1,PCM_16,96044,WAV,outdoor/roadside,digital microphone / synthetic,5-30m,original,train,2026-09-27 12:06:14,f12199b9279a0ab81985ffe2127e9d1c998e6d268a65f970bc0c0b77834e54bc,low,False
SS-02818,vehicle_horn_0118.wav,audio data/vehicle_horn/vehicle_horn_0118.wav,vehicle_horn,Vehicle Horn,3.0,16000,1,PCM_16,96044,WAV,outdoor/roadside,digital microphone / synthetic,5-30m,original,test,2026-09-27 12:06:14,1969f0663945dd06f3f0f4ecca8cf3f0958a5c9ad990a487e4e2c3ead01c8361,low,False
SS-02819,vehicle_horn_0119.wav,audio data/vehicle_horn/vehicle_horn_0119.wav,vehicle_horn,Vehicle Horn,3.0,16000,1,PCM_16,96044,WAV,outdoor/roadside,digital microphone / synthetic,5-30m,original,validation,2026-09-27 12:06:14,4bc4d42d7d6a42d6bbf6b508915194b95c251245498eb70506a3eb1b17315c6d,low,False
SS-02820,vehicle_horn_0120.wav,audio data/vehicle_horn/vehicle_horn_0120.wav,vehicle_horn,Vehicle Horn,3.0,16000,1,PCM_16,96044,WAV,outdoor/roadside,digital microphone / synthetic,5-30m,original,test,2026-09-27 12:06:14,4d6fd5bbd5d117d30091c9192cc4f5860a251dc495ea110ee9f3f93711b88e05,low,False
SS-02821,vehicle_horn_0121.wav,audio data/vehicle_horn/vehicle_horn_0121.wav,vehicle_horn,Vehicle Horn,3.0,16000,1,PCM_16,96044,WAV,outdoor/roadside,digital microphone / synthetic,5-30m,original,train,2026-09-27 12:06:14,ab0317968d4f2d34c6fd55796119b93d1e9beecc0afe5214934a27246a3988a2,low,False
SS-02822,vehicle_horn_0122.wav,audio data/vehicle_horn/vehicle_horn_0122.wav,vehicle_horn,Vehicle Horn,3.0,16000,1,PCM_16,96044,WAV,outdoor/roadside,digital microphone / synthetic,5-30m,original,test,2026-09-27 12:06:14,9903c5abda12458220482f20ffca380ed94d858c958b2782252d16f0e77e5592,low,False
SS-02823,vehicle_horn_0123.wav,audio data/vehicle_horn/vehicle_horn_0123.wav,vehicle_horn,Vehicle Horn,3.0,16000,1,PCM_16,96044,WAV,outdoor/roadside,digital microphone / synthetic,5-30m,original,train,2026-09-27 12:06:14,5cb5507be13b9648fd031cef235d0d83209918e87ec3928d8fcaab95e5e7c050,low,False
SS-02824,vehicle_horn_0124.wav,audio data/vehicle_horn/vehicle_horn_0124.wav,vehicle_horn,Vehicle Horn,3.0,16000,1,PCM_16,96044,WAV,outdoor/roadside,digital microphone / synthetic,5-30m,original,test,2026-09-27 12:06:14,2489d463f6a580bb28f77fde9e24a908cb968d527e479baf01ecc6d591c690c9,low,False
SS-02825,vehicle_horn_0125.wav,audio data/vehicle_horn/vehicle_horn_0125.wav,vehicle_horn,Vehicle Horn,3.0,16000,1,PCM_16,96044,WAV,outdoor/roadside,digital microphone / synthetic,5-30m,original,train,2026-09-27 12:06:14,dda3368c201fa7032c156e71b09ba6eeec6093ebdd7a2df14241cfc484f693c7,low,False
SS-02826,vehicle_horn_0126.wav,audio data/vehicle_horn/vehicle_horn_0126.wav,vehicle_horn,Vehicle Horn,3.0,16000,1,PCM_16,96044,WAV,outdoor/roadside,digital microphone / synthetic,5-30m,original,test,2026-09-27 12:06:14,35cc6f8d7e62f317bf44803f345ddebd896f5fc29dca06ba3a4a4c932b32657f,low,False
SS-02827,vehicle_horn_0127.wav,audio data/vehicle_horn/vehicle_horn_0127.wav,vehicle_horn,Vehicle Horn,3.0,16000,1,PCM_16,96044,WAV,outdoor/roadside,digital microphone / synthetic,5-30m,original,test,2026-09-27 12:06:14,2eda7bfdbe19180211cfbc48251d2c0cb0548b19a467a849a584871da2b700a9,low,False
SS-02828,vehicle_horn_0128.wav,audio data/vehicle_horn/vehicle_horn_0128.wav,vehicle_horn,Vehicle Horn,3.0,16000,1,PCM_16,96044,WAV,outdoor/roadside,digital microphone / synthetic,5-30m,original,train,2026-09-27 12:06:14,5ba8663a8852988ec6081d38cc19e253d1fd36297f017299eeae77d069c1e2a6,low,False
SS-02829,vehicle_horn_0129.wav,audio data/vehicle_horn/vehicle_horn_0129.wav,vehicle_horn,Vehicle Horn,3.0,16000,1,PCM_16,96044,WAV,outdoor/roadside,digital microphone / synthetic,5-30m,original,train,2026-09-27 12:06:14,bd6ce24ce5a3714354e95557bf74faed88924142da77ad8e95c9ca51bda582d4,low,False
SS-02830,vehicle_horn_0130.wav,audio data/vehicle_horn/vehicle_horn_0130.wav,vehicle_horn,Vehicle Horn,3.0,16000,1,PCM_16,96044,WAV,outdoor/roadside,digital microphone / synthetic,5-30m,original,train,2026-09-27 12:06:14,b1db2c2634a8ef5286d04d65ee1cedb353c35734780d9e275f73d50f6a8ddc2b,low,False
SS-02831,vehicle_horn_0131.wav,audio data/vehicle_horn/vehicle_horn_0131.wav,vehicle_horn,Vehicle Horn,3.0,16000,1,PCM_16,96044,WAV,outdoor/roadside,digital microphone / synthetic,5-30m,original,train,2026-09-27 12:06:14,fe1efe9e32805369587e2c1736c97d273044bcf1f4f49d91e3b69246e2881682,low,False
SS-02832,vehicle_horn_0132.wav,audio data/vehicle_horn/vehicle_horn_0132.wav,vehicle_horn,Vehicle Horn,3.0,16000,1,PCM_16,96044,WAV,outdoor/roadside,digital microphone / synthetic,5-30m,original,train,2026-09-27 12:06:14,5f44dc41192ec2509464e65c62317050a09154667c347612fffdabfb0d61e620,low,False
SS-02833,vehicle_horn_0133.wav,audio data/vehicle_horn/vehicle_horn_0133.wav,vehicle_horn,Vehicle Horn,3.0,16000,1,PCM_16,96044,WAV,outdoor/roadside,digital microphone / synthetic,5-30m,original,train,2026-09-27 12:06:14,06179591eec9eafcee9111941ac5c8b97d0290154c9d67bc8341c4ae6a12d1cc,low,False
SS-02834,vehicle_horn_0134.wav,audio data/vehicle_horn/vehicle_horn_0134.wav,vehicle_horn,Vehicle Horn,3.0,16000,1,PCM_16,96044,WAV,outdoor/roadside,digital microphone / synthetic,5-30m,original,train,2026-09-27 12:06:14,623e2a580a00099d0c7b0450b33372563d798885b024d3879f16ec79f69593c3,low,False
SS-02835,vehicle_horn_0135.wav,audio data/vehicle_horn/vehicle_horn_0135.wav,vehicle_horn,Vehicle Horn,3.0,16000,1,PCM_16,96044,WAV,outdoor/roadside,digital microphone / synthetic,5-30m,original,validation,2026-09-27 12:06:14,c841bb0925786f043b89ad3249a9700d41ea5512db04ce38e128290807a22b62,low,False
SS-02836,vehicle_horn_0136.wav,audio data/vehicle_horn/vehicle_horn_0136.wav,vehicle_horn,Vehicle Horn,3.0,16000,1,PCM_16,96044,WAV,outdoor/roadside,digital microphone / synthetic,5-30m,original,train,2026-09-27 12:06:14,28cec3372fa588a0f7c1f43e956294238d8ab230b2cc6fd2f5d57b214d3ebd86,low,False
SS-02837,vehicle_horn_0137.wav,audio data/vehicle_horn/vehicle_horn_0137.wav,vehicle_horn,Vehicle Horn,3.0,16000,1,PCM_16,96044,WAV,outdoor/roadside,digital microphone / synthetic,5-30m,original,train,2026-09-27 12:06:14,96ea116d93318e10e5f0be9e42f3d9ea65389da6aeb0939ce991ce31e81873d6,low,False
SS-02838,vehicle_horn_0138.wav,audio data/vehicle_horn/vehicle_horn_0138.wav,vehicle_horn,Vehicle Horn,3.0,16000,1,PCM_16,96044,WAV,outdoor/roadside,digital microphone / synthetic,5-30m,original,validation,2026-09-27 12:06:14,02d8046ae622fafb3a8e24007955433840d42ab2eea58ee00e435b532b94f068,low,False
SS-02839,vehicle_horn_0139.wav,audio data/vehicle_horn/vehicle_horn_0139.wav,vehicle_horn,Vehicle Horn,3.0,16000,1,PCM_16,96044,WAV,outdoor/roadside,digital microphone / synthetic,5-30m,original,train,2026-09-27 12:06:14,c838590f27b1d1bedb295ed770ff01dd1d9a816bc8c10a87406a551a259e89b9,low,False
SS-02840,vehicle_horn_0140.wav,audio data/vehicle_horn/vehicle_horn_0140.wav,vehicle_horn,Vehicle Horn,3.0,16000,1,PCM_16,96044,WAV,outdoor/roadside,digital microphone / synthetic,5-30m,original,train,2026-09-27 12:06:14,d9c8539a18d3cf9b7187b6e1025986f3df05ce83f0fc42e7e486ed55283300c6,low,False
SS-02841,vehicle_horn_0141.wav,audio data/vehicle_horn/vehicle_horn_0141.wav,vehicle_horn,Vehicle Horn,3.0,16000,1,PCM_16,96044,WAV,outdoor/roadside,digital microphone / synthetic,5-30m,original,train,2026-09-27 12:06:14,8d10dc2f4682862463ee57eb57b7a66271dbd456d0280693fb99c0f77dfb13e3,low,False
SS-02842,vehicle_horn_0142.wav,audio data/vehicle_horn/vehicle_horn_0142.wav,vehicle_horn,Vehicle Horn,3.0,16000,1,PCM_16,96044,WAV,outdoor/roadside,digital microphone / synthetic,5-30m,original,test,2026-09-27 12:06:14,79fe35618e22327f0148567ddce886a516e5d1cc96c68d4dd0aed07cdd6514d7,low,False
SS-02843,vehicle_horn_0143.wav,audio data/vehicle_horn/vehicle_horn_0143.wav,vehicle_horn,Vehicle Horn,3.0,16000,1,PCM_16,96044,WAV,outdoor/roadside,digital microphone / synthetic,5-30m,original,validation,2026-09-27 12:06:14,b33d5a7c468616d0450f58de482fc6881a2170cecc016ce409709f504a5cebc8,low,False
SS-02844,vehicle_horn_0144.wav,audio data/vehicle_horn/vehicle_horn_0144.wav,vehicle_horn,Vehicle Horn,3.0,16000,1,PCM_16,96044,WAV,outdoor/roadside,digital microphone / synthetic,5-30m,original,validation,2026-09-27 12:06:14,a3ff275d997cba764c6b058563ed59615c5ae7fa50d9f6b50181c5d518abaabd,low,False
SS-02845,vehicle_horn_0145.wav,audio data/vehicle_horn/vehicle_horn_0145.wav,vehicle_horn,Vehicle Horn,3.0,16000,1,PCM_16,96044,WAV,outdoor/roadside,digital microphone / synthetic,5-30m,original,train,2026-09-27 12:06:14,c8218efa8678040686e1e4ff7a388aaa67e0a15089115b74942cee520d080c0d,low,False
SS-02846,vehicle_horn_0146.wav,audio data/vehicle_horn/vehicle_horn_0146.wav,vehicle_horn,Vehicle Horn,3.0,16000,1,PCM_16,96044,WAV,outdoor/roadside,digital microphone / synthetic,5-30m,original,train,2026-09-27 12:06:14,4f3664cd32b3cb643e5adb4c186a6f06ac67c5a3e85c77b01d3bd881d4751b5b,low,False
SS-02847,vehicle_horn_0147.wav,audio data/vehicle_horn/vehicle_horn_0147.wav,vehicle_horn,Vehicle Horn,3.0,16000,1,PCM_16,96044,WAV,outdoor/roadside,digital microphone / synthetic,5-30m,original,train,2026-09-27 12:06:14,a028f37f3d73b2c08f6c8f016c441fffe38c34df9d36bbb4ef5b700658bbec98,low,False
SS-02848,vehicle_horn_0148.wav,audio data/vehicle_horn/vehicle_horn_0148.wav,vehicle_horn,Vehicle Horn,3.0,16000,1,PCM_16,96044,WAV,outdoor/roadside,digital microphone / synthetic,5-30m,original,train,2026-09-27 12:06:14,592077456753c7966d193fc3d88764bd2a4e791b946a902e6a9ce9b0f9763a8f,low,False
SS-02849,vehicle_horn_0149.wav,audio data/vehicle_horn/vehicle_horn_0149.wav,vehicle_horn,Vehicle Horn,3.0,16000,1,PCM_16,96044,WAV,outdoor/roadside,digital microphone / synthetic,5-30m,original,test,2026-09-27 12:06:14,33648af38eea28628d06c5532136a195fe4196eb59983ed6f5248ca7b07d89c3,low,False
SS-02850,vehicle_horn_0150.wav,audio data/vehicle_horn/vehicle_horn_0150.wav,vehicle_horn,Vehicle Horn,3.0,16000,1,PCM_16,96044,WAV,outdoor/roadside,digital microphone / synthetic,5-30m,original,train,2026-09-27 12:06:14,c772b2ec1d74ac4c0802b564c77b750251c9d7e2f010c753bcbf507e11b7f77c,low,False
SS-02851,vehicle_horn_0151.wav,audio data/vehicle_horn/vehicle_horn_0151.wav,vehicle_horn,Vehicle Horn,3.0,16000,1,PCM_16,96044,WAV,outdoor/roadside,digital microphone / synthetic,5-30m,original,train,2026-09-27 12:06:14,ddb64b03118f23832237aa0c906e680a78a64ed6d8de8921388554fbab9017cf,low,False
SS-02852,vehicle_horn_0152.wav,audio data/vehicle_horn/vehicle_horn_0152.wav,vehicle_horn,Vehicle Horn,3.0,16000,1,PCM_16,96044,WAV,outdoor/roadside,digital microphone / synthetic,5-30m,original,validation,2026-09-27 12:06:14,910a147aee2a216ef1d4b0b0dc04afd79ba0b6b225b2d79073347481d04342a1,low,False
SS-02853,vehicle_horn_0153.wav,audio data/vehicle_horn/vehicle_horn_0153.wav,vehicle_horn,Vehicle Horn,3.0,16000,1,PCM_16,96044,WAV,outdoor/roadside,digital microphone / synthetic,5-30m,original,test,2026-09-27 12:06:14,54a3eb0117ea94cc2e6c0c9b2f34149157b1e4ec38b7ddfabd8afe4fd624c85d,low,False
SS-02854,vehicle_horn_0154.wav,audio data/vehicle_horn/vehicle_horn_0154.wav,vehicle_horn,Vehicle Horn,3.0,16000,1,PCM_16,96044,WAV,outdoor/roadside,digital microphone / synthetic,5-30m,original,test,2026-09-27 12:06:14,63eda5c2732aaf6930742a547026273f4c8ad5bc385ad1af8b1b96832c1299bc,low,False
SS-02855,vehicle_horn_0155.wav,audio data/vehicle_horn/vehicle_horn_0155.wav,vehicle_horn,Vehicle Horn,3.0,16000,1,PCM_16,96044,WAV,outdoor/roadside,digital microphone / synthetic,5-30m,original,test,2026-09-27 12:06:14,9f0dc7a2c0c2b227989dbb544cd65506720c347bff021453c0f5db25e0dcad44,low,False
SS-02856,vehicle_horn_0156.wav,audio data/vehicle_horn/vehicle_horn_0156.wav,vehicle_horn,Vehicle Horn,3.0,16000,1,PCM_16,96044,WAV,outdoor/roadside,digital microphone / synthetic,5-30m,original,train,2026-09-27 12:06:14,e5e7c87c72cb36ceb5316e8e80ce1334c1f4c3444cf14604f9b6effbc5cf4d20,low,False
SS-02857,vehicle_horn_0157.wav,audio data/vehicle_horn/vehicle_horn_0157.wav,vehicle_horn,Vehicle Horn,3.0,16000,1,PCM_16,96044,WAV,outdoor/roadside,digital microphone / synthetic,5-30m,original,train,2026-09-27 12:06:14,dff27917f1d5af3fd90844d3ddf89380fb38e14d7195a434bd2b63ceb8195fdc,low,False
SS-02858,vehicle_horn_0158.wav,audio data/vehicle_horn/vehicle_horn_0158.wav,vehicle_horn,Vehicle Horn,3.0,16000,1,PCM_16,96044,WAV,outdoor/roadside,digital microphone / synthetic,5-30m,original,train,2026-09-27 12:06:14,435ca38653a8471e52c77b5585ecff3b93dfe459d08489e0a8af96febfaddf9c,low,False
SS-02859,vehicle_horn_0159.wav,audio data/vehicle_horn/vehicle_horn_0159.wav,vehicle_horn,Vehicle Horn,3.0,16000,1,PCM_16,96044,WAV,outdoor/roadside,digital microphone / synthetic,5-30m,original,train,2026-09-27 12:06:14,f5e73f2a9f36bfa98e3add3c95f878799a80cbae1bad699219f24f55160283bf,low,False
SS-02860,vehicle_horn_0160.wav,audio data/vehicle_horn/vehicle_horn_0160.wav,vehicle_horn,Vehicle Horn,3.0,16000,1,PCM_16,96044,WAV,outdoor/roadside,digital microphone / synthetic,5-30m,original,train,2026-09-27 12:06:14,9aeb2476d97a91d25f44138a14eeb47cb185ccc63582e730128740df1561f5f3,low,False
SS-02861,vehicle_horn_0161.wav,audio data/vehicle_horn/vehicle_horn_0161.wav,vehicle_horn,Vehicle Horn,3.0,16000,1,PCM_16,96044,WAV,outdoor/roadside,digital microphone / synthetic,5-30m,original,validation,2026-09-27 12:06:14,dc0fd8d49e71e28f5818a4efc1111e511274ba428a40c04d329104076892cab6,low,False
SS-02862,vehicle_horn_0162.wav,audio data/vehicle_horn/vehicle_horn_0162.wav,vehicle_horn,Vehicle Horn,3.0,16000,1,PCM_16,96044,WAV,outdoor/roadside,digital microphone / synthetic,5-30m,original,train,2026-09-27 12:06:14,e4d5e70e75ebc2ca2b88ccff0737ff9f591926ed22dbce2d87b0ad6380d078c9,low,False
SS-02863,vehicle_horn_0163.wav,audio data/vehicle_horn/vehicle_horn_0163.wav,vehicle_horn,Vehicle Horn,3.0,16000,1,PCM_16,96044,WAV,outdoor/roadside,digital microphone / synthetic,5-30m,original,train,2026-09-27 12:06:14,0dbd0271f0cfe2f47f7366a8aabfcaa7a1bde548f607ea616c9c886eab9d617d,low,False
SS-02864,vehicle_horn_0164.wav,audio data/vehicle_horn/vehicle_horn_0164.wav,vehicle_horn,Vehicle Horn,3.0,16000,1,PCM_16,96044,WAV,outdoor/roadside,digital microphone / synthetic,5-30m,original,test,2026-09-27 12:06:14,27c67d4811eb36c5c975ba18cafae4b3f08d8d3c2137648d030c46bcb6cbbb92,low,False
SS-02865,vehicle_horn_0165.wav,audio data/vehicle_horn/vehicle_horn_0165.wav,vehicle_horn,Vehicle Horn,3.0,16000,1,PCM_16,96044,WAV,outdoor/roadside,digital microphone / synthetic,5-30m,original,test,2026-09-27 12:06:14,130f0a4da045f757578a534823ea6091003db523b429c7baefea555630cd46a3,low,False
SS-02866,vehicle_horn_0166.wav,audio data/vehicle_horn/vehicle_horn_0166.wav,vehicle_horn,Vehicle Horn,3.0,16000,1,PCM_16,96044,WAV,outdoor/roadside,digital microphone / synthetic,5-30m,original,train,2026-09-27 12:06:14,974d164541a4a4c4dc93b3cae23379f4de6fcaee1dfdeaaf1d1c138be5f13793,low,False
SS-02867,vehicle_horn_0167.wav,audio data/vehicle_horn/vehicle_horn_0167.wav,vehicle_horn,Vehicle Horn,3.0,16000,1,PCM_16,96044,WAV,outdoor/roadside,digital microphone / synthetic,5-30m,original,train,2026-09-27 12:06:14,0c9c3b52fb1f3da161a3653d9748b5bfd5321b572cf2ffff8dac17edb1a4825a,low,False
SS-02868,vehicle_horn_0168.wav,audio data/vehicle_horn/vehicle_horn_0168.wav,vehicle_horn,Vehicle Horn,3.0,16000,1,PCM_16,96044,WAV,outdoor/roadside,digital microphone / synthetic,5-30m,original,train,2026-09-27 12:06:14,504dca75e047fab09c7619a00df399d080a7155dc0e45377bd0d04f96c709f8f,low,False
SS-02869,vehicle_horn_0169.wav,audio data/vehicle_horn/vehicle_horn_0169.wav,vehicle_horn,Vehicle Horn,3.0,16000,1,PCM_16,96044,WAV,outdoor/roadside,digital microphone / synthetic,5-30m,original,train,2026-09-27 12:06:14,2aed78c7f1e32bb9ae0be5f75e3c9de4ad223fe9d7e2153f369b69cf8fc78fe5,low,False
SS-02870,vehicle_horn_0170.wav,audio data/vehicle_horn/vehicle_horn_0170.wav,vehicle_horn,Vehicle Horn,3.0,16000,1,PCM_16,96044,WAV,outdoor/roadside,digital microphone / synthetic,5-30m,original,train,2026-09-27 12:06:14,4fab6214c58d6437caf9ab111040e14c6f8e05cf80777d7a61c08aa959d2e7f2,low,False
SS-02871,vehicle_horn_0171.wav,audio data/vehicle_horn/vehicle_horn_0171.wav,vehicle_horn,Vehicle Horn,3.0,16000,1,PCM_16,96044,WAV,outdoor/roadside,digital microphone / synthetic,5-30m,original,train,2026-09-27 12:06:14,173ee8f4d906f93eac1255b4724010da5aace1cc06f92dce5b1fdb08b4a4406c,low,False
SS-02872,vehicle_horn_0172.wav,audio data/vehicle_horn/vehicle_horn_0172.wav,vehicle_horn,Vehicle Horn,3.0,16000,1,PCM_16,96044,WAV,outdoor/roadside,digital microphone / synthetic,5-30m,original,validation,2026-09-27 12:06:14,e52237c8fa3a36580c378ee19be5a4ee16a0c093c67830427d21bf9ef7ba5236,low,False
SS-02873,vehicle_horn_0173.wav,audio data/vehicle_horn/vehicle_horn_0173.wav,vehicle_horn,Vehicle Horn,3.0,16000,1,PCM_16,96044,WAV,outdoor/roadside,digital microphone / synthetic,5-30m,original,train,2026-09-27 12:06:14,da44b9ecd7ce6332513076df58e7725e8c39c264ede1fdde481309742bbcb428,low,False
SS-02874,vehicle_horn_0174.wav,audio data/vehicle_horn/vehicle_horn_0174.wav,vehicle_horn,Vehicle Horn,3.0,16000,1,PCM_16,96044,WAV,outdoor/roadside,digital microphone / synthetic,5-30m,original,validation,2026-09-27 12:06:14,f467d72b229d5d50f2a2d17d6e4045873bbd5945d7940faf19acc180869feeff,low,False
SS-02875,vehicle_horn_0175.wav,audio data/vehicle_horn/vehicle_horn_0175.wav,vehicle_horn,Vehicle Horn,3.0,16000,1,PCM_16,96044,WAV,outdoor/roadside,digital microphone / synthetic,5-30m,original,train,2026-09-27 12:06:14,ffc6ae997a820f6908f94ccfda4a757fc2669752c1f8e7f7484fca1381900877,low,False
SS-02876,vehicle_horn_0176.wav,audio data/vehicle_horn/vehicle_horn_0176.wav,vehicle_horn,Vehicle Horn,3.0,16000,1,PCM_16,96044,WAV,outdoor/roadside,digital microphone / synthetic,5-30m,original,train,2026-09-27 12:06:14,b6fd88fb447ef3b00bdf9e1f46e700a8285c23a1321c44690a3d83641a857279,low,False
SS-02877,vehicle_horn_0177.wav,audio data/vehicle_horn/vehicle_horn_0177.wav,vehicle_horn,Vehicle Horn,3.0,16000,1,PCM_16,96044,WAV,outdoor/roadside,digital microphone / synthetic,5-30m,original,train,2026-09-27 12:06:14,c3861ef37f22ebfbb9fb64bebf3ea6cc638b67e0356382291f340e02a3864c1b,low,False
SS-02878,vehicle_horn_0178.wav,audio data/vehicle_horn/vehicle_horn_0178.wav,vehicle_horn,Vehicle Horn,3.0,16000,1,PCM_16,96044,WAV,outdoor/roadside,digital microphone / synthetic,5-30m,original,test,2026-09-27 12:06:14,cc561606312094597d76c4528a4794f0e103b8214946dbe101ae2c582b1756af,low,False
SS-02879,vehicle_horn_0179.wav,audio data/vehicle_horn/vehicle_horn_0179.wav,vehicle_horn,Vehicle Horn,3.0,16000,1,PCM_16,96044,WAV,outdoor/roadside,digital microphone / synthetic,5-30m,original,validation,2026-09-27 12:06:14,661d2f6c95d1a26d0c311640c7ce5058c8f642e04f174c31f05378fb05ac7ea7,low,False
SS-02880,vehicle_horn_0180.wav,audio data/vehicle_horn/vehicle_horn_0180.wav,vehicle_horn,Vehicle Horn,3.0,16000,1,PCM_16,96044,WAV,outdoor/roadside,digital microphone / synthetic,5-30m,original,train,2026-09-27 12:06:14,593663df48d471f3075d36d18d7434bb881a5aab8be4b58fa2ebb79f8fd34f73,low,False
SS-02881,vehicle_horn_0181.wav,audio data/vehicle_horn/vehicle_horn_0181.wav,vehicle_horn,Vehicle Horn,3.0,16000,1,PCM_16,96044,WAV,outdoor/roadside,digital microphone / synthetic,5-30m,original,train,2026-09-27 12:06:14,345f670635d0b175e0804ec6d863ac4852273d7cc5ef0c58c0c946ff35b87426,low,False
SS-02882,vehicle_horn_0182.wav,audio data/vehicle_horn/vehicle_horn_0182.wav,vehicle_horn,Vehicle Horn,3.0,16000,1,PCM_16,96044,WAV,outdoor/roadside,digital microphone / synthetic,5-30m,original,validation,2026-09-27 12:06:14,c374dbca251d0d1d7a82c575d329cc625fe59d8175387404db57494a94620fb1,low,False
SS-02883,vehicle_horn_0183.wav,audio data/vehicle_horn/vehicle_horn_0183.wav,vehicle_horn,Vehicle Horn,3.0,16000,1,PCM_16,96044,WAV,outdoor/roadside,digital microphone / synthetic,5-30m,original,train,2026-09-27 12:06:14,3b44f0beb1b5a1311ae873ecabfc9d3f85cdb0c54e968ba5b0b52ed6bca53e2b,low,False
SS-02884,vehicle_horn_0184.wav,audio data/vehicle_horn/vehicle_horn_0184.wav,vehicle_horn,Vehicle Horn,3.0,16000,1,PCM_16,96044,WAV,outdoor/roadside,digital microphone / synthetic,5-30m,original,train,2026-09-27 12:06:14,b9afe8476ca00ba412b52fde514f4b0b67659f8bd83a0271218df2e798ef8025,low,False
SS-02885,vehicle_horn_0185.wav,audio data/vehicle_horn/vehicle_horn_0185.wav,vehicle_horn,Vehicle Horn,3.0,16000,1,PCM_16,96044,WAV,outdoor/roadside,digital microphone / synthetic,5-30m,original,train,2026-09-27 12:06:14,f45def2c15695b3a1879cb6b54bf359dd49ced77b9bc7d2d5d2adf6bb6031642,low,False
SS-02886,vehicle_horn_0186.wav,audio data/vehicle_horn/vehicle_horn_0186.wav,vehicle_horn,Vehicle Horn,3.0,16000,1,PCM_16,96044,WAV,outdoor/roadside,digital microphone / synthetic,5-30m,original,train,2026-09-27 12:06:14,d7787b2b808c10300ee1889837619e81ddcabcb037156f4dcf3f118135466252,low,False
SS-02887,vehicle_horn_0187.wav,audio data/vehicle_horn/vehicle_horn_0187.wav,vehicle_horn,Vehicle Horn,3.0,16000,1,PCM_16,96044,WAV,outdoor/roadside,digital microphone / synthetic,5-30m,original,train,2026-09-27 12:06:14,9f83fc05b21b361ac39a1a980e8a2fc6c5d74e125d70293551514d3bdc5f2b78,low,False
SS-02888,vehicle_horn_0188.wav,audio data/vehicle_horn/vehicle_horn_0188.wav,vehicle_horn,Vehicle Horn,3.0,16000,1,PCM_16,96044,WAV,outdoor/roadside,digital microphone / synthetic,5-30m,original,train,2026-09-27 12:06:14,4924b684588601ad9f557feb9633a88ebc7a9f1e6e929a2dbabed44192714a5b,low,False
SS-02889,vehicle_horn_0189.wav,audio data/vehicle_horn/vehicle_horn_0189.wav,vehicle_horn,Vehicle Horn,3.0,16000,1,PCM_16,96044,WAV,outdoor/roadside,digital microphone / synthetic,5-30m,original,validation,2026-09-27 12:06:14,582e352323c463e7c58dd5c38d7a81fc49d16c0db192d9ec22783adfb0ef4f92,low,False
SS-02890,vehicle_horn_0190.wav,audio data/vehicle_horn/vehicle_horn_0190.wav,vehicle_horn,Vehicle Horn,3.0,16000,1,PCM_16,96044,WAV,outdoor/roadside,digital microphone / synthetic,5-30m,original,train,2026-09-27 12:06:14,9cd2f1b0f7ad86e4bb58f77e70ea8ca46a1a6579f9dc4dfad8fbbe9e2c3a18e7,low,False
SS-02891,vehicle_horn_0191.wav,audio data/vehicle_horn/vehicle_horn_0191.wav,vehicle_horn,Vehicle Horn,3.0,16000,1,PCM_16,96044,WAV,outdoor/roadside,digital microphone / synthetic,5-30m,original,train,2026-09-27 12:06:14,ad761c38baf8b4a44d583998206c5ed20f5e9da449c9c56b5d43cf1c7edaf600,low,False
SS-02892,vehicle_horn_0192.wav,audio data/vehicle_horn/vehicle_horn_0192.wav,vehicle_horn,Vehicle Horn,3.0,16000,1,PCM_16,96044,WAV,outdoor/roadside,digital microphone / synthetic,5-30m,original,train,2026-09-27 12:06:14,e1ccf1141a3a9879b5bacceec236157aa3913d616bcab609676aceff521a6553,low,False
SS-02893,vehicle_horn_0193.wav,audio data/vehicle_horn/vehicle_horn_0193.wav,vehicle_horn,Vehicle Horn,3.0,16000,1,PCM_16,96044,WAV,outdoor/roadside,digital microphone / synthetic,5-30m,original,train,2026-09-27 12:06:14,a5d22002c56eb19b918e4eeca74f3b479486cc0a68d7d2994d010a2cb2426742,low,False
SS-02894,vehicle_horn_0194.wav,audio data/vehicle_horn/vehicle_horn_0194.wav,vehicle_horn,Vehicle Horn,3.0,16000,1,PCM_16,96044,WAV,outdoor/roadside,digital microphone / synthetic,5-30m,original,validation,2026-09-27 12:06:14,4e4424dd72d27199b2575c3611d313d6663d517ca490863fe11b20697bcdb2bf,low,False
SS-02895,vehicle_horn_0195.wav,audio data/vehicle_horn/vehicle_horn_0195.wav,vehicle_horn,Vehicle Horn,3.0,16000,1,PCM_16,96044,WAV,outdoor/roadside,digital microphone / synthetic,5-30m,original,test,2026-09-27 12:06:14,2fad66f939b51ad495784270323056f12200802844f7ecb5999834b75b0811f8,low,False
SS-02896,vehicle_horn_0196.wav,audio data/vehicle_horn/vehicle_horn_0196.wav,vehicle_horn,Vehicle Horn,3.0,16000,1,PCM_16,96044,WAV,outdoor/roadside,digital microphone / synthetic,5-30m,original,train,2026-09-27 12:06:14,012f3a19b58530a750b3c8d862c70c28a4f81980f194fefdfadbebfa59f4bf82,low,False
SS-02897,vehicle_horn_0197.wav,audio data/vehicle_horn/vehicle_horn_0197.wav,vehicle_horn,Vehicle Horn,3.0,16000,1,PCM_16,96044,WAV,outdoor/roadside,digital microphone / synthetic,5-30m,original,train,2026-09-27 12:06:14,203b2dc704270eee1d1711e952b7733b5eccff9ebb3a47bc1d31f4d1fd463fd9,low,False
SS-02898,vehicle_horn_0198.wav,audio data/vehicle_horn/vehicle_horn_0198.wav,vehicle_horn,Vehicle Horn,3.0,16000,1,PCM_16,96044,WAV,outdoor/roadside,digital microphone / synthetic,5-30m,original,train,2026-09-27 12:06:14,2d1f3e2ce88b68b0f80fe0fc5f027ecc75d8681b7f1f51a0780be6103c1b8fe2,low,False
SS-02899,vehicle_horn_0199.wav,audio data/vehicle_horn/vehicle_horn_0199.wav,vehicle_horn,Vehicle Horn,3.0,16000,1,PCM_16,96044,WAV,outdoor/roadside,digital microphone / synthetic,5-30m,original,train,2026-09-27 12:06:14,465224bf5d02c341b8f9a51cd5bc28ff28ff99bd17529fbb3b5b680e8aac3baa,low,False
SS-02900,vehicle_horn_0200.wav,audio data/vehicle_horn/vehicle_horn_0200.wav,vehicle_horn,Vehicle Horn,3.0,16000,1,PCM_16,96044,WAV,outdoor/roadside,digital microphone / synthetic,5-30m,original,train,2026-09-27 12:06:14,55fbf47a500f0e4915ab9b81f13eaab27f76842ee9d147324657664c1eca2e9a,low,False
SS-02901,vehicle_horn_0201.wav,audio data/vehicle_horn/vehicle_horn_0201.wav,vehicle_horn,Vehicle Horn,3.0,16000,1,PCM_16,96044,WAV,outdoor/roadside,digital microphone / synthetic,5-30m,original,train,2026-09-27 12:06:14,fef94c174035b1592d45df7e2d990d79491018d448b037d821109ace2dcf39b1,low,False
SS-02902,vehicle_horn_0202.wav,audio data/vehicle_horn/vehicle_horn_0202.wav,vehicle_horn,Vehicle Horn,3.0,16000,1,PCM_16,96044,WAV,outdoor/roadside,digital microphone / synthetic,5-30m,original,validation,2026-09-27 12:06:14,14c204af9cfd16f788685cc3ff0e0e835d8860cb10a68bd9b5ed8737ea86696a,low,False
SS-02903,vehicle_horn_0203.wav,audio data/vehicle_horn/vehicle_horn_0203.wav,vehicle_horn,Vehicle Horn,3.0,16000,1,PCM_16,96044,WAV,outdoor/roadside,digital microphone / synthetic,5-30m,original,train,2026-09-27 12:06:14,d4676d93d97b85008046e0d2052316f9a36c588f1900de04ff41209b69029d9e,low,False
SS-02904,vehicle_horn_0204.wav,audio data/vehicle_horn/vehicle_horn_0204.wav,vehicle_horn,Vehicle Horn,3.0,16000,1,PCM_16,96044,WAV,outdoor/roadside,digital microphone / synthetic,5-30m,original,train,2026-09-27 12:06:14,8ab9d72be21c728bb99a1dc95451a4c129d6fb02a0db766e313233fe62bb0e3a,low,False
SS-02905,vehicle_horn_0205.wav,audio data/vehicle_horn/vehicle_horn_0205.wav,vehicle_horn,Vehicle Horn,3.0,16000,1,PCM_16,96044,WAV,outdoor/roadside,digital microphone / synthetic,5-30m,original,train,2026-09-27 12:06:14,c6996b069e0547e3bc09ffcdd103225d8f1a307b1ed7e8bfbaffa68c525246d1,low,False
SS-02906,vehicle_horn_0206.wav,audio data/vehicle_horn/vehicle_horn_0206.wav,vehicle_horn,Vehicle Horn,3.0,16000,1,PCM_16,96044,WAV,outdoor/roadside,digital microphone / synthetic,5-30m,original,test,2026-09-27 12:06:14,213ed49948a70683408ca003cab1cafbf5b00eaf0486f98fe642832ea2d4a68c,low,False
SS-02907,vehicle_horn_0207.wav,audio data/vehicle_horn/vehicle_horn_0207.wav,vehicle_horn,Vehicle Horn,3.0,16000,1,PCM_16,96044,WAV,outdoor/roadside,digital microphone / synthetic,5-30m,original,validation,2026-09-27 12:06:14,9bcea7b74db0582ac01aea0588f28120bc1fb0ccc44872dbd148891a4103d1f6,low,False
SS-02908,vehicle_horn_0208.wav,audio data/vehicle_horn/vehicle_horn_0208.wav,vehicle_horn,Vehicle Horn,3.0,16000,1,PCM_16,96044,WAV,outdoor/roadside,digital microphone / synthetic,5-30m,original,train,2026-09-27 12:06:14,7d55dc9bea0ff5e884b80c1d9ceac1bbb721de596ceebc5af60b5a69c54c0dfa,low,False
SS-02909,vehicle_horn_0209.wav,audio data/vehicle_horn/vehicle_horn_0209.wav,vehicle_horn,Vehicle Horn,3.0,16000,1,PCM_16,96044,WAV,outdoor/roadside,digital microphone / synthetic,5-30m,original,train,2026-09-27 12:06:14,3f56feb572d92210b2a37e2f7203b6471531405a3865ba8ccf96ae65f6edc225,low,False
SS-02910,vehicle_horn_0210.wav,audio data/vehicle_horn/vehicle_horn_0210.wav,vehicle_horn,Vehicle Horn,3.0,16000,1,PCM_16,96044,WAV,outdoor/roadside,digital microphone / synthetic,5-30m,original,train,2026-09-27 12:06:14,8ac891e05e6883a4112251ed62e78cd11f95f89faeae2ddf77e747cbfd1e7a84,low,False
SS-02911,vehicle_horn_0211.wav,audio data/vehicle_horn/vehicle_horn_0211.wav,vehicle_horn,Vehicle Horn,3.0,16000,1,PCM_16,96044,WAV,outdoor/roadside,digital microphone / synthetic,5-30m,original,train,2026-09-27 12:06:14,4b7a26011e4fdfd5061a7155874dd4f847d2f830b01386e5df14d416ab3e1d34,low,False
SS-02912,vehicle_horn_0212.wav,audio data/vehicle_horn/vehicle_horn_0212.wav,vehicle_horn,Vehicle Horn,3.0,16000,1,PCM_16,96044,WAV,outdoor/roadside,digital microphone / synthetic,5-30m,original,test,2026-09-27 12:06:14,32586471540adac482c5c901d06d60579e6c67311097efa5a364883e59dbf823,low,False
SS-02913,vehicle_horn_0213.wav,audio data/vehicle_horn/vehicle_horn_0213.wav,vehicle_horn,Vehicle Horn,3.0,16000,1,PCM_16,96044,WAV,outdoor/roadside,digital microphone / synthetic,5-30m,original,train,2026-09-27 12:06:14,ff6fbdcba8a3daf0d5cd6e5ada2f2a332c238a71b5bbd64585ebcaf53a8725c2,low,False
SS-02914,vehicle_horn_0214.wav,audio data/vehicle_horn/vehicle_horn_0214.wav,vehicle_horn,Vehicle Horn,3.0,16000,1,PCM_16,96044,WAV,outdoor/roadside,digital microphone / synthetic,5-30m,original,train,2026-09-27 12:06:14,b551b5565e8d72181aaf482977643884ae558771b7a1b7c1618d7a58bc02619b,low,False
SS-02915,vehicle_horn_0215.wav,audio data/vehicle_horn/vehicle_horn_0215.wav,vehicle_horn,Vehicle Horn,3.0,16000,1,PCM_16,96044,WAV,outdoor/roadside,digital microphone / synthetic,5-30m,original,test,2026-09-27 12:06:14,4d97f3ebb3bd53270302809f634b24e51c6c90dd0f4a9b1857403fb1939aa075,low,False
SS-02916,vehicle_horn_0216.wav,audio data/vehicle_horn/vehicle_horn_0216.wav,vehicle_horn,Vehicle Horn,3.0,16000,1,PCM_16,96044,WAV,outdoor/roadside,digital microphone / synthetic,5-30m,original,train,2026-09-27 12:06:14,b86181e8312c9f7959d3f615df8f8559132b623e7b33d3e1c30400d2755558a1,low,False
SS-02917,vehicle_horn_0217.wav,audio data/vehicle_horn/vehicle_horn_0217.wav,vehicle_horn,Vehicle Horn,3.0,16000,1,PCM_16,96044,WAV,outdoor/roadside,digital microphone / synthetic,5-30m,original,train,2026-09-27 12:06:14,3acaea2257a19cc3fd4552ad30f7f521b815363d1a2e044684fb1016688f61e6,low,False
SS-02918,vehicle_horn_0218.wav,audio data/vehicle_horn/vehicle_horn_0218.wav,vehicle_horn,Vehicle Horn,3.0,16000,1,PCM_16,96044,WAV,outdoor/roadside,digital microphone / synthetic,5-30m,original,test,2026-09-27 12:06:14,78e2d5b85bd720fdba60e1d59a3d6ac8a252f37ec5e77b213a8ebd237431f450,low,False
SS-02919,vehicle_horn_0219.wav,audio data/vehicle_horn/vehicle_horn_0219.wav,vehicle_horn,Vehicle Horn,3.0,16000,1,PCM_16,96044,WAV,outdoor/roadside,digital microphone / synthetic,5-30m,original,train,2026-09-27 12:06:14,7c7978771db81d3e7f0b1d15a0317159d0e5d444edbd99e9025f810eb2f2f0c4,low,False
SS-02920,vehicle_horn_0220.wav,audio data/vehicle_horn/vehicle_horn_0220.wav,vehicle_horn,Vehicle Horn,3.0,16000,1,PCM_16,96044,WAV,outdoor/roadside,digital microphone / synthetic,5-30m,original,train,2026-09-27 12:06:14,3d35a1043a34e36aeb775bacd34b90ba10c4547b979f5072b2c5de8e2f78a469,low,False
SS-02921,vehicle_horn_0221.wav,audio data/vehicle_horn/vehicle_horn_0221.wav,vehicle_horn,Vehicle Horn,3.0,16000,1,PCM_16,96044,WAV,outdoor/roadside,digital microphone / synthetic,5-30m,original,train,2026-09-27 12:06:14,99a958e3c25a128f62d19ec123a4051c7024b32c6b75cd3cffd54a09ec8b8fe0,low,False
SS-02922,vehicle_horn_0222.wav,audio data/vehicle_horn/vehicle_horn_0222.wav,vehicle_horn,Vehicle Horn,3.0,16000,1,PCM_16,96044,WAV,outdoor/roadside,digital microphone / synthetic,5-30m,original,train,2026-09-27 12:06:14,a4e7fff17d1c5101a7a23468cd69063e71fd1d8a8f40d3acfba8d7ed80bddb8e,low,False
SS-02923,vehicle_horn_0223.wav,audio data/vehicle_horn/vehicle_horn_0223.wav,vehicle_horn,Vehicle Horn,3.0,16000,1,PCM_16,96044,WAV,outdoor/roadside,digital microphone / synthetic,5-30m,original,train,2026-09-27 12:06:14,96b90a1aba747aef74db3f731a72ae9405cb996f02ac6c185438a8de8fc6f9a7,low,False
SS-02924,vehicle_horn_0224.wav,audio data/vehicle_horn/vehicle_horn_0224.wav,vehicle_horn,Vehicle Horn,3.0,16000,1,PCM_16,96044,WAV,outdoor/roadside,digital microphone / synthetic,5-30m,original,train,2026-09-27 12:06:14,64baf96599c0cb84ca68bee28bfdf12c582c8151a40c741a94a041574346a4fe,low,False
SS-02925,vehicle_horn_0225.wav,audio data/vehicle_horn/vehicle_horn_0225.wav,vehicle_horn,Vehicle Horn,3.0,16000,1,PCM_16,96044,WAV,outdoor/roadside,digital microphone / synthetic,5-30m,original,test,2026-09-27 12:06:14,418971e75a65adc07ec689f4674ba2d94fa9a756f09d77cae75c1d52e962b003,low,False
SS-02926,vehicle_horn_0226.wav,audio data/vehicle_horn/vehicle_horn_0226.wav,vehicle_horn,Vehicle Horn,3.0,16000,1,PCM_16,96044,WAV,outdoor/roadside,digital microphone / synthetic,5-30m,original,validation,2026-09-27 12:06:14,3f00eb3cf4cdaf0433fbfe49a72177967f5280da3302aa426fe53798d363d347,low,False
SS-02927,vehicle_horn_0227.wav,audio data/vehicle_horn/vehicle_horn_0227.wav,vehicle_horn,Vehicle Horn,3.0,16000,1,PCM_16,96044,WAV,outdoor/roadside,digital microphone / synthetic,5-30m,original,train,2026-09-27 12:06:14,be1266461f969c8705aae21b0017166659f587ba078191b0cdcfdf4c98c54bb1,low,False
SS-02928,vehicle_horn_0228.wav,audio data/vehicle_horn/vehicle_horn_0228.wav,vehicle_horn,Vehicle Horn,3.0,16000,1,PCM_16,96044,WAV,outdoor/roadside,digital microphone / synthetic,5-30m,original,train,2026-09-27 12:06:14,1f9c4e5c61adce10014ec0649bcfd208fae291d7812a5f93f14f04e6099e3e6e,low,False
SS-02929,vehicle_horn_0229.wav,audio data/vehicle_horn/vehicle_horn_0229.wav,vehicle_horn,Vehicle Horn,3.0,16000,1,PCM_16,96044,WAV,outdoor/roadside,digital microphone / synthetic,5-30m,original,test,2026-09-27 12:06:14,1cf1d48feb385b1d7b553152f0ea873e37f403f355461829758ff91b26eb2240,low,False
SS-02930,vehicle_horn_0230.wav,audio data/vehicle_horn/vehicle_horn_0230.wav,vehicle_horn,Vehicle Horn,3.0,16000,1,PCM_16,96044,WAV,outdoor/roadside,digital microphone / synthetic,5-30m,original,train,2026-09-27 12:06:14,3a869f485fb7792d3321a92b55301fb6bf19cdc24d9ba323de206f75686e4ab5,low,False
SS-02931,vehicle_horn_0231.wav,audio data/vehicle_horn/vehicle_horn_0231.wav,vehicle_horn,Vehicle Horn,3.0,16000,1,PCM_16,96044,WAV,outdoor/roadside,digital microphone / synthetic,5-30m,original,train,2026-09-27 12:06:14,f31271c9c28c315d104080be9e4ec68737100842672bdc672355abdea5cda9aa,low,False
SS-02932,vehicle_horn_0232.wav,audio data/vehicle_horn/vehicle_horn_0232.wav,vehicle_horn,Vehicle Horn,3.0,16000,1,PCM_16,96044,WAV,outdoor/roadside,digital microphone / synthetic,5-30m,original,validation,2026-09-27 12:06:14,36c31816f22c97ed7d8703ed1bbadf9de10ae58b35c9ca05fd40eca05f78701c,low,False
SS-02933,vehicle_horn_0233.wav,audio data/vehicle_horn/vehicle_horn_0233.wav,vehicle_horn,Vehicle Horn,3.0,16000,1,PCM_16,96044,WAV,outdoor/roadside,digital microphone / synthetic,5-30m,original,train,2026-09-27 12:06:14,397e577db8078c99eab670767b31c7be33471aa7d5ba7daeb9482d17f49f7341,low,False
SS-02934,vehicle_horn_0234.wav,audio data/vehicle_horn/vehicle_horn_0234.wav,vehicle_horn,Vehicle Horn,3.0,16000,1,PCM_16,96044,WAV,outdoor/roadside,digital microphone / synthetic,5-30m,original,validation,2026-09-27 12:06:14,62a018dc34144ff247f367dd95d94b7d8a16a7d2f8c1c02c18ab41cc94eb0299,low,False
SS-02935,vehicle_horn_0235.wav,audio data/vehicle_horn/vehicle_horn_0235.wav,vehicle_horn,Vehicle Horn,3.0,16000,1,PCM_16,96044,WAV,outdoor/roadside,digital microphone / synthetic,5-30m,original,train,2026-09-27 12:06:14,0f9a2e7ff0da613fb537ce4c1fdb94078e96fd6754a802172c9b6b99e78331d1,low,False
SS-02936,vehicle_horn_0236.wav,audio data/vehicle_horn/vehicle_horn_0236.wav,vehicle_horn,Vehicle Horn,3.0,16000,1,PCM_16,96044,WAV,outdoor/roadside,digital microphone / synthetic,5-30m,original,test,2026-09-27 12:06:14,d528670d5b7274814d0363994e8d65ea3566972ab324f98cd285d0f683972598,low,False
SS-02937,vehicle_horn_0237.wav,audio data/vehicle_horn/vehicle_horn_0237.wav,vehicle_horn,Vehicle Horn,3.0,16000,1,PCM_16,96044,WAV,outdoor/roadside,digital microphone / synthetic,5-30m,original,train,2026-09-27 12:06:14,9db210c6f2f0f5d41151e9c97aa9d59adb3662041b9d3f4c876e9e6db614892d,low,False
SS-02938,vehicle_horn_0238.wav,audio data/vehicle_horn/vehicle_horn_0238.wav,vehicle_horn,Vehicle Horn,3.0,16000,1,PCM_16,96044,WAV,outdoor/roadside,digital microphone / synthetic,5-30m,original,test,2026-09-27 12:06:14,f4202871a61b129b2dbfe0f905a95b05511c149eea4596ab329c227a4f1af19c,low,False
SS-02939,vehicle_horn_0239.wav,audio data/vehicle_horn/vehicle_horn_0239.wav,vehicle_horn,Vehicle Horn,3.0,16000,1,PCM_16,96044,WAV,outdoor/roadside,digital microphone / synthetic,5-30m,original,train,2026-09-27 12:06:14,049aacf916c3a1081aeeb67883d2823fbb013a73ea2b9a668117809eb7ef4b3e,low,False
SS-02940,vehicle_horn_0240.wav,audio data/vehicle_horn/vehicle_horn_0240.wav,vehicle_horn,Vehicle Horn,3.0,16000,1,PCM_16,96044,WAV,outdoor/roadside,digital microphone / synthetic,5-30m,original,train,2026-09-27 12:06:14,615f0ac49434ed352cc49eb9861c0f5f6ca71bc32e6072c2ea02ef463ce8a5f6,low,False
SS-02941,vehicle_horn_0241.wav,audio data/vehicle_horn/vehicle_horn_0241.wav,vehicle_horn,Vehicle Horn,3.0,16000,1,PCM_16,96044,WAV,outdoor/roadside,digital microphone / synthetic,5-30m,original,train,2026-09-27 12:06:14,db60d3c0f1944bea4c1cef6b557858f4f99f14208d775ac5e950db64c293e03b,low,False
SS-02942,vehicle_horn_0242.wav,audio data/vehicle_horn/vehicle_horn_0242.wav,vehicle_horn,Vehicle Horn,3.0,16000,1,PCM_16,96044,WAV,outdoor/roadside,digital microphone / synthetic,5-30m,original,train,2026-09-27 12:06:14,e9528df3948e45aff41960ed620c286e1ce78e590c65e72f9596164f012885d7,low,False
SS-02943,vehicle_horn_0243.wav,audio data/vehicle_horn/vehicle_horn_0243.wav,vehicle_horn,Vehicle Horn,3.0,16000,1,PCM_16,96044,WAV,outdoor/roadside,digital microphone / synthetic,5-30m,original,validation,2026-09-27 12:06:14,e02cb7a6caec2d902d452914a0324b2c12c4ec370f76f3a1096fc8f3335f7f6e,low,False
SS-02944,vehicle_horn_0244.wav,audio data/vehicle_horn/vehicle_horn_0244.wav,vehicle_horn,Vehicle Horn,3.0,16000,1,PCM_16,96044,WAV,outdoor/roadside,digital microphone / synthetic,5-30m,original,train,2026-09-27 12:06:14,8cc71e931a12e22ef2aa8802713f712713d11b78353cf34a5beb7226640d283f,low,False
SS-02945,vehicle_horn_0245.wav,audio data/vehicle_horn/vehicle_horn_0245.wav,vehicle_horn,Vehicle Horn,3.0,16000,1,PCM_16,96044,WAV,outdoor/roadside,digital microphone / synthetic,5-30m,original,train,2026-09-27 12:06:14,c69976475e33c591141238ee6f3986921e22fbce559cce8cca88ab49bdc6432f,low,False
SS-02946,vehicle_horn_0246.wav,audio data/vehicle_horn/vehicle_horn_0246.wav,vehicle_horn,Vehicle Horn,3.0,16000,1,PCM_16,96044,WAV,outdoor/roadside,digital microphone / synthetic,5-30m,original,train,2026-09-27 12:06:14,b2af9ea7272d92bfa1d3921970200837e4d0534f3b826daa59a714e1cab642ab,low,False
SS-02947,vehicle_horn_0247.wav,audio data/vehicle_horn/vehicle_horn_0247.wav,vehicle_horn,Vehicle Horn,3.0,16000,1,PCM_16,96044,WAV,outdoor/roadside,digital microphone / synthetic,5-30m,original,train,2026-09-27 12:06:14,48f74ebf8bba0030468253eead4de290a48487dea4549ad10ef7766ca602221b,low,False
SS-02948,vehicle_horn_0248.wav,audio data/vehicle_horn/vehicle_horn_0248.wav,vehicle_horn,Vehicle Horn,3.0,16000,1,PCM_16,96044,WAV,outdoor/roadside,digital microphone / synthetic,5-30m,original,train,2026-09-27 12:06:14,88d0fa2a3b39d8c8e0f261e7fb13d5095ce86d5104a36945c9e2dc3eca194a4f,low,False
SS-02949,vehicle_horn_0249.wav,audio data/vehicle_horn/vehicle_horn_0249.wav,vehicle_horn,Vehicle Horn,3.0,16000,1,PCM_16,96044,WAV,outdoor/roadside,digital microphone / synthetic,5-30m,original,train,2026-09-27 12:06:14,e183e9e2f98fa7e38b7ba506feda74c336c23565a009b012d96be6e5f41cf1db,low,False
SS-02950,vehicle_horn_0250.wav,audio data/vehicle_horn/vehicle_horn_0250.wav,vehicle_horn,Vehicle Horn,3.0,16000,1,PCM_16,96044,WAV,outdoor/roadside,digital microphone / synthetic,5-30m,original,train,2026-09-27 12:06:14,e63f0c1360b9f1c2d6ebe11a38969b9511e459db18705d0b244626947555d474,low,False
SS-02951,vehicle_horn_0251.wav,audio data/vehicle_horn/vehicle_horn_0251.wav,vehicle_horn,Vehicle Horn,3.0,16000,1,PCM_16,96044,WAV,outdoor/roadside,digital microphone / synthetic,5-30m,original,train,2026-09-27 12:06:14,18c8807dcc11752a36f6a084572bb50467e87aed24fb933a2ea8c47ad3509283,low,False
SS-02952,vehicle_horn_0252.wav,audio data/vehicle_horn/vehicle_horn_0252.wav,vehicle_horn,Vehicle Horn,3.0,16000,1,PCM_16,96044,WAV,outdoor/roadside,digital microphone / synthetic,5-30m,original,validation,2026-09-27 12:06:14,20eedc226f9c221decd910ee7659470d766a4025736b44a660d299e27775cf43,low,False
SS-02953,vehicle_horn_0253.wav,audio data/vehicle_horn/vehicle_horn_0253.wav,vehicle_horn,Vehicle Horn,3.0,16000,1,PCM_16,96044,WAV,outdoor/roadside,digital microphone / synthetic,5-30m,original,validation,2026-09-27 12:06:14,07006327af27ead0c664db30bf4d7dbad2271266aa18f1d12459a330540d6afb,low,False
SS-02954,vehicle_horn_0254.wav,audio data/vehicle_horn/vehicle_horn_0254.wav,vehicle_horn,Vehicle Horn,3.0,16000,1,PCM_16,96044,WAV,outdoor/roadside,digital microphone / synthetic,5-30m,original,train,2026-09-27 12:06:14,450396cc727cc3e736226ab2d0bba2fef76477e00f03eff8ae6552d5c7ed9bb2,low,False
SS-02955,vehicle_horn_0255.wav,audio data/vehicle_horn/vehicle_horn_0255.wav,vehicle_horn,Vehicle Horn,3.0,16000,1,PCM_16,96044,WAV,outdoor/roadside,digital microphone / synthetic,5-30m,original,train,2026-09-27 12:06:14,c7b4f6a787673d8e10e85aa791701594d54e41cd58c846fe23022f2bc963dd5f,low,False
SS-02956,vehicle_horn_0256.wav,audio data/vehicle_horn/vehicle_horn_0256.wav,vehicle_horn,Vehicle Horn,3.0,16000,1,PCM_16,96044,WAV,outdoor/roadside,digital microphone / synthetic,5-30m,original,train,2026-09-27 12:06:14,47cd8b3a4df29137dfd02cad879d7bb119c06a9d194fa881aeef7dfd129b75dd,low,False
SS-02957,vehicle_horn_0257.wav,audio data/vehicle_horn/vehicle_horn_0257.wav,vehicle_horn,Vehicle Horn,3.0,16000,1,PCM_16,96044,WAV,outdoor/roadside,digital microphone / synthetic,5-30m,original,train,2026-09-27 12:06:14,90c7fa1f3dd6b1d50e124a061199a1a84a2eac36a507599b122382f69abe8df1,low,False
SS-02958,vehicle_horn_0258.wav,audio data/vehicle_horn/vehicle_horn_0258.wav,vehicle_horn,Vehicle Horn,3.0,16000,1,PCM_16,96044,WAV,outdoor/roadside,digital microphone / synthetic,5-30m,original,test,2026-09-27 12:06:14,0b05eb24268cda66e8a815501420d3cc6a62813b30309f3c821f049b44209124,low,False
SS-02959,vehicle_horn_0259.wav,audio data/vehicle_horn/vehicle_horn_0259.wav,vehicle_horn,Vehicle Horn,3.0,16000,1,PCM_16,96044,WAV,outdoor/roadside,digital microphone / synthetic,5-30m,original,train,2026-09-27 12:06:14,17eb115cb4262368f51fb3848a445cb0b98cffb3f8fc800fda8f06651d8dc3d3,low,False
SS-02960,vehicle_horn_0260.wav,audio data/vehicle_horn/vehicle_horn_0260.wav,vehicle_horn,Vehicle Horn,3.0,16000,1,PCM_16,96044,WAV,outdoor/roadside,digital microphone / synthetic,5-30m,original,train,2026-09-27 12:06:14,38e30f3874125ddbd56d1ef5098af9ae465a3cd5da46959b30ea66e0fd6b3156,low,False
SS-02961,vehicle_horn_0261.wav,audio data/vehicle_horn/vehicle_horn_0261.wav,vehicle_horn,Vehicle Horn,3.0,16000,1,PCM_16,96044,WAV,outdoor/roadside,digital microphone / synthetic,5-30m,original,validation,2026-09-27 12:06:14,1f5fea26c18200e016c0bd46424086c7666697a16e16f942c4fc4b0338d12790,low,False
SS-02962,vehicle_horn_0262.wav,audio data/vehicle_horn/vehicle_horn_0262.wav,vehicle_horn,Vehicle Horn,3.0,16000,1,PCM_16,96044,WAV,outdoor/roadside,digital microphone / synthetic,5-30m,original,validation,2026-09-27 12:06:14,aa2f4fb8dce4a82bc309e0e0cce8825f8d5d6dab210adfc3c296021b49171cbe,low,False
SS-02963,vehicle_horn_0263.wav,audio data/vehicle_horn/vehicle_horn_0263.wav,vehicle_horn,Vehicle Horn,3.0,16000,1,PCM_16,96044,WAV,outdoor/roadside,digital microphone / synthetic,5-30m,original,train,2026-09-27 12:06:14,66cdab1f2f70434670b778fcdb30a09c5dd4c8612a4b03639346dbeaf8bbc31b,low,False
SS-02964,vehicle_horn_0264.wav,audio data/vehicle_horn/vehicle_horn_0264.wav,vehicle_horn,Vehicle Horn,3.0,16000,1,PCM_16,96044,WAV,outdoor/roadside,digital microphone / synthetic,5-30m,original,train,2026-09-27 12:06:14,c964fec9f8e30144a71414156e34378329c1955287b5ed65f7a2df0c4d44912b,low,False
SS-02965,vehicle_horn_0265.wav,audio data/vehicle_horn/vehicle_horn_0265.wav,vehicle_horn,Vehicle Horn,3.0,16000,1,PCM_16,96044,WAV,outdoor/roadside,digital microphone / synthetic,5-30m,original,train,2026-09-27 12:06:14,f97cbbec5696e9bd2f635b017114d428a9ba6d17f2256eb876d5b5ba85b42057,low,False
SS-02966,vehicle_horn_0266.wav,audio data/vehicle_horn/vehicle_horn_0266.wav,vehicle_horn,Vehicle Horn,3.0,16000,1,PCM_16,96044,WAV,outdoor/roadside,digital microphone / synthetic,5-30m,original,train,2026-09-27 12:06:14,8669f9d11270fcaca8c405bc0026fe3aba72cf202150531a667883828d847d11,low,False
SS-02967,vehicle_horn_0267.wav,audio data/vehicle_horn/vehicle_horn_0267.wav,vehicle_horn,Vehicle Horn,3.0,16000,1,PCM_16,96044,WAV,outdoor/roadside,digital microphone / synthetic,5-30m,original,train,2026-09-27 12:06:14,88cd384c827b2f1ee143072127118058ee6643973eef8c839c6519d054fe5fe7,low,False
SS-02968,vehicle_horn_0268.wav,audio data/vehicle_horn/vehicle_horn_0268.wav,vehicle_horn,Vehicle Horn,3.0,16000,1,PCM_16,96044,WAV,outdoor/roadside,digital microphone / synthetic,5-30m,original,train,2026-09-27 12:06:14,c2133e32084517811db8a26c895e7a63011b5e9120d45305bfdbb683b95f5ac1,low,False
SS-02969,vehicle_horn_0269.wav,audio data/vehicle_horn/vehicle_horn_0269.wav,vehicle_horn,Vehicle Horn,3.0,16000,1,PCM_16,96044,WAV,outdoor/roadside,digital microphone / synthetic,5-30m,original,train,2026-09-27 12:06:14,b0de8be898b87dcefd5a5265b2cada74fb3ed816ce153a07a94f38e83a464477,low,False
SS-02970,vehicle_horn_0270.wav,audio data/vehicle_horn/vehicle_horn_0270.wav,vehicle_horn,Vehicle Horn,3.0,16000,1,PCM_16,96044,WAV,outdoor/roadside,digital microphone / synthetic,5-30m,original,test,2026-09-27 12:06:14,4bb96459b5919919c28760d4f23d71c39768a47e468ba27399a9feaa77aef378,low,False
SS-02971,vehicle_horn_0271.wav,audio data/vehicle_horn/vehicle_horn_0271.wav,vehicle_horn,Vehicle Horn,3.0,16000,1,PCM_16,96044,WAV,outdoor/roadside,digital microphone / synthetic,5-30m,original,train,2026-09-27 12:06:14,e57e75c81e474a808470616a0b81f25045e1ac6d3410ed8b9e956cb59bc736c4,low,False
SS-02972,vehicle_horn_0272.wav,audio data/vehicle_horn/vehicle_horn_0272.wav,vehicle_horn,Vehicle Horn,3.0,16000,1,PCM_16,96044,WAV,outdoor/roadside,digital microphone / synthetic,5-30m,original,train,2026-09-27 12:06:14,54eedf93ae8aec6f239311d4e0ded91d84b58efd8dbcc3a7e4daf506e8cf6293,low,False
SS-02973,vehicle_horn_0273.wav,audio data/vehicle_horn/vehicle_horn_0273.wav,vehicle_horn,Vehicle Horn,3.0,16000,1,PCM_16,96044,WAV,outdoor/roadside,digital microphone / synthetic,5-30m,original,test,2026-09-27 12:06:14,f43b416a6f6b7c5dc4f72a614df625515afe75c9eb480df101faec8551731b1e,low,False
SS-02974,vehicle_horn_0274.wav,audio data/vehicle_horn/vehicle_horn_0274.wav,vehicle_horn,Vehicle Horn,3.0,16000,1,PCM_16,96044,WAV,outdoor/roadside,digital microphone / synthetic,5-30m,original,train,2026-09-27 12:06:14,7f1c03a029ba095b887ff397422f73ca914b779dcf31c6f448527846b4c754f4,low,False
SS-02975,vehicle_horn_0275.wav,audio data/vehicle_horn/vehicle_horn_0275.wav,vehicle_horn,Vehicle Horn,3.0,16000,1,PCM_16,96044,WAV,outdoor/roadside,digital microphone / synthetic,5-30m,original,train,2026-09-27 12:06:14,917841f64e04cc028b3b60aa65d549d31ebd8e326baa0bf8ee23b6d27d6a859d,low,False
SS-02976,vehicle_horn_0276.wav,audio data/vehicle_horn/vehicle_horn_0276.wav,vehicle_horn,Vehicle Horn,3.0,16000,1,PCM_16,96044,WAV,outdoor/roadside,digital microphone / synthetic,5-30m,original,validation,2026-09-27 12:06:14,fde997de8841db452b1e1cd00ed220fc1410bddc328ccc4f92b6dd30bfa44409,low,False
SS-02977,vehicle_horn_0277.wav,audio data/vehicle_horn/vehicle_horn_0277.wav,vehicle_horn,Vehicle Horn,3.0,16000,1,PCM_16,96044,WAV,outdoor/roadside,digital microphone / synthetic,5-30m,original,train,2026-09-27 12:06:14,2cae9ca0612f8a77e709a466f5a807ae8ecb96c919057a5fbfb8a64c9f7c305d,low,False
SS-02978,vehicle_horn_0278.wav,audio data/vehicle_horn/vehicle_horn_0278.wav,vehicle_horn,Vehicle Horn,3.0,16000,1,PCM_16,96044,WAV,outdoor/roadside,digital microphone / synthetic,5-30m,original,train,2026-09-27 12:06:14,d4a1e3408c1b1a7af2e7a72abca2c5e669962f9e8dffb00860ac990f596b777e,low,False
SS-02979,vehicle_horn_0279.wav,audio data/vehicle_horn/vehicle_horn_0279.wav,vehicle_horn,Vehicle Horn,3.0,16000,1,PCM_16,96044,WAV,outdoor/roadside,digital microphone / synthetic,5-30m,original,test,2026-09-27 12:06:14,a464377b6cd514d7662f53dc74537888761e7e524cd2f2cb2cf41278e867dab4,low,False
SS-02980,vehicle_horn_0280.wav,audio data/vehicle_horn/vehicle_horn_0280.wav,vehicle_horn,Vehicle Horn,3.0,16000,1,PCM_16,96044,WAV,outdoor/roadside,digital microphone / synthetic,5-30m,original,validation,2026-09-27 12:06:14,ef57a851f7cc692db777db49418a24aaab92759346acbe8e30376748a62f094f,low,False
SS-02981,vehicle_horn_0281.wav,audio data/vehicle_horn/vehicle_horn_0281.wav,vehicle_horn,Vehicle Horn,3.0,16000,1,PCM_16,96044,WAV,outdoor/roadside,digital microphone / synthetic,5-30m,original,train,2026-09-27 12:06:14,0942fa6628d77e7f26a93be3f814d0a495b2ceef242b8177684bd10d33fb2df1,low,False
SS-02982,vehicle_horn_0282.wav,audio data/vehicle_horn/vehicle_horn_0282.wav,vehicle_horn,Vehicle Horn,3.0,16000,1,PCM_16,96044,WAV,outdoor/roadside,digital microphone / synthetic,5-30m,original,train,2026-09-27 12:06:14,04846e729defe54f798bc0bbf4a21c283a0f636733486fafe25fe6e582a8078b,low,False
SS-02983,vehicle_horn_0283.wav,audio data/vehicle_horn/vehicle_horn_0283.wav,vehicle_horn,Vehicle Horn,3.0,16000,1,PCM_16,96044,WAV,outdoor/roadside,digital microphone / synthetic,5-30m,original,train,2026-09-27 12:06:14,94de6737a2c58db50f68c5aace94d8327993586f175f4c8366d337ca76f0d440,low,False
SS-02984,vehicle_horn_0284.wav,audio data/vehicle_horn/vehicle_horn_0284.wav,vehicle_horn,Vehicle Horn,3.0,16000,1,PCM_16,96044,WAV,outdoor/roadside,digital microphone / synthetic,5-30m,original,train,2026-09-27 12:06:14,01687e54145c067d6b6d3e81043ab701c21bb3c79b184d92eb4bbec439293f79,low,False
SS-02985,vehicle_horn_0285.wav,audio data/vehicle_horn/vehicle_horn_0285.wav,vehicle_horn,Vehicle Horn,3.0,16000,1,PCM_16,96044,WAV,outdoor/roadside,digital microphone / synthetic,5-30m,original,validation,2026-09-27 12:06:14,66195e617d53791878a7b36dd4b3d60538d984a83abc6fada7a84f79be1be9d3,low,False
SS-02986,vehicle_horn_0286.wav,audio data/vehicle_horn/vehicle_horn_0286.wav,vehicle_horn,Vehicle Horn,3.0,16000,1,PCM_16,96044,WAV,outdoor/roadside,digital microphone / synthetic,5-30m,original,validation,2026-09-27 12:06:14,4f45719da8c40158f11637fc58e01b243bf1343c22415dc405b18514d3522362,low,False
SS-02987,vehicle_horn_0287.wav,audio data/vehicle_horn/vehicle_horn_0287.wav,vehicle_horn,Vehicle Horn,3.0,16000,1,PCM_16,96044,WAV,outdoor/roadside,digital microphone / synthetic,5-30m,original,train,2026-09-27 12:06:14,0d385d3eb68c11137f76ea1c0470017357a387a37b3742e758db16836108ef34,low,False
SS-02988,vehicle_horn_0288.wav,audio data/vehicle_horn/vehicle_horn_0288.wav,vehicle_horn,Vehicle Horn,3.0,16000,1,PCM_16,96044,WAV,outdoor/roadside,digital microphone / synthetic,5-30m,original,train,2026-09-27 12:06:14,5238593c978d7acbb3c49a75ee771203c20ed26e307d8b0f2950c8bde9648fad,low,False
SS-02989,vehicle_horn_0289.wav,audio data/vehicle_horn/vehicle_horn_0289.wav,vehicle_horn,Vehicle Horn,3.0,16000,1,PCM_16,96044,WAV,outdoor/roadside,digital microphone / synthetic,5-30m,original,train,2026-09-27 12:06:14,f87afa0e0e51968c27b795bd616a31f6c2700f46e2910f3d40bc82cee463dbc1,low,False
SS-02990,vehicle_horn_0290.wav,audio data/vehicle_horn/vehicle_horn_0290.wav,vehicle_horn,Vehicle Horn,3.0,16000,1,PCM_16,96044,WAV,outdoor/roadside,digital microphone / synthetic,5-30m,original,train,2026-09-27 12:06:14,d6ce67a7226c7c9cbc65f8344e8eea11f8b3b0cd6887136af6543cee8d985bb8,low,False
SS-02991,vehicle_horn_0291.wav,audio data/vehicle_horn/vehicle_horn_0291.wav,vehicle_horn,Vehicle Horn,3.0,16000,1,PCM_16,96044,WAV,outdoor/roadside,digital microphone / synthetic,5-30m,original,validation,2026-09-27 12:06:14,c009c82c50851696d9fe066ae7963200f4121f8c88f83058586b14420438daf3,low,False
SS-02992,vehicle_horn_0292.wav,audio data/vehicle_horn/vehicle_horn_0292.wav,vehicle_horn,Vehicle Horn,3.0,16000,1,PCM_16,96044,WAV,outdoor/roadside,digital microphone / synthetic,5-30m,original,train,2026-09-27 12:06:14,ced61bdc058633038b54e992dad3160e89046aae6e027077467dd2420c1a2890,low,False
SS-02993,vehicle_horn_0293.wav,audio data/vehicle_horn/vehicle_horn_0293.wav,vehicle_horn,Vehicle Horn,3.0,16000,1,PCM_16,96044,WAV,outdoor/roadside,digital microphone / synthetic,5-30m,original,train,2026-09-27 12:06:14,a9532c3d2935db5835d67d7db287762a9f022708ed7f782b64d25c9ca6942bc2,low,False
SS-02994,vehicle_horn_0294.wav,audio data/vehicle_horn/vehicle_horn_0294.wav,vehicle_horn,Vehicle Horn,3.0,16000,1,PCM_16,96044,WAV,outdoor/roadside,digital microphone / synthetic,5-30m,original,train,2026-09-27 12:06:14,1f0d43c394c02a39879dcd195cd80476bcb6f2ea39168210c2ce8b7d670460a9,low,False
SS-02995,vehicle_horn_0295.wav,audio data/vehicle_horn/vehicle_horn_0295.wav,vehicle_horn,Vehicle Horn,3.0,16000,1,PCM_16,96044,WAV,outdoor/roadside,digital microphone / synthetic,5-30m,original,validation,2026-09-27 12:06:14,0cc696be82568faf4e10731ebf2ac9b9e5873fd21b2d96e1d748e4aceb5dc72f,low,False
SS-02996,vehicle_horn_0296.wav,audio data/vehicle_horn/vehicle_horn_0296.wav,vehicle_horn,Vehicle Horn,3.0,16000,1,PCM_16,96044,WAV,outdoor/roadside,digital microphone / synthetic,5-30m,original,train,2026-09-27 12:06:14,d051ba299e8cad8731c0501f0785f09a319a87337decc9b41482049abdb7e118,low,False
SS-02997,vehicle_horn_0297.wav,audio data/vehicle_horn/vehicle_horn_0297.wav,vehicle_horn,Vehicle Horn,3.0,16000,1,PCM_16,96044,WAV,outdoor/roadside,digital microphone / synthetic,5-30m,original,train,2026-09-27 12:06:14,fe61db97109ab5ad656e31f3acc62f3ca38676b9b145d30bda84216688d341e9,low,False
SS-02998,vehicle_horn_0298.wav,audio data/vehicle_horn/vehicle_horn_0298.wav,vehicle_horn,Vehicle Horn,3.0,16000,1,PCM_16,96044,WAV,outdoor/roadside,digital microphone / synthetic,5-30m,original,train,2026-09-27 12:06:14,5148e25bded914b4288b241fe6c25540b5fb6d40fe1846d47111ccef795cc546,low,False
SS-02999,vehicle_horn_0299.wav,audio data/vehicle_horn/vehicle_horn_0299.wav,vehicle_horn,Vehicle Horn,3.0,16000,1,PCM_16,96044,WAV,outdoor/roadside,digital microphone / synthetic,5-30m,original,train,2026-09-27 12:06:14,1606d7224713d5a9b2f97a2a160a20853ca5e54b4cfbdd6056483afcf351d200,low,False
SS-03000,vehicle_horn_0300.wav,audio data/vehicle_horn/vehicle_horn_0300.wav,vehicle_horn,Vehicle Horn,3.0,16000,1,PCM_16,96044,WAV,outdoor/roadside,digital microphone / synthetic,5-30m,original,train,2026-09-27 12:06:14,8079cb7a32d1dfa083c52e4f2496ae0596bde7751d27e0b043000e709941bcc6,low,False
